id,operation,admin0Name,admin0Pcode,admin1Name,admin1Pcode,admin2Name,admin2Pcode,adminLevel,numPresentIdpInd,reportingDate,yearReportingDate,monthReportingDate,roundNumber,displacementReason,numberMales,numberFemales,idpOriginAdmin1Name,idpOriginAdmin1Pcode,assessmentType,operationStatus
,Countrywide monitoring,Ethiopia,ETH,,,,,0,7823,2017-12-31T00:00:00,2017,12,8,Conflict,4088,3735,Afar,ET02,SA,Active
,Countrywide monitoring,Ethiopia,ETH,,,,,0,21668,2017-12-31T00:00:00,2017,12,8,Conflict,11490,10178,Amhara,ET03,SA,Active
,Countrywide monitoring,Ethiopia,ETH,,,,,0,15420,2017-12-31T00:00:00,2017,12,8,Conflict,7046,8374,Gambela,ET12,SA,Active
,Countrywide monitoring,Ethiopia,ETH,,,,,0,772924,2017-12-31T00:00:00,2017,12,8,Conflict,375655,397269,Oromia,ET04,SA,Active
,Countrywide monitoring,Ethiopia,ETH,,,,,0,308300,2017-12-31T00:00:00,2017,12,8,Conflict,152469,155831,Somali,ET05,SA,Active
,Countrywide monitoring,Ethiopia,ETH,,,,,0,6984,2017-12-31T00:00:00,2017,12,8,Conflict,3170,3814,Tigray,ET01,SA,Active
,Countrywide monitoring,Ethiopia,ETH,,,,,0,4406,2017-12-31T00:00:00,2017,12,8,Economic reasons,2253,2153,Oromia,ET04,SA,Active
,Countrywide monitoring,Ethiopia,ETH,,,,,0,1455,2017-12-31T00:00:00,2017,12,8,Economic reasons,730,725,Somali,ET05,SA,Active
,Countrywide monitoring,Ethiopia,ETH,,,,,0,49713,2017-12-31T00:00:00,2017,12,8,Natural disaster,24791,24922,Afar,ET02,SA,Active
,Countrywide monitoring,Ethiopia,ETH,,,,,0,3451,2017-12-31T00:00:00,2017,12,8,Natural disaster,1590,1861,Amhara,ET03,SA,Active
,Countrywide monitoring,Ethiopia,ETH,,,,,0,6150,2017-12-31T00:00:00,2017,12,8,Natural disaster,3130,3020,Gambela,ET12,SA,Active
,Countrywide monitoring,Ethiopia,ETH,,,,,0,143991,2017-12-31T00:00:00,2017,12,8,Natural disaster,71677,72314,Oromia,ET04,SA,Active
,Countrywide monitoring,Ethiopia,ETH,,,,,0,346025,2017-12-31T00:00:00,2017,12,8,Natural disaster,166910,179115,Somali,ET05,SA,Active
,Countrywide monitoring,Ethiopia,ETH,,,,,0,1481,2017-12-31T00:00:00,2017,12,8,Natural disaster,829,652,Tigray,ET01,SA,Active
,Countrywide monitoring,Ethiopia,ETH,,,,,0,6354,2017-12-31T00:00:00,2017,12,8,Other reason,3066,3288,Oromia,ET04,SA,Active
,Countrywide monitoring,Ethiopia,ETH,,,,,0,897,2018-02-28T00:00:00,2018,2,9,Conflict,583,314,Not available,Not available,SA,Active
,Countrywide monitoring,Ethiopia,ETH,,,,,0,2304,2018-02-28T00:00:00,2018,2,9,Conflict,1211,1093,Afar,ET02,SA,Active
,Countrywide monitoring,Ethiopia,ETH,,,,,0,24265,2018-02-28T00:00:00,2018,2,9,Conflict,13081,11184,Amhara,ET03,SA,Active
,Countrywide monitoring,Ethiopia,ETH,,,,,0,20234,2018-02-28T00:00:00,2018,2,9,Conflict,10188,10046,Gambela,ET12,SA,Active
,Countrywide monitoring,Ethiopia,ETH,,,,,0,818885,2018-02-28T00:00:00,2018,2,9,Conflict,401622,417263,Oromia,ET04,SA,Active
,Countrywide monitoring,Ethiopia,ETH,,,,,0,344285,2018-02-28T00:00:00,2018,2,9,Conflict,169065,175220,Somali,ET05,SA,Active
,Countrywide monitoring,Ethiopia,ETH,,,,,0,6986,2018-02-28T00:00:00,2018,2,9,Conflict,3170,3816,Tigray,ET01,SA,Active
,Countrywide monitoring,Ethiopia,ETH,,,,,0,5688,2018-02-28T00:00:00,2018,2,9,Natural disaster,2832,2856,Not available,Not available,SA,Active
,Countrywide monitoring,Ethiopia,ETH,,,,,0,43033,2018-02-28T00:00:00,2018,2,9,Natural disaster,21427,21606,Afar,ET02,SA,Active
,Countrywide monitoring,Ethiopia,ETH,,,,,0,2993,2018-02-28T00:00:00,2018,2,9,Natural disaster,1507,1486,Amhara,ET03,SA,Active
,Countrywide monitoring,Ethiopia,ETH,,,,,0,2675,2018-02-28T00:00:00,2018,2,9,Natural disaster,1418,1257,Gambela,ET12,SA,Active
,Countrywide monitoring,Ethiopia,ETH,,,,,0,92110,2018-02-28T00:00:00,2018,2,9,Natural disaster,45828,46282,Oromia,ET04,SA,Active
,Countrywide monitoring,Ethiopia,ETH,,,,,0,344498,2018-02-28T00:00:00,2018,2,9,Natural disaster,171456,173042,Somali,ET05,SA,Active
,Countrywide monitoring,Ethiopia,ETH,,,,,0,1168,2018-02-28T00:00:00,2018,2,9,Natural disaster,673,495,Tigray,ET01,SA,Active
,Countrywide monitoring,Ethiopia,ETH,,,,,0,5682,2018-02-28T00:00:00,2018,2,9,Other reason,2911,2771,Afar,ET02,SA,Active
,Countrywide monitoring,Ethiopia,ETH,,,,,0,106,2018-02-28T00:00:00,2018,2,9,Other reason,46,60,Amhara,ET03,SA,Active
,Countrywide monitoring,Ethiopia,ETH,,,,,0,25345,2018-02-28T00:00:00,2018,2,9,Other reason,12478,12867,Oromia,ET04,SA,Active
,Countrywide monitoring,Ethiopia,ETH,,,,,0,1307,2018-02-28T00:00:00,2018,2,9,Other reason,666,641,Somali,ET05,SA,Active
,Countrywide monitoring,Ethiopia,ETH,,,,,0,2671,2018-04-30T00:00:00,2018,4,10,Conflict,1431,1240,Afar,ET02,SA,Active
,Countrywide monitoring,Ethiopia,ETH,,,,,0,18686,2018-04-30T00:00:00,2018,4,10,Conflict,10565,8121,Amhara,ET03,SA,Active
,Countrywide monitoring,Ethiopia,ETH,,,,,0,1596,2018-04-30T00:00:00,2018,4,10,Conflict,824,772,Benishangul-Gumuz,ET06,SA,Active
,Countrywide monitoring,Ethiopia,ETH,,,,,0,12277,2018-04-30T00:00:00,2018,4,10,Conflict,6012,6265,Gambela,ET12,SA,Active
,Countrywide monitoring,Ethiopia,ETH,,,,,0,705475,2018-04-30T00:00:00,2018,4,10,Conflict,340830,364645,Oromia,ET04,SA,Active
,Countrywide monitoring,Ethiopia,ETH,,,,,0,326010,2018-04-30T00:00:00,2018,4,10,Conflict,159885,166125,Somali,ET05,SA,Active
,Countrywide monitoring,Ethiopia,ETH,,,,,0,7049,2018-04-30T00:00:00,2018,4,10,Conflict,3170,3879,Tigray,ET01,SA,Active
,Countrywide monitoring,Ethiopia,ETH,,,,,0,4224,2018-04-30T00:00:00,2018,4,10,Natural disaster,2352,1872,Not available,Not available,SA,Active
,Countrywide monitoring,Ethiopia,ETH,,,,,0,46686,2018-04-30T00:00:00,2018,4,10,Natural disaster,23417,23269,Afar,ET02,SA,Active
,Countrywide monitoring,Ethiopia,ETH,,,,,0,1803,2018-04-30T00:00:00,2018,4,10,Natural disaster,865,938,Amhara,ET03,SA,Active
,Countrywide monitoring,Ethiopia,ETH,,,,,0,94972,2018-04-30T00:00:00,2018,4,10,Natural disaster,46414,48558,Oromia,ET04,SA,Active
,Countrywide monitoring,Ethiopia,ETH,,,,,0,339307,2018-04-30T00:00:00,2018,4,10,Natural disaster,170464,168843,Somali,ET05,SA,Active
,Countrywide monitoring,Ethiopia,ETH,,,,,0,1461,2018-04-30T00:00:00,2018,4,10,Natural disaster,821,640,Tigray,ET01,SA,Active
,Countrywide monitoring,Ethiopia,ETH,,,,,0,5682,2018-04-30T00:00:00,2018,4,10,Other reason,2890,2792,Afar,ET02,SA,Active
,Countrywide monitoring,Ethiopia,ETH,,,,,0,106,2018-04-30T00:00:00,2018,4,10,Other reason,46,60,Amhara,ET03,SA,Active
,Countrywide monitoring,Ethiopia,ETH,,,,,0,17347,2018-04-30T00:00:00,2018,4,10,Other reason,8308,9039,Oromia,ET04,SA,Active
,Countrywide monitoring,Ethiopia,ETH,,,,,0,28084,2018-04-30T00:00:00,2018,4,10,Other reason,13475,14609,Somali,ET05,SA,Active
,Countrywide monitoring,Ethiopia,ETH,,,,,0,19604,2018-06-30T00:00:00,2018,6,11,Conflict,10319,9285,Not available,Not available,SA,Active
,Countrywide monitoring,Ethiopia,ETH,,,,,0,2185,2018-06-30T00:00:00,2018,6,11,Conflict,1132,1053,Afar,ET02,SA,Active
,Countrywide monitoring,Ethiopia,ETH,,,,,0,19020,2018-06-30T00:00:00,2018,6,11,Conflict,10826,8194,Amhara,ET03,SA,Active
,Countrywide monitoring,Ethiopia,ETH,,,,,0,954,2018-06-30T00:00:00,2018,6,11,Conflict,479,475,Benishangul-Gumuz,ET06,SA,Active
,Countrywide monitoring,Ethiopia,ETH,,,,,0,13477,2018-06-30T00:00:00,2018,6,11,Conflict,6390,7087,Gambela,ET12,SA,Active
,Countrywide monitoring,Ethiopia,ETH,,,,,0,700941,2018-06-30T00:00:00,2018,6,11,Conflict,338742,362199,Oromia,ET04,SA,Active
,Countrywide monitoring,Ethiopia,ETH,,,,,0,441366,2018-06-30T00:00:00,2018,6,11,Conflict,211660,229706,Somali,ET05,SA,Active
,Countrywide monitoring,Ethiopia,ETH,,,,,0,7030,2018-06-30T00:00:00,2018,6,11,Conflict,3150,3880,Tigray,ET01,SA,Active
,Countrywide monitoring,Ethiopia,ETH,,,,,0,488,2018-06-30T00:00:00,2018,6,11,Economic reasons,240,248,Somali,ET05,SA,Active
,Countrywide monitoring,Ethiopia,ETH,,,,,0,4224,2018-06-30T00:00:00,2018,6,11,Natural disaster,2352,1872,Not available,Not available,SA,Active
,Countrywide monitoring,Ethiopia,ETH,,,,,0,43795,2018-06-30T00:00:00,2018,6,11,Natural disaster,22025,21770,Afar,ET02,SA,Active
,Countrywide monitoring,Ethiopia,ETH,,,,,0,1593,2018-06-30T00:00:00,2018,6,11,Natural disaster,735,858,Amhara,ET03,SA,Active
,Countrywide monitoring,Ethiopia,ETH,,,,,0,111629,2018-06-30T00:00:00,2018,6,11,Natural disaster,54829,56800,Oromia,ET04,SA,Active
,Countrywide monitoring,Ethiopia,ETH,,,,,0,373982,2018-06-30T00:00:00,2018,6,11,Natural disaster,187325,186657,Somali,ET05,SA,Active
,Countrywide monitoring,Ethiopia,ETH,,,,,0,1461,2018-06-30T00:00:00,2018,6,11,Natural disaster,821,640,Tigray,ET01,SA,Active
,Countrywide monitoring,Ethiopia,ETH,,,,,0,5598,2018-06-30T00:00:00,2018,6,11,Other reason,2824,2774,Afar,ET02,SA,Active
,Countrywide monitoring,Ethiopia,ETH,,,,,0,120,2018-06-30T00:00:00,2018,6,11,Other reason,48,72,Amhara,ET03,SA,Active
,Countrywide monitoring,Ethiopia,ETH,,,,,0,14687,2018-06-30T00:00:00,2018,6,11,Other reason,7415,7272,Oromia,ET04,SA,Active
,Countrywide monitoring,Ethiopia,ETH,,,,,0,14531,2018-06-30T00:00:00,2018,6,11,Other reason,6976,7555,Somali,ET05,SA,Active
,Countrywide monitoring,Ethiopia,ETH,,,,,0,51198,2018-08-30T00:00:00,2018,8,12,Conflict,26060,25138,Not available,Not available,SA,Active
,Countrywide monitoring,Ethiopia,ETH,,,,,0,2832,2018-08-30T00:00:00,2018,8,12,Conflict,1537,1295,Afar,ET02,SA,Active
,Countrywide monitoring,Ethiopia,ETH,,,,,0,19946,2018-08-30T00:00:00,2018,8,12,Conflict,11500,8446,Amhara,ET03,SA,Active
,Countrywide monitoring,Ethiopia,ETH,,,,,0,766,2018-08-30T00:00:00,2018,8,12,Conflict,371,395,Benishangul-Gumuz,ET06,SA,Active
,Countrywide monitoring,Ethiopia,ETH,,,,,0,12600,2018-08-30T00:00:00,2018,8,12,Conflict,6216,6384,Central Ethiopia,ET07,SA,Active
,Countrywide monitoring,Ethiopia,ETH,,,,,0,12735,2018-08-30T00:00:00,2018,8,12,Conflict,6359,6376,Gambela,ET12,SA,Active
,Countrywide monitoring,Ethiopia,ETH,,,,,0,714210,2018-08-30T00:00:00,2018,8,12,Conflict,341756,372454,Oromia,ET04,SA,Active
,Countrywide monitoring,Ethiopia,ETH,,,,,0,632131,2018-08-30T00:00:00,2018,8,12,Conflict,299834,332297,Somali,ET05,SA,Active
,Countrywide monitoring,Ethiopia,ETH,,,,,0,7002,2018-08-30T00:00:00,2018,8,12,Conflict,3180,3822,Tigray,ET01,SA,Active
,Countrywide monitoring,Ethiopia,ETH,,,,,0,4224,2018-08-30T00:00:00,2018,8,12,Natural disaster,2352,1872,Not available,Not available,SA,Active
,Countrywide monitoring,Ethiopia,ETH,,,,,0,43791,2018-08-30T00:00:00,2018,8,12,Natural disaster,22101,21690,Afar,ET02,SA,Active
,Countrywide monitoring,Ethiopia,ETH,,,,,0,585,2018-08-30T00:00:00,2018,8,12,Natural disaster,292,293,Amhara,ET03,SA,Active
,Countrywide monitoring,Ethiopia,ETH,,,,,0,117150,2018-08-30T00:00:00,2018,8,12,Natural disaster,58515,58635,Oromia,ET04,SA,Active
,Countrywide monitoring,Ethiopia,ETH,,,,,0,374604,2018-08-30T00:00:00,2018,8,12,Natural disaster,184087,190517,Somali,ET05,SA,Active
,Countrywide monitoring,Ethiopia,ETH,,,,,0,1461,2018-08-30T00:00:00,2018,8,12,Natural disaster,821,640,Tigray,ET01,SA,Active
,Countrywide monitoring,Ethiopia,ETH,,,,,0,5682,2018-08-30T00:00:00,2018,8,12,Other reason,2821,2861,Afar,ET02,SA,Active
,Countrywide monitoring,Ethiopia,ETH,,,,,0,19238,2018-08-30T00:00:00,2018,8,12,Other reason,9705,9533,Oromia,ET04,SA,Active
,Countrywide monitoring,Ethiopia,ETH,,,,,0,15019,2018-08-30T00:00:00,2018,8,12,Other reason,7216,7803,Somali,ET05,SA,Active
,Countrywide monitoring,Ethiopia,ETH,,,,,0,4718,2018-10-30T00:00:00,2018,10,13,Conflict,2124,2594,Not available,Not available,SA,Active
,Countrywide monitoring,Ethiopia,ETH,,,,,0,2094,2018-10-30T00:00:00,2018,10,13,Conflict,1097,997,Afar,ET02,SA,Active
,Countrywide monitoring,Ethiopia,ETH,,,,,0,21698,2018-10-30T00:00:00,2018,10,13,Conflict,12817,8881,Amhara,ET03,SA,Active
,Countrywide monitoring,Ethiopia,ETH,,,,,0,3246,2018-10-30T00:00:00,2018,10,13,Conflict,1555,1691,Benishangul-Gumuz,ET06,SA,Active
,Countrywide monitoring,Ethiopia,ETH,,,,,0,2784,2018-10-30T00:00:00,2018,10,13,Conflict,1363,1421,Dire Dawa,ET15,SA,Active
,Countrywide monitoring,Ethiopia,ETH,,,,,0,16617,2018-10-30T00:00:00,2018,10,13,Conflict,8415,8202,Gambela,ET12,SA,Active
,Countrywide monitoring,Ethiopia,ETH,,,,,0,953145,2018-10-30T00:00:00,2018,10,13,Conflict,450635,502510,Oromia,ET04,SA,Active
,Countrywide monitoring,Ethiopia,ETH,,,,,0,482812,2018-10-30T00:00:00,2018,10,13,Conflict,232777,250035,Somali,ET05,SA,Active
,Countrywide monitoring,Ethiopia,ETH,,,,,0,7207,2018-10-30T00:00:00,2018,10,13,Conflict,3383,3824,Tigray,ET01,SA,Active
,Countrywide monitoring,Ethiopia,ETH,,,,,0,8864,2018-10-30T00:00:00,2018,10,13,Economic reasons,4432,4432,Oromia,ET04,SA,Active
,Countrywide monitoring,Ethiopia,ETH,,,,,0,664,2018-10-30T00:00:00,2018,10,13,Economic reasons,320,344,Somali,ET05,SA,Active
,Countrywide monitoring,Ethiopia,ETH,,,,,0,44596,2018-10-30T00:00:00,2018,10,13,Natural disaster,22690,21906,Afar,ET02,SA,Active
,Countrywide monitoring,Ethiopia,ETH,,,,,0,21329,2018-10-30T00:00:00,2018,10,13,Natural disaster,10552,10777,Amhara,ET03,SA,Active
,Countrywide monitoring,Ethiopia,ETH,,,,,0,4995,2018-10-30T00:00:00,2018,10,13,Natural disaster,2603,2392,Gambela,ET12,SA,Active
,Countrywide monitoring,Ethiopia,ETH,,,,,0,105088,2018-10-30T00:00:00,2018,10,13,Natural disaster,52024,53064,Oromia,ET04,SA,Active
,Countrywide monitoring,Ethiopia,ETH,,,,,0,378727,2018-10-30T00:00:00,2018,10,13,Natural disaster,189054,189673,Somali,ET05,SA,Active
,Countrywide monitoring,Ethiopia,ETH,,,,,0,1167,2018-10-30T00:00:00,2018,10,13,Natural disaster,673,494,Tigray,ET01,SA,Active
,Countrywide monitoring,Ethiopia,ETH,,,,,0,15527,2018-10-30T00:00:00,2018,10,13,Other reason,7779,7748,Oromia,ET04,SA,Active
,Countrywide monitoring,Ethiopia,ETH,,,,,0,6583,2018-12-31T00:00:00,2018,12,14,Conflict,3153,3430,Addis Ababa,ET14,SA,Active
,Countrywide monitoring,Ethiopia,ETH,,,,,0,1759,2018-12-31T00:00:00,2018,12,14,Conflict,937,822,Afar,ET02,SA,Active
,Countrywide monitoring,Ethiopia,ETH,,,,,0,25397,2018-12-31T00:00:00,2018,12,14,Conflict,14486,10911,Amhara,ET03,SA,Active
,Countrywide monitoring,Ethiopia,ETH,,,,,0,197973,2018-12-31T00:00:00,2018,12,14,Conflict,99863,98110,Benishangul-Gumuz,ET06,SA,Active
,Countrywide monitoring,Ethiopia,ETH,,,,,0,2755,2018-12-31T00:00:00,2018,12,14,Conflict,1305,1450,Dire Dawa,ET15,SA,Active
,Countrywide monitoring,Ethiopia,ETH,,,,,0,20943,2018-12-31T00:00:00,2018,12,14,Conflict,11164,9779,Gambela,ET12,SA,Active
,Countrywide monitoring,Ethiopia,ETH,,,,,0,81,2018-12-31T00:00:00,2018,12,14,Conflict,48,33,Harari,ET13,SA,Active
,Countrywide monitoring,Ethiopia,ETH,,,,,0,941545,2018-12-31T00:00:00,2018,12,14,Conflict,456217,485328,Oromia,ET04,SA,Active
,Countrywide monitoring,Ethiopia,ETH,,,,,0,591269,2018-12-31T00:00:00,2018,12,14,Conflict,281616,309653,Somali,ET05,SA,Active
,Countrywide monitoring,Ethiopia,ETH,,,,,0,7289,2018-12-31T00:00:00,2018,12,14,Conflict,3508,3781,Tigray,ET01,SA,Active
,Countrywide monitoring,Ethiopia,ETH,,,,,0,8700,2018-12-31T00:00:00,2018,12,14,Economic reasons,4350,4350,Oromia,ET04,SA,Active
,Countrywide monitoring,Ethiopia,ETH,,,,,0,479,2018-12-31T00:00:00,2018,12,14,Economic reasons,226,253,Somali,ET05,SA,Active
,Countrywide monitoring,Ethiopia,ETH,,,,,0,47202,2018-12-31T00:00:00,2018,12,14,Natural disaster,23798,23404,Afar,ET02,SA,Active
,Countrywide monitoring,Ethiopia,ETH,,,,,0,254,2018-12-31T00:00:00,2018,12,14,Natural disaster,131,123,Amhara,ET03,SA,Active
,Countrywide monitoring,Ethiopia,ETH,,,,,0,3746,2018-12-31T00:00:00,2018,12,14,Natural disaster,1980,1766,Gambela,ET12,SA,Active
,Countrywide monitoring,Ethiopia,ETH,,,,,0,121584,2018-12-31T00:00:00,2018,12,14,Natural disaster,59640,61944,Oromia,ET04,SA,Active
,Countrywide monitoring,Ethiopia,ETH,,,,,0,348112,2018-12-31T00:00:00,2018,12,14,Natural disaster,174975,173137,Somali,ET05,SA,Active
,Countrywide monitoring,Ethiopia,ETH,,,,,0,1168,2018-12-31T00:00:00,2018,12,14,Natural disaster,673,495,Tigray,ET01,SA,Active
,Countrywide monitoring,Ethiopia,ETH,,,,,0,6097,2018-12-31T00:00:00,2018,12,14,Other reason,2843,3254,Oromia,ET04,SA,Active
,Countrywide monitoring,Ethiopia,ETH,,,,,0,515515,2019-02-28T00:00:00,2019,2,15,Conflict,250660,264855,Not available,Not available,SA,Active
,Countrywide monitoring,Ethiopia,ETH,,,,,0,1987,2019-02-28T00:00:00,2019,2,15,Conflict,1036,951,Afar,ET02,SA,Active
,Countrywide monitoring,Ethiopia,ETH,,,,,0,4318,2019-02-28T00:00:00,2019,2,15,Conflict,2423,1895,Amhara,ET03,SA,Active
,Countrywide monitoring,Ethiopia,ETH,,,,,0,6505,2019-02-28T00:00:00,2019,2,15,Conflict,3247,3258,Benishangul-Gumuz,ET06,SA,Active
,Countrywide monitoring,Ethiopia,ETH,,,,,0,6065,2019-02-28T00:00:00,2019,2,15,Conflict,2911,3154,Dire Dawa,ET15,SA,Active
,Countrywide monitoring,Ethiopia,ETH,,,,,0,13566,2019-02-28T00:00:00,2019,2,15,Conflict,7089,6477,Gambela,ET12,SA,Active
,Countrywide monitoring,Ethiopia,ETH,,,,,0,834913,2019-02-28T00:00:00,2019,2,15,Conflict,405583,429330,Oromia,ET04,SA,Active
,Countrywide monitoring,Ethiopia,ETH,,,,,0,289406,2019-02-28T00:00:00,2019,2,15,Conflict,141949,147457,Somali,ET05,SA,Active
,Countrywide monitoring,Ethiopia,ETH,,,,,0,7563,2019-02-28T00:00:00,2019,2,15,Conflict,3669,3894,Tigray,ET01,SA,Active
,Countrywide monitoring,Ethiopia,ETH,,,,,0,10365,2019-02-28T00:00:00,2019,2,15,Economic reasons,5108,5257,Oromia,ET04,SA,Active
,Countrywide monitoring,Ethiopia,ETH,,,,,0,467,2019-02-28T00:00:00,2019,2,15,Economic reasons,219,248,Somali,ET05,SA,Active
,Countrywide monitoring,Ethiopia,ETH,,,,,0,30044,2019-02-28T00:00:00,2019,2,15,Natural disaster,14579,15465,Not available,Not available,SA,Active
,Countrywide monitoring,Ethiopia,ETH,,,,,0,45916,2019-02-28T00:00:00,2019,2,15,Natural disaster,23314,22602,Afar,ET02,SA,Active
,Countrywide monitoring,Ethiopia,ETH,,,,,0,261,2019-02-28T00:00:00,2019,2,15,Natural disaster,133,128,Amhara,ET03,SA,Active
,Countrywide monitoring,Ethiopia,ETH,,,,,0,3505,2019-02-28T00:00:00,2019,2,15,Natural disaster,1739,1766,Gambela,ET12,SA,Active
,Countrywide monitoring,Ethiopia,ETH,,,,,0,103285,2019-02-28T00:00:00,2019,2,15,Natural disaster,50553,52732,Oromia,ET04,SA,Active
,Countrywide monitoring,Ethiopia,ETH,,,,,0,346775,2019-02-28T00:00:00,2019,2,15,Natural disaster,171980,174795,Somali,ET05,SA,Active
,Countrywide monitoring,Ethiopia,ETH,,,,,0,1859,2019-02-28T00:00:00,2019,2,15,Natural disaster,939,920,Tigray,ET01,SA,Active
,Countrywide monitoring,Ethiopia,ETH,,,,,0,4794,2019-02-28T00:00:00,2019,2,15,Other reason,2398,2396,Oromia,ET04,SA,Active
,Countrywide monitoring,Ethiopia,ETH,,,,,0,1657211,2019-04-30T00:00:00,2019,4,16,Conflict,809620,847591,Not available,Not available,SA,Active
,Countrywide monitoring,Ethiopia,ETH,,,,,0,11279,2019-04-30T00:00:00,2019,4,16,Economic reasons,5561,5718,Not available,Not available,SA,Active
,Countrywide monitoring,Ethiopia,ETH,,,,,0,522313,2019-04-30T00:00:00,2019,4,16,Natural disaster,258795,263518,Not available,Not available,SA,Active
,Countrywide monitoring,Ethiopia,ETH,,,,,0,4143,2019-04-30T00:00:00,2019,4,16,Other reason,1922,2221,Not available,Not available,SA,Active
,Countrywide monitoring,Ethiopia,ETH,,,,,0,996,2019-06-30T00:00:00,2019,6,17,Conflict,535,461,Not available,Not available,SA,Active
,Countrywide monitoring,Ethiopia,ETH,,,,,0,3204,2019-06-30T00:00:00,2019,6,17,Conflict,1675,1529,Afar,ET02,SA,Active
,Countrywide monitoring,Ethiopia,ETH,,,,,0,118392,2019-06-30T00:00:00,2019,6,17,Conflict,59619,58773,Amhara,ET03,SA,Active
,Countrywide monitoring,Ethiopia,ETH,,,,,0,6584,2019-06-30T00:00:00,2019,6,17,Conflict,3044,3540,Benishangul-Gumuz,ET06,SA,Active
,Countrywide monitoring,Ethiopia,ETH,,,,,0,768,2019-06-30T00:00:00,2019,6,17,Conflict,387,381,Central Ethiopia,ET07,SA,Active
,Countrywide monitoring,Ethiopia,ETH,,,,,0,1536,2019-06-30T00:00:00,2019,6,17,Conflict,746,790,Dire Dawa,ET15,SA,Active
,Countrywide monitoring,Ethiopia,ETH,,,,,0,28383,2019-06-30T00:00:00,2019,6,17,Conflict,14835,13548,Gambela,ET12,SA,Active
,Countrywide monitoring,Ethiopia,ETH,,,,,0,889603,2019-06-30T00:00:00,2019,6,17,Conflict,440790,448813,Oromia,ET04,SA,Active
,Countrywide monitoring,Ethiopia,ETH,,,,,0,621457,2019-06-30T00:00:00,2019,6,17,Conflict,299473,321984,Somali,ET05,SA,Active
,Countrywide monitoring,Ethiopia,ETH,,,,,0,9594,2019-06-30T00:00:00,2019,6,17,Conflict,4507,5087,Tigray,ET01,SA,Active
,Countrywide monitoring,Ethiopia,ETH,,,,,0,10479,2019-06-30T00:00:00,2019,6,17,Economic reasons,5259,5220,Oromia,ET04,SA,Active
,Countrywide monitoring,Ethiopia,ETH,,,,,0,496,2019-06-30T00:00:00,2019,6,17,Economic reasons,240,256,Somali,ET05,SA,Active
,Countrywide monitoring,Ethiopia,ETH,,,,,0,53376,2019-06-30T00:00:00,2019,6,17,Natural disaster,27042,26334,Afar,ET02,SA,Active
,Countrywide monitoring,Ethiopia,ETH,,,,,0,95,2019-06-30T00:00:00,2019,6,17,Natural disaster,46,49,Amhara,ET03,SA,Active
,Countrywide monitoring,Ethiopia,ETH,,,,,0,2658,2019-06-30T00:00:00,2019,6,17,Natural disaster,1270,1388,Gambela,ET12,SA,Active
,Countrywide monitoring,Ethiopia,ETH,,,,,0,132885,2019-06-30T00:00:00,2019,6,17,Natural disaster,66475,66410,Oromia,ET04,SA,Active
,Countrywide monitoring,Ethiopia,ETH,,,,,0,349436,2019-06-30T00:00:00,2019,6,17,Natural disaster,172057,177379,Somali,ET05,SA,Active
,Countrywide monitoring,Ethiopia,ETH,,,,,0,5348,2019-06-30T00:00:00,2019,6,17,Other reason,2677,2671,Oromia,ET04,SA,Active
,Countrywide monitoring,Ethiopia,ETH,,,,,0,874,2019-08-30T00:00:00,2019,8,18,Conflict,462,412,Not available,Not available,SA,Active
,Countrywide monitoring,Ethiopia,ETH,,,,,0,4095,2019-08-30T00:00:00,2019,8,18,Conflict,2141,1954,Afar,ET02,SA,Active
,Countrywide monitoring,Ethiopia,ETH,,,,,0,79937,2019-08-30T00:00:00,2019,8,18,Conflict,42103,37834,Amhara,ET03,SA,Active
,Countrywide monitoring,Ethiopia,ETH,,,,,0,5098,2019-08-30T00:00:00,2019,8,18,Conflict,2480,2618,Benishangul-Gumuz,ET06,SA,Active
,Countrywide monitoring,Ethiopia,ETH,,,,,0,1510,2019-08-30T00:00:00,2019,8,18,Conflict,766,744,Central Ethiopia,ET07,SA,Active
,Countrywide monitoring,Ethiopia,ETH,,,,,0,18312,2019-08-30T00:00:00,2019,8,18,Conflict,9274,9038,Gambela,ET12,SA,Active
,Countrywide monitoring,Ethiopia,ETH,,,,,0,234,2019-08-30T00:00:00,2019,8,18,Conflict,117,117,Harari,ET13,SA,Active
,Countrywide monitoring,Ethiopia,ETH,,,,,0,614885,2019-08-30T00:00:00,2019,8,18,Conflict,309507,305378,Oromia,ET04,SA,Active
,Countrywide monitoring,Ethiopia,ETH,,,,,0,388027,2019-08-30T00:00:00,2019,8,18,Conflict,189835,198192,Somali,ET05,SA,Active
,Countrywide monitoring,Ethiopia,ETH,,,,,0,10940,2019-08-30T00:00:00,2019,8,18,Conflict,5011,5929,Tigray,ET01,SA,Active
,Countrywide monitoring,Ethiopia,ETH,,,,,0,6798,2019-08-30T00:00:00,2019,8,18,Economic reasons,3350,3448,Oromia,ET04,SA,Active
,Countrywide monitoring,Ethiopia,ETH,,,,,0,430,2019-08-30T00:00:00,2019,8,18,Economic reasons,193,237,Somali,ET05,SA,Active
,Countrywide monitoring,Ethiopia,ETH,,,,,0,47528,2019-08-30T00:00:00,2019,8,18,Natural disaster,24319,23209,Afar,ET02,SA,Active
,Countrywide monitoring,Ethiopia,ETH,,,,,0,95,2019-08-30T00:00:00,2019,8,18,Natural disaster,46,49,Amhara,ET03,SA,Active
,Countrywide monitoring,Ethiopia,ETH,,,,,0,1817,2019-08-30T00:00:00,2019,8,18,Natural disaster,989,828,Gambela,ET12,SA,Active
,Countrywide monitoring,Ethiopia,ETH,,,,,0,113623,2019-08-30T00:00:00,2019,8,18,Natural disaster,56407,57216,Oromia,ET04,SA,Active
,Countrywide monitoring,Ethiopia,ETH,,,,,0,342161,2019-08-30T00:00:00,2019,8,18,Natural disaster,169477,172684,Somali,ET05,SA,Active
,Countrywide monitoring,Ethiopia,ETH,,,,,0,6094,2019-08-30T00:00:00,2019,8,18,Other reason,2800,3294,Oromia,ET04,SA,Active
,Countrywide monitoring,Ethiopia,ETH,,,,,0,1004,2019-10-31T00:00:00,2019,10,19,Conflict,494,510,Not available,Not available,SA,Active
,Countrywide monitoring,Ethiopia,ETH,,,,,0,9488,2019-10-31T00:00:00,2019,10,19,Conflict,4772,4716,Afar,ET02,SA,Active
,Countrywide monitoring,Ethiopia,ETH,,,,,0,72963,2019-10-31T00:00:00,2019,10,19,Conflict,38450,34513,Amhara,ET03,SA,Active
,Countrywide monitoring,Ethiopia,ETH,,,,,0,3841,2019-10-31T00:00:00,2019,10,19,Conflict,1951,1890,Benishangul-Gumuz,ET06,SA,Active
,Countrywide monitoring,Ethiopia,ETH,,,,,0,1045,2019-10-31T00:00:00,2019,10,19,Conflict,518,527,Central Ethiopia,ET07,SA,Active
,Countrywide monitoring,Ethiopia,ETH,,,,,0,8714,2019-10-31T00:00:00,2019,10,19,Conflict,4353,4361,Gambela,ET12,SA,Active
,Countrywide monitoring,Ethiopia,ETH,,,,,0,608805,2019-10-31T00:00:00,2019,10,19,Conflict,306779,302026,Oromia,ET04,SA,Active
,Countrywide monitoring,Ethiopia,ETH,,,,,0,393617,2019-10-31T00:00:00,2019,10,19,Conflict,191467,202150,Somali,ET05,SA,Active
,Countrywide monitoring,Ethiopia,ETH,,,,,0,7369,2019-10-31T00:00:00,2019,10,19,Conflict,3607,3762,Tigray,ET01,SA,Active
,Countrywide monitoring,Ethiopia,ETH,,,,,0,6996,2019-10-31T00:00:00,2019,10,19,Economic reasons,3547,3449,Oromia,ET04,SA,Active
,Countrywide monitoring,Ethiopia,ETH,,,,,0,463,2019-10-31T00:00:00,2019,10,19,Economic reasons,237,226,Somali,ET05,SA,Active
,Countrywide monitoring,Ethiopia,ETH,,,,,0,51598,2019-10-31T00:00:00,2019,10,19,Natural disaster,26046,25552,Afar,ET02,SA,Active
,Countrywide monitoring,Ethiopia,ETH,,,,,0,129029,2019-10-31T00:00:00,2019,10,19,Natural disaster,63083,65946,Oromia,ET04,SA,Active
,Countrywide monitoring,Ethiopia,ETH,,,,,0,305566,2019-10-31T00:00:00,2019,10,19,Natural disaster,150408,155158,Somali,ET05,SA,Active
,Countrywide monitoring,Ethiopia,ETH,,,,,0,5588,2019-10-31T00:00:00,2019,10,19,Other reason,2570,3018,Oromia,ET04,SA,Active
,Countrywide monitoring,Ethiopia,ETH,,,,,0,594,2019-12-31T00:00:00,2019,12,20,Conflict,289,305,Not available,Not available,SA,Active
,Countrywide monitoring,Ethiopia,ETH,,,,,0,12940,2019-12-31T00:00:00,2019,12,20,Conflict,6291,6649,Afar,ET02,SA,Active
,Countrywide monitoring,Ethiopia,ETH,,,,,0,75732,2019-12-31T00:00:00,2019,12,20,Conflict,40757,34975,Amhara,ET03,SA,Active
,Countrywide monitoring,Ethiopia,ETH,,,,,0,33883,2019-12-31T00:00:00,2019,12,20,Conflict,16801,17082,Benishangul-Gumuz,ET06,SA,Active
,Countrywide monitoring,Ethiopia,ETH,,,,,0,1042,2019-12-31T00:00:00,2019,12,20,Conflict,519,523,Central Ethiopia,ET07,SA,Active
,Countrywide monitoring,Ethiopia,ETH,,,,,0,19968,2019-12-31T00:00:00,2019,12,20,Conflict,10037,9931,Gambela,ET12,SA,Active
,Countrywide monitoring,Ethiopia,ETH,,,,,0,377,2019-12-31T00:00:00,2019,12,20,Conflict,204,173,Harari,ET13,SA,Active
,Countrywide monitoring,Ethiopia,ETH,,,,,0,874090,2019-12-31T00:00:00,2019,12,20,Conflict,437099,436991,Oromia,ET04,SA,Active
,Countrywide monitoring,Ethiopia,ETH,,,,,0,151113,2019-12-31T00:00:00,2019,12,20,Conflict,77497,73616,Somali,ET05,SA,Active
,Countrywide monitoring,Ethiopia,ETH,,,,,0,7654,2019-12-31T00:00:00,2019,12,20,Conflict,3926,3728,Tigray,ET01,SA,Active
,Countrywide monitoring,Ethiopia,ETH,,,,,0,6985,2019-12-31T00:00:00,2019,12,20,Economic reasons,3326,3659,Oromia,ET04,SA,Active
,Countrywide monitoring,Ethiopia,ETH,,,,,0,498,2019-12-31T00:00:00,2019,12,20,Economic reasons,245,253,Somali,ET05,SA,Active
,Countrywide monitoring,Ethiopia,ETH,,,,,0,51865,2019-12-31T00:00:00,2019,12,20,Natural disaster,25970,25895,Afar,ET02,SA,Active
,Countrywide monitoring,Ethiopia,ETH,,,,,0,8370,2019-12-31T00:00:00,2019,12,20,Natural disaster,4117,4253,Gambela,ET12,SA,Active
,Countrywide monitoring,Ethiopia,ETH,,,,,0,234959,2019-12-31T00:00:00,2019,12,20,Natural disaster,116365,118594,Oromia,ET04,SA,Active
,Countrywide monitoring,Ethiopia,ETH,,,,,0,247551,2019-12-31T00:00:00,2019,12,20,Natural disaster,119287,128264,Somali,ET05,SA,Active
,Countrywide monitoring,Ethiopia,ETH,,,,,0,6007,2019-12-31T00:00:00,2019,12,20,Other reason,2745,3262,Oromia,ET04,SA,Active
,Countrywide monitoring,Ethiopia,ETH,,,,,0,946,2020-02-29T00:00:00,2020,2,21,Conflict,466,480,Not available,Not available,SA,Active
,Countrywide monitoring,Ethiopia,ETH,,,,,0,23485,2020-02-29T00:00:00,2020,2,21,Conflict,11192,12293,Afar,ET02,SA,Active
,Countrywide monitoring,Ethiopia,ETH,,,,,0,75835,2020-02-29T00:00:00,2020,2,21,Conflict,40296,35539,Amhara,ET03,SA,Active
,Countrywide monitoring,Ethiopia,ETH,,,,,0,57359,2020-02-29T00:00:00,2020,2,21,Conflict,29046,28313,Benishangul-Gumuz,ET06,SA,Active
,Countrywide monitoring,Ethiopia,ETH,,,,,0,756,2020-02-29T00:00:00,2020,2,21,Conflict,386,370,Central Ethiopia,ET07,SA,Active
,Countrywide monitoring,Ethiopia,ETH,,,,,0,32252,2020-02-29T00:00:00,2020,2,21,Conflict,16535,15717,Gambela,ET12,SA,Active
,Countrywide monitoring,Ethiopia,ETH,,,,,0,853427,2020-02-29T00:00:00,2020,2,21,Conflict,430064,423363,Oromia,ET04,SA,Active
,Countrywide monitoring,Ethiopia,ETH,,,,,0,172503,2020-02-29T00:00:00,2020,2,21,Conflict,86029,86474,Somali,ET05,SA,Active
,Countrywide monitoring,Ethiopia,ETH,,,,,0,7979,2020-02-29T00:00:00,2020,2,21,Conflict,3971,4008,Tigray,ET01,SA,Active
,Countrywide monitoring,Ethiopia,ETH,,,,,0,264,2020-02-29T00:00:00,2020,2,21,Economic reasons,140,124,Oromia,ET04,SA,Active
,Countrywide monitoring,Ethiopia,ETH,,,,,0,389,2020-02-29T00:00:00,2020,2,21,Economic reasons,197,192,Somali,ET05,SA,Active
,Countrywide monitoring,Ethiopia,ETH,,,,,0,48877,2020-02-29T00:00:00,2020,2,21,Natural disaster,24290,24587,Afar,ET02,SA,Active
,Countrywide monitoring,Ethiopia,ETH,,,,,0,3638,2020-02-29T00:00:00,2020,2,21,Natural disaster,1927,1711,Gambela,ET12,SA,Active
,Countrywide monitoring,Ethiopia,ETH,,,,,0,226976,2020-02-29T00:00:00,2020,2,21,Natural disaster,111342,115634,Oromia,ET04,SA,Active
,Countrywide monitoring,Ethiopia,ETH,,,,,0,225049,2020-02-29T00:00:00,2020,2,21,Natural disaster,110464,114585,Somali,ET05,SA,Active
,Countrywide monitoring,Ethiopia,ETH,,,,,0,5746,2020-02-29T00:00:00,2020,2,21,Other reason,2752,2994,Oromia,ET04,SA,Active
,Countrywide monitoring,Ethiopia,ETH,,,,,0,34392,2020-07-30T00:00:00,2020,7,22,Conflict,16969,17423,Not available,Not available,SA,Active
,Countrywide monitoring,Ethiopia,ETH,,,,,0,27181,2020-07-30T00:00:00,2020,7,22,Conflict,13777,13404,Afar,ET02,SA,Active
,Countrywide monitoring,Ethiopia,ETH,,,,,0,47300,2020-07-30T00:00:00,2020,7,22,Conflict,26549,20751,Amhara,ET03,SA,Active
,Countrywide monitoring,Ethiopia,ETH,,,,,0,32970,2020-07-30T00:00:00,2020,7,22,Conflict,16194,16776,Benishangul-Gumuz,ET06,SA,Active
,Countrywide monitoring,Ethiopia,ETH,,,,,0,26792,2020-07-30T00:00:00,2020,7,22,Conflict,14218,12574,Central Ethiopia,ET07,SA,Active
,Countrywide monitoring,Ethiopia,ETH,,,,,0,30403,2020-07-30T00:00:00,2020,7,22,Conflict,15612,14791,Gambela,ET12,SA,Active
,Countrywide monitoring,Ethiopia,ETH,,,,,0,706585,2020-07-30T00:00:00,2020,7,22,Conflict,351751,354834,Oromia,ET04,SA,Active
,Countrywide monitoring,Ethiopia,ETH,,,,,0,369351,2020-07-30T00:00:00,2020,7,22,Conflict,191675,177676,Somali,ET05,SA,Active
,Countrywide monitoring,Ethiopia,ETH,,,,,0,7961,2020-07-30T00:00:00,2020,7,22,Conflict,4047,3914,Tigray,ET01,SA,Active
,Countrywide monitoring,Ethiopia,ETH,,,,,0,181,2020-07-30T00:00:00,2020,7,22,Economic reasons,81,100,Oromia,ET04,SA,Active
,Countrywide monitoring,Ethiopia,ETH,,,,,0,461,2020-07-30T00:00:00,2020,7,22,Economic reasons,235,226,Somali,ET05,SA,Active
,Countrywide monitoring,Ethiopia,ETH,,,,,0,23973,2020-07-30T00:00:00,2020,7,22,Natural disaster,12683,11290,Not available,Not available,SA,Active
,Countrywide monitoring,Ethiopia,ETH,,,,,0,49186,2020-07-30T00:00:00,2020,7,22,Natural disaster,25213,23973,Afar,ET02,SA,Active
,Countrywide monitoring,Ethiopia,ETH,,,,,0,3015,2020-07-30T00:00:00,2020,7,22,Natural disaster,1559,1456,Central Ethiopia,ET07,SA,Active
,Countrywide monitoring,Ethiopia,ETH,,,,,0,3047,2020-07-30T00:00:00,2020,7,22,Natural disaster,1610,1437,Gambela,ET12,SA,Active
,Countrywide monitoring,Ethiopia,ETH,,,,,0,105029,2020-07-30T00:00:00,2020,7,22,Natural disaster,50537,54492,Oromia,ET04,SA,Active
,Countrywide monitoring,Ethiopia,ETH,,,,,0,347286,2020-07-30T00:00:00,2020,7,22,Natural disaster,168745,178541,Somali,ET05,SA,Active
,Countrywide monitoring,Ethiopia,ETH,,,,,0,5698,2020-07-30T00:00:00,2020,7,22,Other reason,2564,3134,Oromia,ET04,SA,Active
,Countrywide monitoring,Ethiopia,ETH,,,,,0,52858,2020-09-30T00:00:00,2020,9,23,Conflict,26403,26455,Not available,Not available,SA,Active
,Countrywide monitoring,Ethiopia,ETH,,,,,0,21352,2020-09-30T00:00:00,2020,9,23,Conflict,10844,10508,Afar,ET02,SA,Active
,Countrywide monitoring,Ethiopia,ETH,,,,,0,37851,2020-09-30T00:00:00,2020,9,23,Conflict,20666,17185,Amhara,ET03,SA,Active
,Countrywide monitoring,Ethiopia,ETH,,,,,0,51282,2020-09-30T00:00:00,2020,9,23,Conflict,25963,25319,Benishangul-Gumuz,ET06,SA,Active
,Countrywide monitoring,Ethiopia,ETH,,,,,0,81698,2020-09-30T00:00:00,2020,9,23,Conflict,45238,36460,Central Ethiopia,ET07,SA,Active
,Countrywide monitoring,Ethiopia,ETH,,,,,0,32606,2020-09-30T00:00:00,2020,9,23,Conflict,16209,16397,Gambela,ET12,SA,Active
,Countrywide monitoring,Ethiopia,ETH,,,,,0,789443,2020-09-30T00:00:00,2020,9,23,Conflict,395870,393573,Oromia,ET04,SA,Active
,Countrywide monitoring,Ethiopia,ETH,,,,,0,103673,2020-09-30T00:00:00,2020,9,23,Conflict,51375,52298,Somali,ET05,SA,Active
,Countrywide monitoring,Ethiopia,ETH,,,,,0,7830,2020-09-30T00:00:00,2020,9,23,Conflict,3952,3878,Tigray,ET01,SA,Active
,Countrywide monitoring,Ethiopia,ETH,,,,,0,219,2020-09-30T00:00:00,2020,9,23,Economic reasons,85,134,Oromia,ET04,SA,Active
,Countrywide monitoring,Ethiopia,ETH,,,,,0,471,2020-09-30T00:00:00,2020,9,23,Economic reasons,270,201,Somali,ET05,SA,Active
,Countrywide monitoring,Ethiopia,ETH,,,,,0,54911,2020-09-30T00:00:00,2020,9,23,Natural disaster,27616,27295,Not available,Not available,SA,Active
,Countrywide monitoring,Ethiopia,ETH,,,,,0,126699,2020-09-30T00:00:00,2020,9,23,Natural disaster,64052,62647,Afar,ET02,SA,Active
,Countrywide monitoring,Ethiopia,ETH,,,,,0,4577,2020-09-30T00:00:00,2020,9,23,Natural disaster,2296,2281,Amhara,ET03,SA,Active
,Countrywide monitoring,Ethiopia,ETH,,,,,0,12195,2020-09-30T00:00:00,2020,9,23,Natural disaster,6374,5821,Central Ethiopia,ET07,SA,Active
,Countrywide monitoring,Ethiopia,ETH,,,,,0,4113,2020-09-30T00:00:00,2020,9,23,Natural disaster,2120,1993,Gambela,ET12,SA,Active
,Countrywide monitoring,Ethiopia,ETH,,,,,0,168433,2020-09-30T00:00:00,2020,9,23,Natural disaster,85009,83424,Oromia,ET04,SA,Active
,Countrywide monitoring,Ethiopia,ETH,,,,,0,290590,2020-09-30T00:00:00,2020,9,23,Natural disaster,141029,149561,Somali,ET05,SA,Active
,Countrywide monitoring,Ethiopia,ETH,,,,,0,5750,2020-09-30T00:00:00,2020,9,23,Other reason,2672,3078,Oromia,ET04,SA,Active
,Countrywide monitoring,Ethiopia,ETH,,,,,0,131896,2021-01-30T00:00:00,2021,1,24,Conflict,68250,63646,Not available,Not available,SA,Active
,Countrywide monitoring,Ethiopia,ETH,,,,,0,60138,2021-01-30T00:00:00,2021,1,24,Conflict,31626,28512,Afar,ET02,SA,Active
,Countrywide monitoring,Ethiopia,ETH,,,,,0,7451,2021-01-30T00:00:00,2021,1,24,Conflict,3658,3793,Amhara,ET03,SA,Active
,Countrywide monitoring,Ethiopia,ETH,,,,,0,90548,2021-01-30T00:00:00,2021,1,24,Conflict,43159,47389,Benishangul-Gumuz,ET06,SA,Active
,Countrywide monitoring,Ethiopia,ETH,,,,,0,6473,2021-01-30T00:00:00,2021,1,24,Conflict,3172,3301,Central Ethiopia,ET07,SA,Active
,Countrywide monitoring,Ethiopia,ETH,,,,,0,37550,2021-01-30T00:00:00,2021,1,24,Conflict,19208,18342,Gambela,ET12,SA,Active
,Countrywide monitoring,Ethiopia,ETH,,,,,0,596656,2021-01-30T00:00:00,2021,1,24,Conflict,300899,295757,Oromia,ET04,SA,Active
,Countrywide monitoring,Ethiopia,ETH,,,,,0,369161,2021-01-30T00:00:00,2021,1,24,Conflict,192569,176592,Somali,ET05,SA,Active
,Countrywide monitoring,Ethiopia,ETH,,,,,0,665,2021-01-30T00:00:00,2021,1,24,Conflict,398,267,Tigray,ET01,SA,Active
,Countrywide monitoring,Ethiopia,ETH,,,,,0,153,2021-01-30T00:00:00,2021,1,24,Economic reasons,54,99,Oromia,ET04,SA,Active
,Countrywide monitoring,Ethiopia,ETH,,,,,0,390,2021-01-30T00:00:00,2021,1,24,Economic reasons,183,207,Somali,ET05,SA,Active
,Countrywide monitoring,Ethiopia,ETH,,,,,0,78575,2021-01-30T00:00:00,2021,1,24,Natural disaster,39820,38755,Not available,Not available,SA,Active
,Countrywide monitoring,Ethiopia,ETH,,,,,0,99004,2021-01-30T00:00:00,2021,1,24,Natural disaster,51552,47452,Afar,ET02,SA,Active
,Countrywide monitoring,Ethiopia,ETH,,,,,0,562,2021-01-30T00:00:00,2021,1,24,Natural disaster,266,296,Amhara,ET03,SA,Active
,Countrywide monitoring,Ethiopia,ETH,,,,,0,2527,2021-01-30T00:00:00,2021,1,24,Natural disaster,1172,1355,Benishangul-Gumuz,ET06,SA,Active
,Countrywide monitoring,Ethiopia,ETH,,,,,0,1232,2021-01-30T00:00:00,2021,1,24,Natural disaster,600,632,Central Ethiopia,ET07,SA,Active
,Countrywide monitoring,Ethiopia,ETH,,,,,0,3812,2021-01-30T00:00:00,2021,1,24,Natural disaster,1935,1877,Gambela,ET12,SA,Active
,Countrywide monitoring,Ethiopia,ETH,,,,,0,90749,2021-01-30T00:00:00,2021,1,24,Natural disaster,44040,46709,Oromia,ET04,SA,Active
,Countrywide monitoring,Ethiopia,ETH,,,,,0,376658,2021-01-30T00:00:00,2021,1,24,Natural disaster,183386,193272,Somali,ET05,SA,Active
,Countrywide monitoring,Ethiopia,ETH,,,,,0,5597,2021-01-30T00:00:00,2021,1,24,Other reason,2705,2892,Oromia,ET04,SA,Active
,Northern Ethiopia Crisis,Ethiopia,ETH,,,,,0,1594,2021-01-31T00:00:00,2021,1,2,Conflict,886,708,Not available,Not available,SA,Active
,Northern Ethiopia Crisis,Ethiopia,ETH,,,,,0,16872,2021-01-31T00:00:00,2021,1,2,Conflict,8562,8310,Afar,ET02,SA,Active
,Northern Ethiopia Crisis,Ethiopia,ETH,,,,,0,27342,2021-01-31T00:00:00,2021,1,2,Conflict,14054,13288,Amhara,ET03,SA,Active
,Northern Ethiopia Crisis,Ethiopia,ETH,,,,,0,85782,2021-01-31T00:00:00,2021,1,2,Conflict,43236,42546,Tigray,ET01,SA,Active
,Northern Ethiopia Crisis,Ethiopia,ETH,,,,,0,1120,2021-02-28T00:00:00,2021,2,3,Conflict,604,516,Not available,Not available,SA,Active
,Northern Ethiopia Crisis,Ethiopia,ETH,,,,,0,16872,2021-02-28T00:00:00,2021,2,3,Conflict,8572,8300,Afar,ET02,SA,Active
,Northern Ethiopia Crisis,Ethiopia,ETH,,,,,0,19297,2021-02-28T00:00:00,2021,2,3,Conflict,12870,6427,Amhara,ET03,SA,Active
,Northern Ethiopia Crisis,Ethiopia,ETH,,,,,0,341103,2021-02-28T00:00:00,2021,2,3,Conflict,168915,172188,Tigray,ET01,SA,Active
,Northern Ethiopia Crisis,Ethiopia,ETH,,,,,0,1666,2021-03-31T00:00:00,2021,3,4,Conflict,693,973,Not available,Not available,SA,Active
,Northern Ethiopia Crisis,Ethiopia,ETH,,,,,0,16800,2021-03-31T00:00:00,2021,3,4,Conflict,8503,8297,Afar,ET02,SA,Active
,Northern Ethiopia Crisis,Ethiopia,ETH,,,,,0,370,2021-03-31T00:00:00,2021,3,4,Conflict,194,176,Amhara,ET03,SA,Active
,Northern Ethiopia Crisis,Ethiopia,ETH,,,,,0,1006840,2021-03-31T00:00:00,2021,3,4,Conflict,478233,528607,Tigray,ET01,SA,Active
,Northern Ethiopia Crisis,Ethiopia,ETH,,,,,0,15437,2021-04-30T00:00:00,2021,4,5,Conflict,7466,7971,Not available,Not available,SA,Active
,Northern Ethiopia Crisis,Ethiopia,ETH,,,,,0,18666,2021-04-30T00:00:00,2021,4,5,Conflict,9539,9127,Afar,ET02,SA,Active
,Northern Ethiopia Crisis,Ethiopia,ETH,,,,,0,3871,2021-04-30T00:00:00,2021,4,5,Conflict,1914,1957,Amhara,ET03,SA,Active
,Northern Ethiopia Crisis,Ethiopia,ETH,,,,,0,1614773,2021-04-30T00:00:00,2021,4,5,Conflict,774705,840068,Tigray,ET01,SA,Active
,Countrywide monitoring,Ethiopia,ETH,,,,,0,102319,2021-04-30T00:00:00,2021,4,25,Conflict,50927,51392,Not available,Not available,SA,Active
,Countrywide monitoring,Ethiopia,ETH,,,,,0,57445,2021-04-30T00:00:00,2021,4,25,Conflict,30147,27298,Afar,ET02,SA,Active
,Countrywide monitoring,Ethiopia,ETH,,,,,0,8947,2021-04-30T00:00:00,2021,4,25,Conflict,4614,4333,Amhara,ET03,SA,Active
,Countrywide monitoring,Ethiopia,ETH,,,,,0,172313,2021-04-30T00:00:00,2021,4,25,Conflict,81732,90581,Benishangul-Gumuz,ET06,SA,Active
,Countrywide monitoring,Ethiopia,ETH,,,,,0,9222,2021-04-30T00:00:00,2021,4,25,Conflict,4715,4507,Central Ethiopia,ET07,SA,Active
,Countrywide monitoring,Ethiopia,ETH,,,,,0,39418,2021-04-30T00:00:00,2021,4,25,Conflict,20023,19395,Gambela,ET12,SA,Active
,Countrywide monitoring,Ethiopia,ETH,,,,,0,581193,2021-04-30T00:00:00,2021,4,25,Conflict,287964,293229,Oromia,ET04,SA,Active
,Countrywide monitoring,Ethiopia,ETH,,,,,0,364561,2021-04-30T00:00:00,2021,4,25,Conflict,188537,176024,Somali,ET05,SA,Active
,Countrywide monitoring,Ethiopia,ETH,,,,,0,146,2021-04-30T00:00:00,2021,4,25,Economic reasons,59,87,Oromia,ET04,SA,Active
,Countrywide monitoring,Ethiopia,ETH,,,,,0,372,2021-04-30T00:00:00,2021,4,25,Economic reasons,187,185,Somali,ET05,SA,Active
,Countrywide monitoring,Ethiopia,ETH,,,,,0,78111,2021-04-30T00:00:00,2021,4,25,Natural disaster,39065,39046,Not available,Not available,SA,Active
,Countrywide monitoring,Ethiopia,ETH,,,,,0,87994,2021-04-30T00:00:00,2021,4,25,Natural disaster,45273,42721,Afar,ET02,SA,Active
,Countrywide monitoring,Ethiopia,ETH,,,,,0,594,2021-04-30T00:00:00,2021,4,25,Natural disaster,282,312,Amhara,ET03,SA,Active
,Countrywide monitoring,Ethiopia,ETH,,,,,0,554,2021-04-30T00:00:00,2021,4,25,Natural disaster,251,303,Benishangul-Gumuz,ET06,SA,Active
,Countrywide monitoring,Ethiopia,ETH,,,,,0,4085,2021-04-30T00:00:00,2021,4,25,Natural disaster,2143,1942,Central Ethiopia,ET07,SA,Active
,Countrywide monitoring,Ethiopia,ETH,,,,,0,4153,2021-04-30T00:00:00,2021,4,25,Natural disaster,2208,1945,Gambela,ET12,SA,Active
,Countrywide monitoring,Ethiopia,ETH,,,,,0,2000,2021-04-30T00:00:00,2021,4,25,Natural disaster,1089,911,Harari,ET13,SA,Active
,Countrywide monitoring,Ethiopia,ETH,,,,,0,81453,2021-04-30T00:00:00,2021,4,25,Natural disaster,39487,41966,Oromia,ET04,SA,Active
,Countrywide monitoring,Ethiopia,ETH,,,,,0,364585,2021-04-30T00:00:00,2021,4,25,Natural disaster,180044,184541,Somali,ET05,SA,Active
,Countrywide monitoring,Ethiopia,ETH,,,,,0,5127,2021-04-30T00:00:00,2021,4,25,Other reason,2579,2548,Oromia,ET04,SA,Active
,Northern Ethiopia Crisis,Ethiopia,ETH,,,,,0,19266,2021-05-30T00:00:00,2021,5,6,Conflict,9849,9417,Afar,ET02,SA,Active
,Northern Ethiopia Crisis,Ethiopia,ETH,,,,,0,17119,2021-05-30T00:00:00,2021,5,6,Conflict,8232,8887,Amhara,ET03,SA,Active
,Northern Ethiopia Crisis,Ethiopia,ETH,,,,,0,1953783,2021-05-30T00:00:00,2021,5,6,Conflict,914581,1039202,Tigray,ET01,SA,Active
,Northern Ethiopia Crisis,Ethiopia,ETH,,,,,0,10326,2021-06-30T00:00:00,2021,6,7,Conflict,4957,5369,Not available,Not available,SA,Active
,Northern Ethiopia Crisis,Ethiopia,ETH,,,,,0,17556,2021-06-30T00:00:00,2021,6,7,Conflict,9245,8311,Afar,ET02,SA,Active
,Northern Ethiopia Crisis,Ethiopia,ETH,,,,,0,2972,2021-06-30T00:00:00,2021,6,7,Conflict,1423,1549,Amhara,ET03,SA,Active
,Northern Ethiopia Crisis,Ethiopia,ETH,,,,,0,2074533,2021-06-30T00:00:00,2021,6,7,Conflict,1055859,1018674,Tigray,ET01,SA,Active
,Countrywide monitoring,Ethiopia,ETH,,,,,0,96256,2021-07-30T00:00:00,2021,7,26,Conflict,47378,48878,Not available,Not available,SA,Active
,Countrywide monitoring,Ethiopia,ETH,,,,,0,58697,2021-07-30T00:00:00,2021,7,26,Conflict,29855,28842,Afar,ET02,SA,Active
,Countrywide monitoring,Ethiopia,ETH,,,,,0,105022,2021-07-30T00:00:00,2021,7,26,Conflict,51226,53796,Amhara,ET03,SA,Active
,Countrywide monitoring,Ethiopia,ETH,,,,,0,162580,2021-07-30T00:00:00,2021,7,26,Conflict,77227,85353,Benishangul-Gumuz,ET06,SA,Active
,Countrywide monitoring,Ethiopia,ETH,,,,,0,14471,2021-07-30T00:00:00,2021,7,26,Conflict,7047,7424,Central Ethiopia,ET07,SA,Active
,Countrywide monitoring,Ethiopia,ETH,,,,,0,405,2021-07-30T00:00:00,2021,7,26,Conflict,183,222,Dire Dawa,ET15,SA,Active
,Countrywide monitoring,Ethiopia,ETH,,,,,0,35596,2021-07-30T00:00:00,2021,7,26,Conflict,18675,16921,Gambela,ET12,SA,Active
,Countrywide monitoring,Ethiopia,ETH,,,,,0,651255,2021-07-30T00:00:00,2021,7,26,Conflict,319503,331752,Oromia,ET04,SA,Active
,Countrywide monitoring,Ethiopia,ETH,,,,,0,327530,2021-07-30T00:00:00,2021,7,26,Conflict,168659,158871,Somali,ET05,SA,Active
,Countrywide monitoring,Ethiopia,ETH,,,,,0,354,2021-07-30T00:00:00,2021,7,26,Economic reasons,164,190,Somali,ET05,SA,Active
,Countrywide monitoring,Ethiopia,ETH,,,,,0,76093,2021-07-30T00:00:00,2021,7,26,Natural disaster,39052,37041,Not available,Not available,SA,Active
,Countrywide monitoring,Ethiopia,ETH,,,,,0,90676,2021-07-30T00:00:00,2021,7,26,Natural disaster,47997,42679,Afar,ET02,SA,Active
,Countrywide monitoring,Ethiopia,ETH,,,,,0,562,2021-07-30T00:00:00,2021,7,26,Natural disaster,268,294,Amhara,ET03,SA,Active
,Countrywide monitoring,Ethiopia,ETH,,,,,0,4258,2021-07-30T00:00:00,2021,7,26,Natural disaster,2190,2068,Central Ethiopia,ET07,SA,Active
,Countrywide monitoring,Ethiopia,ETH,,,,,0,3534,2021-07-30T00:00:00,2021,7,26,Natural disaster,1794,1740,Gambela,ET12,SA,Active
,Countrywide monitoring,Ethiopia,ETH,,,,,0,65130,2021-07-30T00:00:00,2021,7,26,Natural disaster,31832,33298,Oromia,ET04,SA,Active
,Countrywide monitoring,Ethiopia,ETH,,,,,0,681,2021-07-30T00:00:00,2021,7,26,Natural disaster,337,344,Sidama,ET16,SA,Active
,Countrywide monitoring,Ethiopia,ETH,,,,,0,368526,2021-07-30T00:00:00,2021,7,26,Natural disaster,182150,186376,Somali,ET05,SA,Active
,Countrywide monitoring,Ethiopia,ETH,,,,,0,4537,2021-07-30T00:00:00,2021,7,26,Other reason,2254,2283,Oromia,ET04,SA,Active
,Countrywide monitoring,Ethiopia,ETH,,,,,0,100344,2021-09-30T00:00:00,2021,9,27,Conflict,49896,50448,Not available,Not available,SA,Active
,Countrywide monitoring,Ethiopia,ETH,,,,,0,37207,2021-09-30T00:00:00,2021,9,27,Conflict,19705,17502,Afar,ET02,SA,Active
,Countrywide monitoring,Ethiopia,ETH,,,,,0,61939,2021-09-30T00:00:00,2021,9,27,Conflict,33428,28511,Amhara,ET03,SA,Active
,Countrywide monitoring,Ethiopia,ETH,,,,,0,203209,2021-09-30T00:00:00,2021,9,27,Conflict,98112,105097,Benishangul-Gumuz,ET06,SA,Active
,Countrywide monitoring,Ethiopia,ETH,,,,,0,17782,2021-09-30T00:00:00,2021,9,27,Conflict,9004,8778,Central Ethiopia,ET07,SA,Active
,Countrywide monitoring,Ethiopia,ETH,,,,,0,26065,2021-09-30T00:00:00,2021,9,27,Conflict,13115,12950,Gambela,ET12,SA,Active
,Countrywide monitoring,Ethiopia,ETH,,,,,0,326,2021-09-30T00:00:00,2021,9,27,Conflict,164,162,Harari,ET13,SA,Active
,Countrywide monitoring,Ethiopia,ETH,,,,,0,746645,2021-09-30T00:00:00,2021,9,27,Conflict,364786,381859,Oromia,ET04,SA,Active
,Countrywide monitoring,Ethiopia,ETH,,,,,0,332079,2021-09-30T00:00:00,2021,9,27,Conflict,170997,161082,Somali,ET05,SA,Active
,Countrywide monitoring,Ethiopia,ETH,,,,,0,310,2021-09-30T00:00:00,2021,9,27,Economic reasons,151,159,Somali,ET05,SA,Active
,Countrywide monitoring,Ethiopia,ETH,,,,,0,77100,2021-09-30T00:00:00,2021,9,27,Natural disaster,39119,37981,Not available,Not available,SA,Active
,Countrywide monitoring,Ethiopia,ETH,,,,,0,76880,2021-09-30T00:00:00,2021,9,27,Natural disaster,41246,35634,Afar,ET02,SA,Active
,Countrywide monitoring,Ethiopia,ETH,,,,,0,562,2021-09-30T00:00:00,2021,9,27,Natural disaster,268,294,Amhara,ET03,SA,Active
,Countrywide monitoring,Ethiopia,ETH,,,,,0,1179,2021-09-30T00:00:00,2021,9,27,Natural disaster,569,610,Central Ethiopia,ET07,SA,Active
,Countrywide monitoring,Ethiopia,ETH,,,,,0,8256,2021-09-30T00:00:00,2021,9,27,Natural disaster,4371,3885,Gambela,ET12,SA,Active
,Countrywide monitoring,Ethiopia,ETH,,,,,0,60473,2021-09-30T00:00:00,2021,9,27,Natural disaster,29708,30765,Oromia,ET04,SA,Active
,Countrywide monitoring,Ethiopia,ETH,,,,,0,369772,2021-09-30T00:00:00,2021,9,27,Natural disaster,182621,187151,Somali,ET05,SA,Active
,Countrywide monitoring,Ethiopia,ETH,,,,,0,4855,2021-09-30T00:00:00,2021,9,27,Other reason,2375,2480,Oromia,ET04,SA,Active
,Northern Ethiopia Crisis,Ethiopia,ETH,,,,,0,115372,2021-10-30T00:00:00,2021,10,8,Conflict,53529,61843,Afar,ET02,SA,Active
,Northern Ethiopia Crisis,Ethiopia,ETH,,,,,0,133100,2021-10-30T00:00:00,2021,10,8,Conflict,64885,68215,Amhara,ET03,SA,Active
,Northern Ethiopia Crisis,Ethiopia,ETH,,,,,0,1866181,2021-10-30T00:00:00,2021,10,8,Conflict,907863,958318,Tigray,ET01,SA,Active
,Countrywide monitoring,Ethiopia,ETH,,,,,0,69250,2022-01-31T00:00:00,2022,1,28,Conflict,36038,33212,Not available,Not available,SA,Active
,Countrywide monitoring,Ethiopia,ETH,,,,,0,36628,2022-01-31T00:00:00,2022,1,28,Conflict,18715,17913,Afar,ET02,SA,Active
,Countrywide monitoring,Ethiopia,ETH,,,,,0,72404,2022-01-31T00:00:00,2022,1,28,Conflict,34621,37783,Benishangul-Gumuz,ET06,SA,Active
,Countrywide monitoring,Ethiopia,ETH,,,,,0,15667,2022-01-31T00:00:00,2022,1,28,Conflict,7892,7775,Central Ethiopia,ET07,SA,Active
,Countrywide monitoring,Ethiopia,ETH,,,,,0,24855,2022-01-31T00:00:00,2022,1,28,Conflict,12237,12618,Gambela,ET12,SA,Active
,Countrywide monitoring,Ethiopia,ETH,,,,,0,327,2022-01-31T00:00:00,2022,1,28,Conflict,165,162,Harari,ET13,SA,Active
,Countrywide monitoring,Ethiopia,ETH,,,,,0,816141,2022-01-31T00:00:00,2022,1,28,Conflict,406357,409784,Oromia,ET04,SA,Active
,Countrywide monitoring,Ethiopia,ETH,,,,,0,342425,2022-01-31T00:00:00,2022,1,28,Conflict,172222,170203,Somali,ET05,SA,Active
,Countrywide monitoring,Ethiopia,ETH,,,,,0,43330,2022-01-31T00:00:00,2022,1,28,Conflict,21274,22056,South West Ethiopia,ET11,SA,Active
,Countrywide monitoring,Ethiopia,ETH,,,,,0,125,2022-01-31T00:00:00,2022,1,28,Economic reasons,60,65,Somali,ET05,SA,Active
,Countrywide monitoring,Ethiopia,ETH,,,,,0,73797,2022-01-31T00:00:00,2022,1,28,Natural disaster,36683,37114,Not available,Not available,SA,Active
,Countrywide monitoring,Ethiopia,ETH,,,,,0,1242,2022-01-31T00:00:00,2022,1,28,Natural disaster,675,567,Afar,ET02,SA,Active
,Countrywide monitoring,Ethiopia,ETH,,,,,0,1521,2022-01-31T00:00:00,2022,1,28,Natural disaster,679,842,Benishangul-Gumuz,ET06,SA,Active
,Countrywide monitoring,Ethiopia,ETH,,,,,0,4576,2022-01-31T00:00:00,2022,1,28,Natural disaster,2186,2390,Central Ethiopia,ET07,SA,Active
,Countrywide monitoring,Ethiopia,ETH,,,,,0,18954,2022-01-31T00:00:00,2022,1,28,Natural disaster,9854,9100,Gambela,ET12,SA,Active
,Countrywide monitoring,Ethiopia,ETH,,,,,0,114899,2022-01-31T00:00:00,2022,1,28,Natural disaster,60532,54367,Oromia,ET04,SA,Active
,Countrywide monitoring,Ethiopia,ETH,,,,,0,415705,2022-01-31T00:00:00,2022,1,28,Natural disaster,203839,211866,Somali,ET05,SA,Active
,Countrywide monitoring,Ethiopia,ETH,,,,,0,539,2022-01-31T00:00:00,2022,1,28,Natural disaster,254,285,South West Ethiopia,ET11,SA,Active
,Countrywide monitoring,Ethiopia,ETH,,,,,0,4619,2022-01-31T00:00:00,2022,1,28,Other reason,2299,2320,Oromia,ET04,SA,Active
,Northern Ethiopia Crisis,Ethiopia,ETH,,,,,0,2320,2022-02-28T00:00:00,2022,2,9,Conflict,1131,1189,Not available,Not available,SA,Active
,Northern Ethiopia Crisis,Ethiopia,ETH,,,,,0,106681,2022-02-28T00:00:00,2022,2,9,Conflict,51119,55562,Afar,ET02,SA,Active
,Northern Ethiopia Crisis,Ethiopia,ETH,,,,,0,107625,2022-02-28T00:00:00,2022,2,9,Conflict,52379,55246,Amhara,ET03,SA,Active
,Northern Ethiopia Crisis,Ethiopia,ETH,,,,,0,131913,2022-02-28T00:00:00,2022,2,9,Conflict,66030,65883,Benishangul-Gumuz,ET06,SA,Active
,Northern Ethiopia Crisis,Ethiopia,ETH,,,,,0,179214,2022-02-28T00:00:00,2022,2,9,Conflict,89716,89498,Oromia,ET04,SA,Active
,Northern Ethiopia Crisis,Ethiopia,ETH,,,,,0,52,2022-02-28T00:00:00,2022,2,9,Conflict,23,29,Somali,ET05,SA,Active
,Northern Ethiopia Crisis,Ethiopia,ETH,,,,,0,3503,2022-02-28T00:00:00,2022,2,9,Conflict,1784,1719,South West Ethiopia,ET11,SA,Active
,Northern Ethiopia Crisis,Ethiopia,ETH,,,,,0,1851460,2022-02-28T00:00:00,2022,2,9,Conflict,901779,949681,Tigray,ET01,SA,Active
,Northern Ethiopia Crisis,Ethiopia,ETH,,,,,0,68583,2022-02-28T00:00:00,2022,2,9,Natural disaster,34075,34508,Afar,ET02,SA,Active
,Northern Ethiopia Crisis,Ethiopia,ETH,,,,,0,726,2022-02-28T00:00:00,2022,2,9,Natural disaster,350,376,Amhara,ET03,SA,Active
,Countrywide monitoring,Ethiopia,ETH,,,,,0,60802,2022-04-30T00:00:00,2022,4,29,Conflict,28981,31821,Not available,Not available,SA,Active
,Countrywide monitoring,Ethiopia,ETH,,,,,0,99302,2022-04-30T00:00:00,2022,4,29,Conflict,51373,47929,Afar,ET02,SA,Active
,Countrywide monitoring,Ethiopia,ETH,,,,,0,156387,2022-04-30T00:00:00,2022,4,29,Conflict,77451,78936,Amhara,ET03,SA,Active
,Countrywide monitoring,Ethiopia,ETH,,,,,0,182726,2022-04-30T00:00:00,2022,4,29,Conflict,90653,92073,Benishangul-Gumuz,ET06,SA,Active
,Countrywide monitoring,Ethiopia,ETH,,,,,0,1667,2022-04-30T00:00:00,2022,4,29,Conflict,788,879,Central Ethiopia,ET07,SA,Active
,Countrywide monitoring,Ethiopia,ETH,,,,,0,19230,2022-04-30T00:00:00,2022,4,29,Conflict,9403,9827,Gambela,ET12,SA,Active
,Countrywide monitoring,Ethiopia,ETH,,,,,0,326,2022-04-30T00:00:00,2022,4,29,Conflict,176,150,Harari,ET13,SA,Active
,Countrywide monitoring,Ethiopia,ETH,,,,,0,948812,2022-04-30T00:00:00,2022,4,29,Conflict,469869,478943,Oromia,ET04,SA,Active
,Countrywide monitoring,Ethiopia,ETH,,,,,0,40989,2022-04-30T00:00:00,2022,4,29,Conflict,20533,20456,Sidama,ET16,SA,Active
,Countrywide monitoring,Ethiopia,ETH,,,,,0,340910,2022-04-30T00:00:00,2022,4,29,Conflict,169188,171722,Somali,ET05,SA,Active
,Countrywide monitoring,Ethiopia,ETH,,,,,0,45352,2022-04-30T00:00:00,2022,4,29,Conflict,22531,22821,South West Ethiopia,ET11,SA,Active
,Countrywide monitoring,Ethiopia,ETH,,,,,0,35533,2022-04-30T00:00:00,2022,4,29,Conflict,19379,16154,Tigray,ET01,SA,Active
,Countrywide monitoring,Ethiopia,ETH,,,,,0,89681,2022-04-30T00:00:00,2022,4,29,Natural disaster,44354,45327,Not available,Not available,SA,Active
,Countrywide monitoring,Ethiopia,ETH,,,,,0,39886,2022-04-30T00:00:00,2022,4,29,Natural disaster,20322,19564,Afar,ET02,SA,Active
,Countrywide monitoring,Ethiopia,ETH,,,,,0,726,2022-04-30T00:00:00,2022,4,29,Natural disaster,347,379,Amhara,ET03,SA,Active
,Countrywide monitoring,Ethiopia,ETH,,,,,0,4111,2022-04-30T00:00:00,2022,4,29,Natural disaster,1968,2143,Central Ethiopia,ET07,SA,Active
,Countrywide monitoring,Ethiopia,ETH,,,,,0,7631,2022-04-30T00:00:00,2022,4,29,Natural disaster,3592,4039,Gambela,ET12,SA,Active
,Countrywide monitoring,Ethiopia,ETH,,,,,0,178615,2022-04-30T00:00:00,2022,4,29,Natural disaster,84972,93643,Oromia,ET04,SA,Active
,Countrywide monitoring,Ethiopia,ETH,,,,,0,1233,2022-04-30T00:00:00,2022,4,29,Natural disaster,622,611,Sidama,ET16,SA,Active
,Countrywide monitoring,Ethiopia,ETH,,,,,0,500315,2022-04-30T00:00:00,2022,4,29,Natural disaster,246532,253783,Somali,ET05,SA,Active
,Countrywide monitoring,Ethiopia,ETH,,,,,0,610,2022-04-30T00:00:00,2022,4,29,Natural disaster,339,271,South West Ethiopia,ET11,SA,Active
,Countrywide monitoring,Ethiopia,ETH,,,,,0,4895,2022-04-30T00:00:00,2022,4,29,Other reason,2418,2477,Oromia,ET04,SA,Active
,Countrywide monitoring,Ethiopia,ETH,,,,,0,1933941,2022-07-31T00:00:00,2022,7,30,Conflict,969077,964864,Not available,Not available,SA,Active
,Countrywide monitoring,Ethiopia,ETH,,,,,0,777202,2022-07-31T00:00:00,2022,7,30,Natural disaster,378056,399146,Not available,Not available,SA,Active
,Countrywide monitoring,Ethiopia,ETH,,,,,0,4978,2022-07-31T00:00:00,2022,7,30,Other reason,2479,2499,Not available,Not available,SA,Active
,Countrywide monitoring,Ethiopia,ETH,,,,,0,77886,2022-09-30T00:00:00,2022,9,31,Conflict,38154,39732,Not available,Not available,SA,Active
,Countrywide monitoring,Ethiopia,ETH,,,,,0,70285,2022-09-30T00:00:00,2022,9,31,Conflict,35083,35202,Afar,ET02,SA,Active
,Countrywide monitoring,Ethiopia,ETH,,,,,0,147875,2022-09-30T00:00:00,2022,9,31,Conflict,72924,74951,Amhara,ET03,SA,Active
,Countrywide monitoring,Ethiopia,ETH,,,,,0,212599,2022-09-30T00:00:00,2022,9,31,Conflict,106518,106081,Benishangul-Gumuz,ET06,SA,Active
,Countrywide monitoring,Ethiopia,ETH,,,,,0,1667,2022-09-30T00:00:00,2022,9,31,Conflict,788,879,Central Ethiopia,ET07,SA,Active
,Countrywide monitoring,Ethiopia,ETH,,,,,0,14766,2022-09-30T00:00:00,2022,9,31,Conflict,7285,7481,Gambela,ET12,SA,Active
,Countrywide monitoring,Ethiopia,ETH,,,,,0,326,2022-09-30T00:00:00,2022,9,31,Conflict,166,160,Harari,ET13,SA,Active
,Countrywide monitoring,Ethiopia,ETH,,,,,0,1026327,2022-09-30T00:00:00,2022,9,31,Conflict,499987,526340,Oromia,ET04,SA,Active
,Countrywide monitoring,Ethiopia,ETH,,,,,0,351711,2022-09-30T00:00:00,2022,9,31,Conflict,169470,182241,Somali,ET05,SA,Active
,Countrywide monitoring,Ethiopia,ETH,,,,,0,46019,2022-09-30T00:00:00,2022,9,31,Conflict,22740,23279,South West Ethiopia,ET11,SA,Active
,Countrywide monitoring,Ethiopia,ETH,,,,,0,49645,2022-09-30T00:00:00,2022,9,31,Conflict,27377,22268,Tigray,ET01,SA,Active
,Countrywide monitoring,Ethiopia,ETH,,,,,0,156,2022-09-30T00:00:00,2022,9,31,Economic reasons,74,82,Oromia,ET04,SA,Active
,Countrywide monitoring,Ethiopia,ETH,,,,,0,89764,2022-09-30T00:00:00,2022,9,31,Natural disaster,44545,45219,Not available,Not available,SA,Active
,Countrywide monitoring,Ethiopia,ETH,,,,,0,37041,2022-09-30T00:00:00,2022,9,31,Natural disaster,18589,18452,Afar,ET02,SA,Active
,Countrywide monitoring,Ethiopia,ETH,,,,,0,2930,2022-09-30T00:00:00,2022,9,31,Natural disaster,1418,1512,Amhara,ET03,SA,Active
,Countrywide monitoring,Ethiopia,ETH,,,,,0,387,2022-09-30T00:00:00,2022,9,31,Natural disaster,182,205,Central Ethiopia,ET07,SA,Active
,Countrywide monitoring,Ethiopia,ETH,,,,,0,13685,2022-09-30T00:00:00,2022,9,31,Natural disaster,6749,6936,Gambela,ET12,SA,Active
,Countrywide monitoring,Ethiopia,ETH,,,,,0,186788,2022-09-30T00:00:00,2022,9,31,Natural disaster,89807,96981,Oromia,ET04,SA,Active
,Countrywide monitoring,Ethiopia,ETH,,,,,0,389453,2022-09-30T00:00:00,2022,9,31,Natural disaster,191142,198311,Somali,ET05,SA,Active
,Countrywide monitoring,Ethiopia,ETH,,,,,0,3445,2022-09-30T00:00:00,2022,9,31,Natural disaster,1587,1858,South West Ethiopia,ET11,SA,Active
,Countrywide monitoring,Ethiopia,ETH,,,,,0,4978,2022-09-30T00:00:00,2022,9,31,Other reason,2478,2500,Oromia,ET04,SA,Active
,Countrywide monitoring,Ethiopia,ETH,,,,,0,2105635,2022-12-31T00:00:00,2022,12,32,Conflict,1041707,1063928,Not available,Not available,SA,Active
,Countrywide monitoring,Ethiopia,ETH,,,,,0,1032931,2022-12-31T00:00:00,2022,12,32,Natural disaster,513319,519612,Not available,Not available,SA,Active
,Countrywide monitoring,Ethiopia,ETH,,,,,0,4689,2022-12-31T00:00:00,2022,12,32,Other reason,2306,2383,Not available,Not available,SA,Active
,Countrywide monitoring,Ethiopia,ETH,,,,,0,2208155,2023-06-30T00:00:00,2023,6,33,Conflict,1091354,1116801,Not available,Not available,SA,Active
,Countrywide monitoring,Ethiopia,ETH,,,,,0,309,2023-06-30T00:00:00,2023,6,33,Conflict,135,174,Addis Ababa,ET14,SA,Active
,Countrywide monitoring,Ethiopia,ETH,,,,,0,34163,2023-06-30T00:00:00,2023,6,33,Conflict,15392,18771,Afar,ET02,SA,Active
,Countrywide monitoring,Ethiopia,ETH,,,,,0,9915,2023-06-30T00:00:00,2023,6,33,Conflict,4813,5102,Amhara,ET03,SA,Active
,Countrywide monitoring,Ethiopia,ETH,,,,,0,320,2023-06-30T00:00:00,2023,6,33,Conflict,124,196,Benishangul-Gumuz,ET06,SA,Active
,Countrywide monitoring,Ethiopia,ETH,,,,,0,1430,2023-06-30T00:00:00,2023,6,33,Conflict,691,739,Gambela,ET12,SA,Active
,Countrywide monitoring,Ethiopia,ETH,,,,,0,13673,2023-06-30T00:00:00,2023,6,33,Conflict,6222,7451,Oromia,ET04,SA,Active
,Countrywide monitoring,Ethiopia,ETH,,,,,0,961988,2023-06-30T00:00:00,2023,6,33,Conflict,451938,510050,Tigray,ET01,SA,Active
,Countrywide monitoring,Ethiopia,ETH,,,,,0,1151147,2023-06-30T00:00:00,2023,6,33,Natural disaster,574794,576353,Not available,Not available,SA,Active
,Countrywide monitoring,Ethiopia,ETH,,,,,0,4689,2023-06-30T00:00:00,2023,6,33,Other reason,2306,2383,Not available,Not available,SA,Active
,Countrywide monitoring,Ethiopia,ETH,,,,,0,62516,2023-09-30T00:00:00,2023,9,34,Conflict,30563,31953,Not available,Not available,SA,Active
,Countrywide monitoring,Ethiopia,ETH,,,,,0,797,2023-09-30T00:00:00,2023,9,34,Conflict,364,433,Addis Ababa,ET14,SA,Active
,Countrywide monitoring,Ethiopia,ETH,,,,,0,113760,2023-09-30T00:00:00,2023,9,34,Conflict,53949,59811,Afar,ET02,SA,Active
,Countrywide monitoring,Ethiopia,ETH,,,,,0,24921,2023-09-30T00:00:00,2023,9,34,Conflict,12193,12728,Amhara,ET03,SA,Active
,Countrywide monitoring,Ethiopia,ETH,,,,,0,96663,2023-09-30T00:00:00,2023,9,34,Conflict,47175,49488,Benishangul-Gumuz,ET06,SA,Active
,Countrywide monitoring,Ethiopia,ETH,,,,,0,3338,2023-09-30T00:00:00,2023,9,34,Conflict,1599,1739,Central Ethiopia,ET07,SA,Active
,Countrywide monitoring,Ethiopia,ETH,,,,,0,15654,2023-09-30T00:00:00,2023,9,34,Conflict,7844,7810,Gambela,ET12,SA,Active
,Countrywide monitoring,Ethiopia,ETH,,,,,0,380,2023-09-30T00:00:00,2023,9,34,Conflict,196,184,Harari,ET13,SA,Active
,Countrywide monitoring,Ethiopia,ETH,,,,,0,1004995,2023-09-30T00:00:00,2023,9,34,Conflict,497629,507366,Oromia,ET04,SA,Active
,Countrywide monitoring,Ethiopia,ETH,,,,,0,310415,2023-09-30T00:00:00,2023,9,34,Conflict,153337,157078,Somali,ET05,SA,Active
,Countrywide monitoring,Ethiopia,ETH,,,,,0,32994,2023-09-30T00:00:00,2023,9,34,Conflict,15903,17091,South West Ethiopia,ET11,SA,Active
,Countrywide monitoring,Ethiopia,ETH,,,,,0,895064,2023-09-30T00:00:00,2023,9,34,Conflict,417345,477719,Tigray,ET01,SA,Active
,Countrywide monitoring,Ethiopia,ETH,,,,,0,83027,2023-09-30T00:00:00,2023,9,34,Natural disaster,40834,42193,Not available,Not available,SA,Active
,Countrywide monitoring,Ethiopia,ETH,,,,,0,27793,2023-09-30T00:00:00,2023,9,34,Natural disaster,12897,14896,Afar,ET02,SA,Active
,Countrywide monitoring,Ethiopia,ETH,,,,,0,823,2023-09-30T00:00:00,2023,9,34,Natural disaster,399,424,Amhara,ET03,SA,Active
,Countrywide monitoring,Ethiopia,ETH,,,,,0,4111,2023-09-30T00:00:00,2023,9,34,Natural disaster,2025,2086,Central Ethiopia,ET07,SA,Active
,Countrywide monitoring,Ethiopia,ETH,,,,,0,15160,2023-09-30T00:00:00,2023,9,34,Natural disaster,7583,7577,Gambela,ET12,SA,Active
,Countrywide monitoring,Ethiopia,ETH,,,,,0,246224,2023-09-30T00:00:00,2023,9,34,Natural disaster,123344,122880,Oromia,ET04,SA,Active
,Countrywide monitoring,Ethiopia,ETH,,,,,0,513659,2023-09-30T00:00:00,2023,9,34,Natural disaster,257860,255799,Somali,ET05,SA,Active
,Countrywide monitoring,Ethiopia,ETH,,,,,0,2609,2023-09-30T00:00:00,2023,9,34,Natural disaster,1259,1350,South West Ethiopia,ET11,SA,Active
,Countrywide monitoring,Ethiopia,ETH,,,,,0,4978,2023-09-30T00:00:00,2023,9,34,Other reason,2452,2526,Oromia,ET04,SA,Active
,Countrywide monitoring,Ethiopia,ETH,,,,,0,848,2023-12-31T00:00:00,2023,12,35,Conflict,374,474,Not available,Not available,SA,Active
,Countrywide monitoring,Ethiopia,ETH,,,,,0,42,2023-12-31T00:00:00,2023,12,35,Conflict,15,27,Addis Ababa,ET14,SA,Active
,Countrywide monitoring,Ethiopia,ETH,,,,,0,59087,2023-12-31T00:00:00,2023,12,35,Conflict,26916,32171,Afar,ET02,SA,Active
,Countrywide monitoring,Ethiopia,ETH,,,,,0,40159,2023-12-31T00:00:00,2023,12,35,Conflict,18961,21198,Amhara,ET03,SA,Active
,Countrywide monitoring,Ethiopia,ETH,,,,,0,112976,2023-12-31T00:00:00,2023,12,35,Conflict,54076,58900,Benishangul-Gumuz,ET06,SA,Active
,Countrywide monitoring,Ethiopia,ETH,,,,,0,4388,2023-12-31T00:00:00,2023,12,35,Conflict,1974,2414,Central Ethiopia,ET07,SA,Active
,Countrywide monitoring,Ethiopia,ETH,,,,,0,7394,2023-12-31T00:00:00,2023,12,35,Conflict,3541,3853,Gambela,ET12,SA,Active
,Countrywide monitoring,Ethiopia,ETH,,,,,0,245,2023-12-31T00:00:00,2023,12,35,Conflict,124,121,Harari,ET13,SA,Active
,Countrywide monitoring,Ethiopia,ETH,,,,,0,868070,2023-12-31T00:00:00,2023,12,35,Conflict,423720,444350,Oromia,ET04,SA,Active
,Countrywide monitoring,Ethiopia,ETH,,,,,0,27861,2023-12-31T00:00:00,2023,12,35,Conflict,14173,13688,Sidama,ET16,SA,Active
,Countrywide monitoring,Ethiopia,ETH,,,,,0,236595,2023-12-31T00:00:00,2023,12,35,Conflict,117982,118613,Somali,ET05,SA,Active
,Countrywide monitoring,Ethiopia,ETH,,,,,0,28372,2023-12-31T00:00:00,2023,12,35,Conflict,13888,14484,South West Ethiopia,ET11,SA,Active
,Countrywide monitoring,Ethiopia,ETH,,,,,0,807415,2023-12-31T00:00:00,2023,12,35,Conflict,362037,445378,Tigray,ET01,SA,Active
,Countrywide monitoring,Ethiopia,ETH,,,,,0,39565,2023-12-31T00:00:00,2023,12,35,Natural disaster,18946,20619,Afar,ET02,SA,Active
,Countrywide monitoring,Ethiopia,ETH,,,,,0,3202,2023-12-31T00:00:00,2023,12,35,Natural disaster,1523,1679,Amhara,ET03,SA,Active
,Countrywide monitoring,Ethiopia,ETH,,,,,0,342,2023-12-31T00:00:00,2023,12,35,Natural disaster,172,170,Benishangul-Gumuz,ET06,SA,Active
,Countrywide monitoring,Ethiopia,ETH,,,,,0,963,2023-12-31T00:00:00,2023,12,35,Natural disaster,450,513,Central Ethiopia,ET07,SA,Active
,Countrywide monitoring,Ethiopia,ETH,,,,,0,21145,2023-12-31T00:00:00,2023,12,35,Natural disaster,10139,11006,Gambela,ET12,SA,Active
,Countrywide monitoring,Ethiopia,ETH,,,,,0,6,2023-12-31T00:00:00,2023,12,35,Natural disaster,3,3,Harari,ET13,SA,Active
,Countrywide monitoring,Ethiopia,ETH,,,,,0,148327,2023-12-31T00:00:00,2023,12,35,Natural disaster,71457,76870,Oromia,ET04,SA,Active
,Countrywide monitoring,Ethiopia,ETH,,,,,0,543,2023-12-31T00:00:00,2023,12,35,Natural disaster,269,274,Sidama,ET16,SA,Active
,Countrywide monitoring,Ethiopia,ETH,,,,,0,589929,2023-12-31T00:00:00,2023,12,35,Natural disaster,294278,295651,Somali,ET05,SA,Active
,Countrywide monitoring,Ethiopia,ETH,,,,,0,3642,2023-12-31T00:00:00,2023,12,35,Natural disaster,1725,1917,South West Ethiopia,ET11,SA,Active
,Countrywide monitoring,Ethiopia,ETH,,,,,0,3358,2023-12-31T00:00:00,2023,12,35,Natural disaster,1458,1900,Tigray,ET01,SA,Active
,Countrywide monitoring,Ethiopia,ETH,,,,,0,603,2023-12-31T00:00:00,2023,12,35,Other reason,339,264,Afar,ET02,SA,Active
,Countrywide monitoring,Ethiopia,ETH,,,,,0,18518,2023-12-31T00:00:00,2023,12,35,Other reason,8655,9863,Oromia,ET04,SA,Active
,Countrywide monitoring,Ethiopia,ETH,,,,,0,18,2023-12-31T00:00:00,2023,12,35,Other reason,10,8,South West Ethiopia,ET11,SA,Active
,Countrywide monitoring,Ethiopia,ETH,,,,,0,8,2023-12-31T00:00:00,2023,12,35,Social tension,3,5,Addis Ababa,ET14,SA,Active
,Countrywide monitoring,Ethiopia,ETH,,,,,0,1047,2023-12-31T00:00:00,2023,12,35,Social tension,513,534,Afar,ET02,SA,Active
,Countrywide monitoring,Ethiopia,ETH,,,,,0,353,2023-12-31T00:00:00,2023,12,35,Social tension,166,187,Amhara,ET03,SA,Active
,Countrywide monitoring,Ethiopia,ETH,,,,,0,25,2023-12-31T00:00:00,2023,12,35,Social tension,12,13,Benishangul-Gumuz,ET06,SA,Active
,Countrywide monitoring,Ethiopia,ETH,,,,,0,75,2023-12-31T00:00:00,2023,12,35,Social tension,38,37,Central Ethiopia,ET07,SA,Active
,Countrywide monitoring,Ethiopia,ETH,,,,,0,148401,2023-12-31T00:00:00,2023,12,35,Social tension,69045,79356,Oromia,ET04,SA,Active
,Countrywide monitoring,Ethiopia,ETH,,,,,0,13679,2023-12-31T00:00:00,2023,12,35,Social tension,6750,6929,Somali,ET05,SA,Active
,Countrywide monitoring,Ethiopia,ETH,,,,,0,3323,2023-12-31T00:00:00,2023,12,35,Social tension,1599,1724,South West Ethiopia,ET11,SA,Active
,Countrywide monitoring,Ethiopia,ETH,,,,,0,3889,2023-12-31T00:00:00,2023,12,35,Social tension,1782,2107,Tigray,ET01,SA,Active
,Countrywide monitoring,Ethiopia,ETH,,,,,0,848,2024-05-31T00:00:00,2024,5,36,Conflict,374,474,Not available,Not available,SA,Active
,Countrywide monitoring,Ethiopia,ETH,,,,,0,40,2024-05-31T00:00:00,2024,5,36,Conflict,20,20,Addis Ababa,ET14,SA,Active
,Countrywide monitoring,Ethiopia,ETH,,,,,0,65183,2024-05-31T00:00:00,2024,5,36,Conflict,29802,35381,Afar,ET02,SA,Active
,Countrywide monitoring,Ethiopia,ETH,,,,,0,44814,2024-05-31T00:00:00,2024,5,36,Conflict,21110,23704,Amhara,ET03,SA,Active
,Countrywide monitoring,Ethiopia,ETH,,,,,0,111023,2024-05-31T00:00:00,2024,5,36,Conflict,53152,57871,Benishangul-Gumuz,ET06,SA,Active
,Countrywide monitoring,Ethiopia,ETH,,,,,0,4500,2024-05-31T00:00:00,2024,5,36,Conflict,2034,2466,Central Ethiopia,ET07,SA,Active
,Countrywide monitoring,Ethiopia,ETH,,,,,0,10627,2024-05-31T00:00:00,2024,5,36,Conflict,4976,5651,Gambela,ET12,SA,Active
,Countrywide monitoring,Ethiopia,ETH,,,,,0,251,2024-05-31T00:00:00,2024,5,36,Conflict,127,124,Harari,ET13,SA,Active
,Countrywide monitoring,Ethiopia,ETH,,,,,0,1034903,2024-05-31T00:00:00,2024,5,36,Conflict,498477,536426,Oromia,ET04,SA,Active
,Countrywide monitoring,Ethiopia,ETH,,,,,0,27980,2024-05-31T00:00:00,2024,5,36,Conflict,14232,13748,Sidama,ET16,SA,Active
,Countrywide monitoring,Ethiopia,ETH,,,,,0,254107,2024-05-31T00:00:00,2024,5,36,Conflict,125649,128458,Somali,ET05,SA,Active
,Countrywide monitoring,Ethiopia,ETH,,,,,0,31785,2024-05-31T00:00:00,2024,5,36,Conflict,15535,16250,South West Ethiopia,ET11,SA,Active
,Countrywide monitoring,Ethiopia,ETH,,,,,0,882363,2024-05-31T00:00:00,2024,5,36,Conflict,405240,477123,Tigray,ET01,SA,Active
,Countrywide monitoring,Ethiopia,ETH,,,,,0,52968,2024-05-31T00:00:00,2024,5,36,Natural disaster,25615,27353,Afar,ET02,SA,Active
,Countrywide monitoring,Ethiopia,ETH,,,,,0,3356,2024-05-31T00:00:00,2024,5,36,Natural disaster,1596,1760,Amhara,ET03,SA,Active
,Countrywide monitoring,Ethiopia,ETH,,,,,0,2466,2024-05-31T00:00:00,2024,5,36,Natural disaster,1180,1286,Central Ethiopia,ET07,SA,Active
,Countrywide monitoring,Ethiopia,ETH,,,,,0,16096,2024-05-31T00:00:00,2024,5,36,Natural disaster,7772,8324,Gambela,ET12,SA,Active
,Countrywide monitoring,Ethiopia,ETH,,,,,0,142677,2024-05-31T00:00:00,2024,5,36,Natural disaster,69278,73399,Oromia,ET04,SA,Active
,Countrywide monitoring,Ethiopia,ETH,,,,,0,424,2024-05-31T00:00:00,2024,5,36,Natural disaster,210,214,Sidama,ET16,SA,Active
,Countrywide monitoring,Ethiopia,ETH,,,,,0,597053,2024-05-31T00:00:00,2024,5,36,Natural disaster,294267,302786,Somali,ET05,SA,Active
,Countrywide monitoring,Ethiopia,ETH,,,,,0,3570,2024-05-31T00:00:00,2024,5,36,Natural disaster,1687,1883,South West Ethiopia,ET11,SA,Active
,Countrywide monitoring,Ethiopia,ETH,,,,,0,603,2024-05-31T00:00:00,2024,5,36,Other reason,339,264,Afar,ET02,SA,Active
,Countrywide monitoring,Ethiopia,ETH,,,,,0,19056,2024-05-31T00:00:00,2024,5,36,Other reason,8933,10123,Oromia,ET04,SA,Active
,Countrywide monitoring,Ethiopia,ETH,,,,,0,10116,2024-08-31T00:00:00,2024,8,37,Conflict,4707,5409,Not available,Not available,SA,Active
,Countrywide monitoring,Ethiopia,ETH,,,,,0,969,2024-08-31T00:00:00,2024,8,37,Conflict,470,499,Addis Ababa,ET14,SA,Active
,Countrywide monitoring,Ethiopia,ETH,,,,,0,94305,2024-08-31T00:00:00,2024,8,37,Conflict,45223,49082,Afar,ET02,SA,Active
,Countrywide monitoring,Ethiopia,ETH,,,,,0,45762,2024-08-31T00:00:00,2024,8,37,Conflict,21184,24578,Amhara,ET03,SA,Active
,Countrywide monitoring,Ethiopia,ETH,,,,,0,50938,2024-08-31T00:00:00,2024,8,37,Conflict,24047,26891,Benishangul-Gumuz,ET06,SA,Active
,Countrywide monitoring,Ethiopia,ETH,,,,,0,11078,2024-08-31T00:00:00,2024,8,37,Conflict,5157,5921,Central Ethiopia,ET07,SA,Active
,Countrywide monitoring,Ethiopia,ETH,,,,,0,14763,2024-08-31T00:00:00,2024,8,37,Conflict,7172,7591,Gambela,ET12,SA,Active
,Countrywide monitoring,Ethiopia,ETH,,,,,0,415488,2024-08-31T00:00:00,2024,8,37,Conflict,199231,216257,Oromia,ET04,SA,Active
,Countrywide monitoring,Ethiopia,ETH,,,,,0,27898,2024-08-31T00:00:00,2024,8,37,Conflict,14199,13699,Sidama,ET16,SA,Active
,Countrywide monitoring,Ethiopia,ETH,,,,,0,120484,2024-08-31T00:00:00,2024,8,37,Conflict,58425,62059,Somali,ET05,SA,Active
,Countrywide monitoring,Ethiopia,ETH,,,,,0,865,2024-08-31T00:00:00,2024,8,37,Conflict,382,483,South Ethiopian,ET08,SA,Active
,Countrywide monitoring,Ethiopia,ETH,,,,,0,27216,2024-08-31T00:00:00,2024,8,37,Conflict,13255,13961,South West Ethiopia,ET11,SA,Active
,Countrywide monitoring,Ethiopia,ETH,,,,,0,756178,2024-08-31T00:00:00,2024,8,37,Conflict,351970,404208,Tigray,ET01,SA,Active
,Countrywide monitoring,Ethiopia,ETH,,,,,0,2708,2024-08-31T00:00:00,2024,8,37,Natural disaster,1176,1532,Not available,Not available,SA,Active
,Countrywide monitoring,Ethiopia,ETH,,,,,0,56194,2024-08-31T00:00:00,2024,8,37,Natural disaster,27308,28886,Afar,ET02,SA,Active
,Countrywide monitoring,Ethiopia,ETH,,,,,0,1928,2024-08-31T00:00:00,2024,8,37,Natural disaster,951,977,Central Ethiopia,ET07,SA,Active
,Countrywide monitoring,Ethiopia,ETH,,,,,0,1480,2024-08-31T00:00:00,2024,8,37,Natural disaster,672,808,Gambela,ET12,SA,Active
,Countrywide monitoring,Ethiopia,ETH,,,,,0,105143,2024-08-31T00:00:00,2024,8,37,Natural disaster,50673,54470,Oromia,ET04,SA,Active
,Countrywide monitoring,Ethiopia,ETH,,,,,0,404,2024-08-31T00:00:00,2024,8,37,Natural disaster,201,203,Sidama,ET16,SA,Active
,Countrywide monitoring,Ethiopia,ETH,,,,,0,140,2024-08-31T00:00:00,2024,8,37,Natural disaster,68,72,Somali,ET05,SA,Active
,Countrywide monitoring,Ethiopia,ETH,,,,,0,4015,2024-08-31T00:00:00,2024,8,37,Natural disaster,1895,2120,South West Ethiopia,ET11,SA,Active
,Countrywide monitoring,Ethiopia,ETH,,,,,0,528,2024-08-31T00:00:00,2024,8,37,Natural disaster,240,288,Tigray,ET01,SA,Active
,Countrywide monitoring,Ethiopia,ETH,,,,,0,357,2024-08-31T00:00:00,2024,8,37,Other reason,173,184,Not available,Not available,SA,Active
,Countrywide monitoring,Ethiopia,ETH,,,,,0,1412,2024-08-31T00:00:00,2024,8,37,Other reason,711,701,Afar,ET02,SA,Active
,Countrywide monitoring,Ethiopia,ETH,,,,,0,132,2024-08-31T00:00:00,2024,8,37,Other reason,55,77,Amhara,ET03,SA,Active
,Countrywide monitoring,Ethiopia,ETH,,,,,0,152708,2024-08-31T00:00:00,2024,8,37,Other reason,73498,79210,Oromia,ET04,SA,Active
,Countrywide monitoring,Ethiopia,ETH,,,,,0,13889,2024-08-31T00:00:00,2024,8,37,Other reason,7000,6889,Somali,ET05,SA,Active
,Countrywide monitoring,Ethiopia,ETH,,,,,0,2378,2024-08-31T00:00:00,2024,8,37,Other reason,1150,1228,South West Ethiopia,ET11,SA,Active
,Countrywide monitoring,Ethiopia,ETH,,,,,0,517,2024-08-31T00:00:00,2024,8,37,Other reason,247,270,Tigray,ET01,SA,Active
8422,Countrywide monitoring,Ethiopia,ETH,Gambela,ET12,,,1,15420,2017-12-31T00:00:00,2017,12,8,Conflict,7046,8374,Gambela,ET12,SA,Active
8560,Countrywide monitoring,Ethiopia,ETH,Tigray,ET01,,,1,6984,2017-12-31T00:00:00,2017,12,8,Conflict,3170,3814,Tigray,ET01,SA,Active
8618,Countrywide monitoring,Ethiopia,ETH,Somali,ET05,,,1,71054,2017-12-31T00:00:00,2017,12,8,Conflict,34696,36358,Somali,ET05,SA,Active
8897,Countrywide monitoring,Ethiopia,ETH,Harari,ET13,,,1,3000,2017-12-31T00:00:00,2017,12,8,Conflict,1527,1473,Somali,ET05,SA,Active
8950,Countrywide monitoring,Ethiopia,ETH,Afar,ET02,,,1,1995,2017-12-31T00:00:00,2017,12,8,Conflict,1040,955,Amhara,ET03,SA,Active
8963,Countrywide monitoring,Ethiopia,ETH,Tigray,ET01,,,1,11855,2017-12-31T00:00:00,2017,12,8,Conflict,6906,4949,Amhara,ET03,SA,Active
25412,Countrywide monitoring,Ethiopia,ETH,Somali,ET05,,,1,346025,2017-12-31T00:00:00,2017,12,8,Natural disaster,166910,179115,Somali,ET05,SA,Active
25456,Countrywide monitoring,Ethiopia,ETH,Amhara,ET03,,,1,7818,2017-12-31T00:00:00,2017,12,8,Conflict,3544,4274,Amhara,ET03,SA,Active
25533,Countrywide monitoring,Ethiopia,ETH,Afar,ET02,,,1,1225,2017-12-31T00:00:00,2017,12,8,Conflict,624,601,Afar,ET02,SA,Active
25602,Countrywide monitoring,Ethiopia,ETH,Addis Ababa,ET14,,,1,2500,2017-12-31T00:00:00,2017,12,8,Conflict,1314,1186,Somali,ET05,SA,Active
25795,Countrywide monitoring,Ethiopia,ETH,Dire Dawa,ET15,,,1,4666,2017-12-31T00:00:00,2017,12,8,Conflict,2377,2289,Somali,ET05,SA,Active
25822,Countrywide monitoring,Ethiopia,ETH,Oromia,ET04,,,1,143991,2017-12-31T00:00:00,2017,12,8,Natural disaster,71677,72314,Oromia,ET04,SA,Active
34065,Countrywide monitoring,Ethiopia,ETH,Oromia,ET04,,,1,227080,2017-12-31T00:00:00,2017,12,8,Conflict,112555,114525,Somali,ET05,SA,Active
34077,Countrywide monitoring,Ethiopia,ETH,Tigray,ET01,,,1,432,2017-12-31T00:00:00,2017,12,8,Conflict,265,167,Oromia,ET04,SA,Active
34195,Countrywide monitoring,Ethiopia,ETH,Oromia,ET04,,,1,6354,2017-12-31T00:00:00,2017,12,8,Other reason,3066,3288,Oromia,ET04,SA,Active
34217,Countrywide monitoring,Ethiopia,ETH,Amhara,ET03,,,1,300,2017-12-31T00:00:00,2017,12,8,Conflict,149,151,Afar,ET02,SA,Active
34296,Countrywide monitoring,Ethiopia,ETH,Oromia,ET04,,,1,388956,2017-12-31T00:00:00,2017,12,8,Conflict,193388,195568,Oromia,ET04,SA,Active
42505,Countrywide monitoring,Ethiopia,ETH,Somali,ET05,,,1,383536,2017-12-31T00:00:00,2017,12,8,Conflict,182002,201534,Oromia,ET04,SA,Active
50815,Countrywide monitoring,Ethiopia,ETH,Tigray,ET01,,,1,1481,2017-12-31T00:00:00,2017,12,8,Natural disaster,829,652,Tigray,ET01,SA,Active
50917,Countrywide monitoring,Ethiopia,ETH,Afar,ET02,,,1,49713,2017-12-31T00:00:00,2017,12,8,Natural disaster,24791,24922,Afar,ET02,SA,Active
50934,Countrywide monitoring,Ethiopia,ETH,Amhara,ET03,,,1,3451,2017-12-31T00:00:00,2017,12,8,Natural disaster,1590,1861,Amhara,ET03,SA,Active
50983,Countrywide monitoring,Ethiopia,ETH,Gambela,ET12,,,1,6150,2017-12-31T00:00:00,2017,12,8,Natural disaster,3130,3020,Gambela,ET12,SA,Active
59096,Countrywide monitoring,Ethiopia,ETH,Oromia,ET04,,,1,1455,2017-12-31T00:00:00,2017,12,8,Economic reasons,730,725,Somali,ET05,SA,Active
59344,Countrywide monitoring,Ethiopia,ETH,Oromia,ET04,,,1,4406,2017-12-31T00:00:00,2017,12,8,Economic reasons,2253,2153,Oromia,ET04,SA,Active
67675,Countrywide monitoring,Ethiopia,ETH,Somali,ET05,,,1,6298,2017-12-31T00:00:00,2017,12,8,Conflict,3315,2983,Afar,ET02,SA,Active
67689,Countrywide monitoring,Ethiopia,ETH,Tigray,ET01,,,1,654,2018-02-28T00:00:00,2018,2,9,Conflict,380,274,Oromia,ET04,SA,Active
67581,Countrywide monitoring,Ethiopia,ETH,Oromia,ET04,,,1,1307,2018-02-28T00:00:00,2018,2,9,Other reason,666,641,Somali,ET05,SA,Active
59221,Countrywide monitoring,Ethiopia,ETH,Tigray,ET01,,,1,6986,2018-02-28T00:00:00,2018,2,9,Conflict,3170,3816,Tigray,ET01,SA,Active
59094,Countrywide monitoring,Ethiopia,ETH,Oromia,ET04,,,1,92110,2018-02-28T00:00:00,2018,2,9,Natural disaster,45828,46282,Oromia,ET04,SA,Active
59146,Countrywide monitoring,Ethiopia,ETH,Afar,ET02,,,1,5682,2018-02-28T00:00:00,2018,2,9,Other reason,2911,2771,Afar,ET02,SA,Active
59174,Countrywide monitoring,Ethiopia,ETH,Afar,ET02,,,1,43033,2018-02-28T00:00:00,2018,2,9,Natural disaster,21427,21606,Afar,ET02,SA,Active
67328,Countrywide monitoring,Ethiopia,ETH,Addis Ababa,ET14,,,1,5720,2018-02-28T00:00:00,2018,2,9,Conflict,2803,2917,Somali,ET05,SA,Active
67338,Countrywide monitoring,Ethiopia,ETH,Amhara,ET03,,,1,8581,2018-02-28T00:00:00,2018,2,9,Conflict,4033,4548,Amhara,ET03,SA,Active
67346,Countrywide monitoring,Ethiopia,ETH,Afar,ET02,,,1,2004,2018-02-28T00:00:00,2018,2,9,Conflict,1037,967,Amhara,ET03,SA,Active
67382,Countrywide monitoring,Ethiopia,ETH,Dire Dawa,ET15,,,1,6675,2018-02-28T00:00:00,2018,2,9,Conflict,3636,3039,Oromia,ET04,SA,Active
67493,Countrywide monitoring,Ethiopia,ETH,Amhara,ET03,,,1,120,2018-02-28T00:00:00,2018,2,9,Conflict,56,64,Oromia,ET04,SA,Active
67498,Countrywide monitoring,Ethiopia,ETH,Amhara,ET03,,,1,2993,2018-02-28T00:00:00,2018,2,9,Natural disaster,1507,1486,Amhara,ET03,SA,Active
59025,Countrywide monitoring,Ethiopia,ETH,Tigray,ET01,,,1,1168,2018-02-28T00:00:00,2018,2,9,Natural disaster,673,495,Tigray,ET01,SA,Active
42634,Countrywide monitoring,Ethiopia,ETH,Dire Dawa,ET15,,,1,8385,2018-02-28T00:00:00,2018,2,9,Conflict,4110,4275,Somali,ET05,SA,Active
42663,Countrywide monitoring,Ethiopia,ETH,South Ethiopia People,ET08,,,1,897,2018-02-28T00:00:00,2018,2,9,Conflict,583,314,Not available,Not available,SA,Active
42530,Countrywide monitoring,Ethiopia,ETH,Gambela,ET12,,,1,2675,2018-02-28T00:00:00,2018,2,9,Natural disaster,1418,1257,Gambela,ET12,SA,Active
34335,Countrywide monitoring,Ethiopia,ETH,Amhara,ET03,,,1,106,2018-02-28T00:00:00,2018,2,9,Other reason,46,60,Amhara,ET03,SA,Active
42575,Countrywide monitoring,Ethiopia,ETH,Amhara,ET03,,,1,300,2018-02-28T00:00:00,2018,2,9,Conflict,149,151,Afar,ET02,SA,Active
34247,Countrywide monitoring,Ethiopia,ETH,Tigray,ET01,,,1,13680,2018-02-28T00:00:00,2018,2,9,Conflict,8011,5669,Amhara,ET03,SA,Active
34150,Countrywide monitoring,Ethiopia,ETH,Gambela,ET12,,,1,20234,2018-02-28T00:00:00,2018,2,9,Conflict,10188,10046,Gambela,ET12,SA,Active
34066,Countrywide monitoring,Ethiopia,ETH,Harari,ET13,,,1,590,2018-02-28T00:00:00,2018,2,9,Conflict,264,326,Somali,ET05,SA,Active
34128,Countrywide monitoring,Ethiopia,ETH,Oromia,ET04,,,1,5688,2018-02-28T00:00:00,2018,2,9,Natural disaster,2832,2856,Not available,Not available,SA,Active
25792,Countrywide monitoring,Ethiopia,ETH,Oromia,ET04,,,1,25345,2018-02-28T00:00:00,2018,2,9,Other reason,12478,12867,Oromia,ET04,SA,Active
25496,Countrywide monitoring,Ethiopia,ETH,Somali,ET05,,,1,121656,2018-02-28T00:00:00,2018,2,9,Conflict,59691,61965,Somali,ET05,SA,Active
9036,Countrywide monitoring,Ethiopia,ETH,Somali,ET05,,,1,366498,2018-02-28T00:00:00,2018,2,9,Conflict,177941,188557,Oromia,ET04,SA,Active
9044,Countrywide monitoring,Ethiopia,ETH,Oromia,ET04,,,1,207934,2018-02-28T00:00:00,2018,2,9,Conflict,102197,105737,Somali,ET05,SA,Active
8869,Countrywide monitoring,Ethiopia,ETH,Oromia,ET04,,,1,444938,2018-02-28T00:00:00,2018,2,9,Conflict,219609,225329,Oromia,ET04,SA,Active
8708,Countrywide monitoring,Ethiopia,ETH,Afar,ET02,,,1,2004,2018-02-28T00:00:00,2018,2,9,Conflict,1062,942,Afar,ET02,SA,Active
8831,Countrywide monitoring,Ethiopia,ETH,Somali,ET05,,,1,344498,2018-02-28T00:00:00,2018,2,9,Natural disaster,171456,173042,Somali,ET05,SA,Active
8730,Countrywide monitoring,Ethiopia,ETH,Amhara,ET03,,,1,443,2018-04-30T00:00:00,2018,4,10,Conflict,212,231,Oromia,ET04,SA,Active
8736,Countrywide monitoring,Ethiopia,ETH,Addis Ababa,ET14,,,1,6355,2018-04-30T00:00:00,2018,4,10,Conflict,2996,3359,Somali,ET05,SA,Active
8387,Countrywide monitoring,Ethiopia,ETH,Afar,ET02,,,1,5682,2018-04-30T00:00:00,2018,4,10,Other reason,2890,2792,Afar,ET02,SA,Active
8428,Countrywide monitoring,Ethiopia,ETH,Oromia,ET04,,,1,219444,2018-04-30T00:00:00,2018,4,10,Conflict,108414,111030,Somali,ET05,SA,Active
8515,Countrywide monitoring,Ethiopia,ETH,Amhara,ET03,,,1,2680,2018-04-30T00:00:00,2018,4,10,Conflict,1258,1422,Amhara,ET03,SA,Active
8215,Countrywide monitoring,Ethiopia,ETH,Oromia,ET04,,,1,4224,2018-04-30T00:00:00,2018,4,10,Natural disaster,2352,1872,Not available,Not available,SA,Active
8900,Countrywide monitoring,Ethiopia,ETH,Amhara,ET03,,,1,106,2018-04-30T00:00:00,2018,4,10,Other reason,46,60,Amhara,ET03,SA,Active
25499,Countrywide monitoring,Ethiopia,ETH,Afar,ET02,,,1,1596,2018-04-30T00:00:00,2018,4,10,Conflict,837,759,Amhara,ET03,SA,Active
25461,Countrywide monitoring,Ethiopia,ETH,Tigray,ET01,,,1,1461,2018-04-30T00:00:00,2018,4,10,Natural disaster,821,640,Tigray,ET01,SA,Active
25537,Countrywide monitoring,Ethiopia,ETH,Amhara,ET03,,,1,1596,2018-04-30T00:00:00,2018,4,10,Conflict,824,772,Benishangul-Gumuz,ET06,SA,Active
34111,Countrywide monitoring,Ethiopia,ETH,Oromia,ET04,,,1,357236,2018-04-30T00:00:00,2018,4,10,Conflict,174460,182776,Oromia,ET04,SA,Active
25827,Countrywide monitoring,Ethiopia,ETH,Somali,ET05,,,1,93719,2018-04-30T00:00:00,2018,4,10,Conflict,45344,48375,Somali,ET05,SA,Active
25556,Countrywide monitoring,Ethiopia,ETH,Somali,ET05,,,1,331119,2018-04-30T00:00:00,2018,4,10,Conflict,157216,173903,Oromia,ET04,SA,Active
25702,Countrywide monitoring,Ethiopia,ETH,Dire Dawa,ET15,,,1,8485,2018-04-30T00:00:00,2018,4,10,Conflict,4234,4251,Oromia,ET04,SA,Active
34281,Countrywide monitoring,Ethiopia,ETH,Amhara,ET03,,,1,1803,2018-04-30T00:00:00,2018,4,10,Natural disaster,865,938,Amhara,ET03,SA,Active
34311,Countrywide monitoring,Ethiopia,ETH,Tigray,ET01,,,1,14410,2018-04-30T00:00:00,2018,4,10,Conflict,8470,5940,Amhara,ET03,SA,Active
42577,Countrywide monitoring,Ethiopia,ETH,Harari,ET13,,,1,1000,2018-04-30T00:00:00,2018,4,10,Conflict,525,475,Oromia,ET04,SA,Active
42510,Countrywide monitoring,Ethiopia,ETH,Oromia,ET04,,,1,17347,2018-04-30T00:00:00,2018,4,10,Other reason,8308,9039,Oromia,ET04,SA,Active
42682,Countrywide monitoring,Ethiopia,ETH,Oromia,ET04,,,1,94972,2018-04-30T00:00:00,2018,4,10,Natural disaster,46414,48558,Oromia,ET04,SA,Active
42684,Countrywide monitoring,Ethiopia,ETH,Oromia,ET04,,,1,28084,2018-04-30T00:00:00,2018,4,10,Other reason,13475,14609,Somali,ET05,SA,Active
50816,Countrywide monitoring,Ethiopia,ETH,Afar,ET02,,,1,46686,2018-04-30T00:00:00,2018,4,10,Natural disaster,23417,23269,Afar,ET02,SA,Active
50978,Countrywide monitoring,Ethiopia,ETH,Amhara,ET03,,,1,260,2018-04-30T00:00:00,2018,4,10,Conflict,130,130,Afar,ET02,SA,Active
67416,Countrywide monitoring,Ethiopia,ETH,Dire Dawa,ET15,,,1,3465,2018-04-30T00:00:00,2018,4,10,Conflict,1725,1740,Somali,ET05,SA,Active
67526,Countrywide monitoring,Ethiopia,ETH,Tigray,ET01,,,1,7049,2018-04-30T00:00:00,2018,4,10,Conflict,3170,3879,Tigray,ET01,SA,Active
59095,Countrywide monitoring,Ethiopia,ETH,Somali,ET05,,,1,339307,2018-04-30T00:00:00,2018,4,10,Natural disaster,170464,168843,Somali,ET05,SA,Active
59194,Countrywide monitoring,Ethiopia,ETH,Gambela,ET12,,,1,12277,2018-04-30T00:00:00,2018,4,10,Conflict,6012,6265,Gambela,ET12,SA,Active
59297,Countrywide monitoring,Ethiopia,ETH,Tigray,ET01,,,1,7192,2018-04-30T00:00:00,2018,4,10,Conflict,4183,3009,Oromia,ET04,SA,Active
67588,Countrywide monitoring,Ethiopia,ETH,Harari,ET13,,,1,3027,2018-04-30T00:00:00,2018,4,10,Conflict,1406,1621,Somali,ET05,SA,Active
67646,Countrywide monitoring,Ethiopia,ETH,Afar,ET02,,,1,2411,2018-04-30T00:00:00,2018,4,10,Conflict,1301,1110,Afar,ET02,SA,Active
67676,Countrywide monitoring,Ethiopia,ETH,Somali,ET05,,,1,373663,2018-06-30T00:00:00,2018,6,11,Natural disaster,187171,186492,Somali,ET05,SA,Active
59171,Countrywide monitoring,Ethiopia,ETH,Oromia,ET04,,,1,4224,2018-06-30T00:00:00,2018,6,11,Natural disaster,2352,1872,Not available,Not available,SA,Active
59230,Countrywide monitoring,Ethiopia,ETH,Afar,ET02,,,1,2003,2018-06-30T00:00:00,2018,6,11,Conflict,1068,935,Amhara,ET03,SA,Active
67470,Countrywide monitoring,Ethiopia,ETH,Afar,ET02,,,1,5598,2018-06-30T00:00:00,2018,6,11,Other reason,2824,2774,Afar,ET02,SA,Active
67399,Countrywide monitoring,Ethiopia,ETH,Oromia,ET04,,,1,232235,2018-06-30T00:00:00,2018,6,11,Conflict,113639,118596,Somali,ET05,SA,Active
67335,Countrywide monitoring,Ethiopia,ETH,Gambela,ET12,,,1,13477,2018-06-30T00:00:00,2018,6,11,Conflict,6390,7087,Gambela,ET12,SA,Active
67304,Countrywide monitoring,Ethiopia,ETH,Oromia,ET04,,,1,111629,2018-06-30T00:00:00,2018,6,11,Natural disaster,54829,56800,Oromia,ET04,SA,Active
50862,Countrywide monitoring,Ethiopia,ETH,Amhara,ET03,,,1,2536,2018-06-30T00:00:00,2018,6,11,Conflict,1260,1276,Amhara,ET03,SA,Active
42690,Countrywide monitoring,Ethiopia,ETH,Tigray,ET01,,,1,7402,2018-06-30T00:00:00,2018,6,11,Conflict,4068,3334,Oromia,ET04,SA,Active
42702,Countrywide monitoring,Ethiopia,ETH,Afar,ET02,,,1,2005,2018-06-30T00:00:00,2018,6,11,Conflict,1041,964,Afar,ET02,SA,Active
42511,Countrywide monitoring,Ethiopia,ETH,Somali,ET05,,,1,196286,2018-06-30T00:00:00,2018,6,11,Conflict,91930,104356,Somali,ET05,SA,Active
34319,Countrywide monitoring,Ethiopia,ETH,Amhara,ET03,,,1,180,2018-06-30T00:00:00,2018,6,11,Conflict,91,89,Afar,ET02,SA,Active
42589,Countrywide monitoring,Ethiopia,ETH,Oromia,ET04,,,1,14687,2018-06-30T00:00:00,2018,6,11,Other reason,7415,7272,Oromia,ET04,SA,Active
42550,Countrywide monitoring,Ethiopia,ETH,Addis Ababa,ET14,,,1,6355,2018-06-30T00:00:00,2018,6,11,Conflict,2996,3359,Somali,ET05,SA,Active
34289,Countrywide monitoring,Ethiopia,ETH,Amhara,ET03,,,1,1427,2018-06-30T00:00:00,2018,6,11,Conflict,790,637,Oromia,ET04,SA,Active
34220,Countrywide monitoring,Ethiopia,ETH,Amhara,ET03,,,1,954,2018-06-30T00:00:00,2018,6,11,Conflict,479,475,Benishangul-Gumuz,ET06,SA,Active
34226,Countrywide monitoring,Ethiopia,ETH,Oromia,ET04,,,1,14531,2018-06-30T00:00:00,2018,6,11,Other reason,6976,7555,Somali,ET05,SA,Active
34162,Countrywide monitoring,Ethiopia,ETH,Amhara,ET03,,,1,120,2018-06-30T00:00:00,2018,6,11,Other reason,48,72,Amhara,ET03,SA,Active
25772,Countrywide monitoring,Ethiopia,ETH,Tigray,ET01,,,1,7030,2018-06-30T00:00:00,2018,6,11,Conflict,3150,3880,Tigray,ET01,SA,Active
8936,Countrywide monitoring,Ethiopia,ETH,Harari,ET13,,,1,3025,2018-06-30T00:00:00,2018,6,11,Conflict,1370,1655,Somali,ET05,SA,Active
8952,Countrywide monitoring,Ethiopia,ETH,Somali,ET05,,,1,303717,2018-06-30T00:00:00,2018,6,11,Conflict,145530,158187,Oromia,ET04,SA,Active
9029,Countrywide monitoring,Ethiopia,ETH,Tigray,ET01,,,1,14481,2018-06-30T00:00:00,2018,6,11,Conflict,8498,5983,Amhara,ET03,SA,Active
8196,Countrywide monitoring,Ethiopia,ETH,Afar,ET02,,,1,43795,2018-06-30T00:00:00,2018,6,11,Natural disaster,22025,21770,Afar,ET02,SA,Active
8242,Countrywide monitoring,Ethiopia,ETH,Oromia,ET04,,,1,379330,2018-06-30T00:00:00,2018,6,11,Conflict,183851,195479,Oromia,ET04,SA,Active
8277,Countrywide monitoring,Ethiopia,ETH,Amhara,ET03,,,1,1593,2018-06-30T00:00:00,2018,6,11,Natural disaster,735,858,Amhara,ET03,SA,Active
8497,Countrywide monitoring,Ethiopia,ETH,Dire Dawa,ET15,,,1,3465,2018-06-30T00:00:00,2018,6,11,Conflict,1725,1740,Somali,ET05,SA,Active
8478,Countrywide monitoring,Ethiopia,ETH,Harari,ET13,,,1,580,2018-06-30T00:00:00,2018,6,11,Conflict,269,311,Oromia,ET04,SA,Active
8449,Countrywide monitoring,Ethiopia,ETH,Dire Dawa,ET15,,,1,8485,2018-06-30T00:00:00,2018,6,11,Conflict,4234,4251,Oromia,ET04,SA,Active
8358,Countrywide monitoring,Ethiopia,ETH,Tigray,ET01,,,1,1461,2018-06-30T00:00:00,2018,6,11,Natural disaster,821,640,Tigray,ET01,SA,Active
8726,Countrywide monitoring,Ethiopia,ETH,Oromia,ET04,,,1,19604,2018-06-30T00:00:00,2018,6,11,Conflict,10319,9285,Not available,Not available,SA,Active
8845,Countrywide monitoring,Ethiopia,ETH,Oromia,ET04,,,1,488,2018-06-30T00:00:00,2018,6,11,Economic reasons,240,248,Somali,ET05,SA,Active
8535,Countrywide monitoring,Ethiopia,ETH,Oromia,ET04,,,1,319,2018-06-30T00:00:00,2018,6,11,Natural disaster,154,165,Somali,ET05,SA,Active
8589,Countrywide monitoring,Ethiopia,ETH,Somali,ET05,,,1,374262,2018-08-30T00:00:00,2018,8,12,Natural disaster,183929,190333,Somali,ET05,SA,Active
8619,Countrywide monitoring,Ethiopia,ETH,Oromia,ET04,,,1,51198,2018-08-30T00:00:00,2018,8,12,Conflict,26060,25138,Not available,Not available,SA,Active
8636,Countrywide monitoring,Ethiopia,ETH,Amhara,ET03,,,1,1998,2018-08-30T00:00:00,2018,8,12,Conflict,1004,994,Oromia,ET04,SA,Active
8657,Countrywide monitoring,Ethiopia,ETH,Afar,ET02,,,1,43791,2018-08-30T00:00:00,2018,8,12,Natural disaster,22101,21690,Afar,ET02,SA,Active
8679,Countrywide monitoring,Ethiopia,ETH,Oromia,ET04,,,1,19238,2018-08-30T00:00:00,2018,8,12,Other reason,9705,9533,Oromia,ET04,SA,Active
8378,Countrywide monitoring,Ethiopia,ETH,Tigray,ET01,,,1,7002,2018-08-30T00:00:00,2018,8,12,Conflict,3180,3822,Tigray,ET01,SA,Active
8400,Countrywide monitoring,Ethiopia,ETH,Tigray,ET01,,,1,15544,2018-08-30T00:00:00,2018,8,12,Conflict,9252,6292,Amhara,ET03,SA,Active
8406,Countrywide monitoring,Ethiopia,ETH,Somali,ET05,,,1,394932,2018-08-30T00:00:00,2018,8,12,Conflict,185395,209537,Somali,ET05,SA,Active
8204,Countrywide monitoring,Ethiopia,ETH,Dire Dawa,ET15,,,1,8575,2018-08-30T00:00:00,2018,8,12,Conflict,4268,4307,Oromia,ET04,SA,Active
8185,Countrywide monitoring,Ethiopia,ETH,Oromia,ET04,,,1,375514,2018-08-30T00:00:00,2018,8,12,Conflict,177995,197519,Oromia,ET04,SA,Active
8285,Countrywide monitoring,Ethiopia,ETH,Afar,ET02,,,1,5682,2018-08-30T00:00:00,2018,8,12,Other reason,2821,2861,Afar,ET02,SA,Active
8957,Countrywide monitoring,Ethiopia,ETH,Tigray,ET01,,,1,6107,2018-08-30T00:00:00,2018,8,12,Conflict,3550,2557,Oromia,ET04,SA,Active
8919,Countrywide monitoring,Ethiopia,ETH,Oromia,ET04,,,1,342,2018-08-30T00:00:00,2018,8,12,Natural disaster,158,184,Somali,ET05,SA,Active
25550,Countrywide monitoring,Ethiopia,ETH,Oromia,ET04,,,1,117150,2018-08-30T00:00:00,2018,8,12,Natural disaster,58515,58635,Oromia,ET04,SA,Active
9045,Countrywide monitoring,Ethiopia,ETH,Oromia,ET04,,,1,4224,2018-08-30T00:00:00,2018,8,12,Natural disaster,2352,1872,Not available,Not available,SA,Active
9043,Countrywide monitoring,Ethiopia,ETH,Amhara,ET03,,,1,585,2018-08-30T00:00:00,2018,8,12,Natural disaster,292,293,Amhara,ET03,SA,Active
25424,Countrywide monitoring,Ethiopia,ETH,Oromia,ET04,,,1,227684,2018-08-30T00:00:00,2018,8,12,Conflict,110007,117677,Somali,ET05,SA,Active
25431,Countrywide monitoring,Ethiopia,ETH,Oromia,ET04,,,1,15019,2018-08-30T00:00:00,2018,8,12,Other reason,7216,7803,Somali,ET05,SA,Active
34225,Countrywide monitoring,Ethiopia,ETH,Harari,ET13,,,1,3025,2018-08-30T00:00:00,2018,8,12,Conflict,1372,1653,Somali,ET05,SA,Active
42562,Countrywide monitoring,Ethiopia,ETH,Afar,ET02,,,1,1487,2018-08-30T00:00:00,2018,8,12,Conflict,815,672,Amhara,ET03,SA,Active
34334,Countrywide monitoring,Ethiopia,ETH,Tigray,ET01,,,1,1461,2018-08-30T00:00:00,2018,8,12,Natural disaster,821,640,Tigray,ET01,SA,Active
42619,Countrywide monitoring,Ethiopia,ETH,Oromia,ET04,,,1,12600,2018-08-30T00:00:00,2018,8,12,Conflict,6216,6384,Central Ethiopia,ET07,SA,Active
50873,Countrywide monitoring,Ethiopia,ETH,Addis Ababa,ET14,,,1,6490,2018-08-30T00:00:00,2018,8,12,Conflict,3060,3430,Somali,ET05,SA,Active
50817,Countrywide monitoring,Ethiopia,ETH,Afar,ET02,,,1,2620,2018-08-30T00:00:00,2018,8,12,Conflict,1433,1187,Afar,ET02,SA,Active
50973,Countrywide monitoring,Ethiopia,ETH,Amhara,ET03,,,1,2915,2018-08-30T00:00:00,2018,8,12,Conflict,1433,1482,Amhara,ET03,SA,Active
67270,Countrywide monitoring,Ethiopia,ETH,Somali,ET05,,,1,322016,2018-08-30T00:00:00,2018,8,12,Conflict,154939,167077,Oromia,ET04,SA,Active
67272,Countrywide monitoring,Ethiopia,ETH,Amhara,ET03,,,1,73,2018-08-30T00:00:00,2018,8,12,Conflict,32,41,Benishangul-Gumuz,ET06,SA,Active
67327,Countrywide monitoring,Ethiopia,ETH,Amhara,ET03,,,1,212,2018-08-30T00:00:00,2018,8,12,Conflict,104,108,Afar,ET02,SA,Active
67517,Countrywide monitoring,Ethiopia,ETH,Gambela,ET12,,,1,12735,2018-08-30T00:00:00,2018,8,12,Conflict,6359,6376,Gambela,ET12,SA,Active
67540,Countrywide monitoring,Ethiopia,ETH,Oromia,ET04,,,1,693,2018-08-30T00:00:00,2018,8,12,Conflict,339,354,Benishangul-Gumuz,ET06,SA,Active
67485,Countrywide monitoring,Ethiopia,ETH,Gambela,ET12,,,1,711,2018-10-30T00:00:00,2018,10,13,Conflict,366,345,Oromia,ET04,SA,Active
67487,Countrywide monitoring,Ethiopia,ETH,Somali,ET05,,,1,1265,2018-10-30T00:00:00,2018,10,13,Natural disaster,582,683,Oromia,ET04,SA,Active
67364,Countrywide monitoring,Ethiopia,ETH,Tigray,ET01,,,1,1167,2018-10-30T00:00:00,2018,10,13,Natural disaster,673,494,Tigray,ET01,SA,Active
59263,Countrywide monitoring,Ethiopia,ETH,Oromia,ET04,,,1,21082,2018-10-30T00:00:00,2018,10,13,Natural disaster,10436,10646,Amhara,ET03,SA,Active
59308,Countrywide monitoring,Ethiopia,ETH,Afar,ET02,,,1,1841,2018-10-30T00:00:00,2018,10,13,Conflict,1005,836,Amhara,ET03,SA,Active
59309,Countrywide monitoring,Ethiopia,ETH,Dire Dawa,ET15,,,1,9775,2018-10-30T00:00:00,2018,10,13,Conflict,4030,5745,Oromia,ET04,SA,Active
67251,Countrywide monitoring,Ethiopia,ETH,Amhara,ET03,,,1,194,2018-10-30T00:00:00,2018,10,13,Conflict,95,99,Afar,ET02,SA,Active
59031,Countrywide monitoring,Ethiopia,ETH,Oromia,ET04,,,1,391817,2018-10-30T00:00:00,2018,10,13,Conflict,187058,204759,Oromia,ET04,SA,Active
50942,Countrywide monitoring,Ethiopia,ETH,Somali,ET05,,,1,523322,2018-10-30T00:00:00,2018,10,13,Conflict,243886,279436,Oromia,ET04,SA,Active
50926,Countrywide monitoring,Ethiopia,ETH,Amhara,ET03,,,1,1561,2018-10-30T00:00:00,2018,10,13,Conflict,732,829,Somali,ET05,SA,Active
59009,Countrywide monitoring,Ethiopia,ETH,Amhara,ET03,,,1,182,2018-10-30T00:00:00,2018,10,13,Conflict,182,0,Tigray,ET01,SA,Active
51000,Countrywide monitoring,Ethiopia,ETH,Oromia,ET04,,,1,28871,2018-10-30T00:00:00,2018,10,13,Natural disaster,14310,14561,Somali,ET05,SA,Active
50822,Countrywide monitoring,Ethiopia,ETH,Oromia,ET04,,,1,103823,2018-10-30T00:00:00,2018,10,13,Natural disaster,51442,52381,Oromia,ET04,SA,Active
34239,Countrywide monitoring,Ethiopia,ETH,Somali,ET05,,,1,137005,2018-10-30T00:00:00,2018,10,13,Conflict,64736,72269,Somali,ET05,SA,Active
34163,Countrywide monitoring,Ethiopia,ETH,Oromia,ET04,,,1,15527,2018-10-30T00:00:00,2018,10,13,Other reason,7779,7748,Oromia,ET04,SA,Active
34136,Countrywide monitoring,Ethiopia,ETH,Afar,ET02,,,1,44596,2018-10-30T00:00:00,2018,10,13,Natural disaster,22690,21906,Afar,ET02,SA,Active
25433,Countrywide monitoring,Ethiopia,ETH,Dire Dawa,ET15,,,1,2784,2018-10-30T00:00:00,2018,10,13,Conflict,1363,1421,Dire Dawa,ET15,SA,Active
25428,Countrywide monitoring,Ethiopia,ETH,Amhara,ET03,,,1,247,2018-10-30T00:00:00,2018,10,13,Natural disaster,116,131,Amhara,ET03,SA,Active
25520,Countrywide monitoring,Ethiopia,ETH,Harari,ET13,,,1,1755,2018-10-30T00:00:00,2018,10,13,Conflict,886,869,Somali,ET05,SA,Active
25474,Countrywide monitoring,Ethiopia,ETH,Somali,ET05,,,1,349856,2018-10-30T00:00:00,2018,10,13,Natural disaster,174744,175112,Somali,ET05,SA,Active
8977,Countrywide monitoring,Ethiopia,ETH,Oromia,ET04,,,1,8864,2018-10-30T00:00:00,2018,10,13,Economic reasons,4432,4432,Oromia,ET04,SA,Active
25758,Countrywide monitoring,Ethiopia,ETH,Oromia,ET04,,,1,2361,2018-10-30T00:00:00,2018,10,13,Conflict,1179,1182,Benishangul-Gumuz,ET06,SA,Active
25788,Countrywide monitoring,Ethiopia,ETH,Gambela,ET12,,,1,3745,2018-10-30T00:00:00,2018,10,13,Natural disaster,1953,1792,Gambela,ET12,SA,Active
25557,Countrywide monitoring,Ethiopia,ETH,Amhara,ET03,,,1,885,2018-10-30T00:00:00,2018,10,13,Conflict,376,509,Benishangul-Gumuz,ET06,SA,Active
8286,Countrywide monitoring,Ethiopia,ETH,Oromia,ET04,,,1,331710,2018-10-30T00:00:00,2018,10,13,Conflict,160959,170751,Somali,ET05,SA,Active
8339,Countrywide monitoring,Ethiopia,ETH,Oromia,ET04,,,1,664,2018-10-30T00:00:00,2018,10,13,Economic reasons,320,344,Somali,ET05,SA,Active
8278,Countrywide monitoring,Ethiopia,ETH,Amhara,ET03,,,1,7292,2018-10-30T00:00:00,2018,10,13,Conflict,3546,3746,Oromia,ET04,SA,Active
8365,Countrywide monitoring,Ethiopia,ETH,Oromia,ET04,,,1,1250,2018-10-30T00:00:00,2018,10,13,Natural disaster,650,600,Gambela,ET12,SA,Active
8438,Countrywide monitoring,Ethiopia,ETH,Addis Ababa,ET14,,,1,6490,2018-10-30T00:00:00,2018,10,13,Conflict,3060,3430,Somali,ET05,SA,Active
8484,Countrywide monitoring,Ethiopia,ETH,Tigray,ET01,,,1,7025,2018-10-30T00:00:00,2018,10,13,Conflict,3201,3824,Tigray,ET01,SA,Active
8740,Countrywide monitoring,Ethiopia,ETH,Tigray,ET01,,,1,4291,2018-10-30T00:00:00,2018,10,13,Conflict,2404,1887,Somali,ET05,SA,Active
8775,Countrywide monitoring,Ethiopia,ETH,Afar,ET02,,,1,1900,2018-10-30T00:00:00,2018,10,13,Conflict,1002,898,Afar,ET02,SA,Active
8853,Countrywide monitoring,Ethiopia,ETH,Gambela,ET12,,,1,16617,2018-10-30T00:00:00,2018,10,13,Conflict,8415,8202,Gambela,ET12,SA,Active
8861,Countrywide monitoring,Ethiopia,ETH,Oromia,ET04,,,1,1556,2018-10-30T00:00:00,2018,10,13,Conflict,816,740,Amhara,ET03,SA,Active
8658,Countrywide monitoring,Ethiopia,ETH,Tigray,ET01,,,1,16841,2018-10-30T00:00:00,2018,10,13,Conflict,10253,6588,Amhara,ET03,SA,Active
8642,Countrywide monitoring,Ethiopia,ETH,Tigray,ET01,,,1,20228,2018-10-30T00:00:00,2018,10,13,Conflict,11749,8479,Oromia,ET04,SA,Active
8669,Countrywide monitoring,Ethiopia,ETH,Somali,ET05,,,1,4718,2018-10-30T00:00:00,2018,10,13,Conflict,2124,2594,Not available,Not available,SA,Active
67667,Countrywide monitoring,Ethiopia,ETH,Amhara,ET03,,,1,1460,2018-10-30T00:00:00,2018,10,13,Conflict,743,717,Amhara,ET03,SA,Active
67629,Countrywide monitoring,Ethiopia,ETH,Oromia,ET04,,,1,8700,2018-12-31T00:00:00,2018,12,14,Economic reasons,4350,4350,Oromia,ET04,SA,Active
67630,Countrywide monitoring,Ethiopia,ETH,Amhara,ET03,,,1,524,2018-12-31T00:00:00,2018,12,14,Conflict,289,235,Somali,ET05,SA,Active
8664,Countrywide monitoring,Ethiopia,ETH,Tigray,ET01,,,1,571,2018-12-31T00:00:00,2018,12,14,Conflict,346,225,Somali,ET05,SA,Active
8638,Countrywide monitoring,Ethiopia,ETH,Addis Ababa,ET14,,,1,6583,2018-12-31T00:00:00,2018,12,14,Conflict,3153,3430,Addis Ababa,ET14,SA,Active
8546,Countrywide monitoring,Ethiopia,ETH,Afar,ET02,,,1,1852,2018-12-31T00:00:00,2018,12,14,Conflict,960,892,Amhara,ET03,SA,Active
8806,Countrywide monitoring,Ethiopia,ETH,Afar,ET02,,,1,1565,2018-12-31T00:00:00,2018,12,14,Conflict,842,723,Afar,ET02,SA,Active
8371,Countrywide monitoring,Ethiopia,ETH,Oromia,ET04,,,1,601026,2018-12-31T00:00:00,2018,12,14,Conflict,289789,311237,Oromia,ET04,SA,Active
8411,Countrywide monitoring,Ethiopia,ETH,Afar,ET02,,,1,47202,2018-12-31T00:00:00,2018,12,14,Natural disaster,23798,23404,Afar,ET02,SA,Active
8225,Countrywide monitoring,Ethiopia,ETH,Oromia,ET04,,,1,6097,2018-12-31T00:00:00,2018,12,14,Other reason,2843,3254,Oromia,ET04,SA,Active
8184,Countrywide monitoring,Ethiopia,ETH,Amhara,ET03,,,1,284,2018-12-31T00:00:00,2018,12,14,Conflict,284,0,Tigray,ET01,SA,Active
8316,Countrywide monitoring,Ethiopia,ETH,Amhara,ET03,,,1,1803,2018-12-31T00:00:00,2018,12,14,Conflict,844,959,Benishangul-Gumuz,ET06,SA,Active
25549,Countrywide monitoring,Ethiopia,ETH,Amhara,ET03,,,1,194,2018-12-31T00:00:00,2018,12,14,Conflict,95,99,Afar,ET02,SA,Active
25583,Countrywide monitoring,Ethiopia,ETH,Gambela,ET12,,,1,3746,2018-12-31T00:00:00,2018,12,14,Natural disaster,1980,1766,Gambela,ET12,SA,Active
25593,Countrywide monitoring,Ethiopia,ETH,Tigray,ET01,,,1,81,2018-12-31T00:00:00,2018,12,14,Conflict,48,33,Harari,ET13,SA,Active
25659,Countrywide monitoring,Ethiopia,ETH,Amhara,ET03,,,1,6628,2018-12-31T00:00:00,2018,12,14,Conflict,3283,3345,Oromia,ET04,SA,Active
34071,Countrywide monitoring,Ethiopia,ETH,Oromia,ET04,,,1,273226,2018-12-31T00:00:00,2018,12,14,Conflict,130676,142550,Somali,ET05,SA,Active
8958,Countrywide monitoring,Ethiopia,ETH,Oromia,ET04,,,1,479,2018-12-31T00:00:00,2018,12,14,Economic reasons,226,253,Somali,ET05,SA,Active
25417,Countrywide monitoring,Ethiopia,ETH,Somali,ET05,,,1,272603,2018-12-31T00:00:00,2018,12,14,Conflict,128100,144503,Oromia,ET04,SA,Active
34218,Countrywide monitoring,Ethiopia,ETH,Oromia,ET04,,,1,121584,2018-12-31T00:00:00,2018,12,14,Natural disaster,59640,61944,Oromia,ET04,SA,Active
34283,Countrywide monitoring,Ethiopia,ETH,Harari,ET13,,,1,2044,2018-12-31T00:00:00,2018,12,14,Conflict,1031,1013,Somali,ET05,SA,Active
34306,Countrywide monitoring,Ethiopia,ETH,Somali,ET05,,,1,335383,2018-12-31T00:00:00,2018,12,14,Natural disaster,168316,167067,Somali,ET05,SA,Active
42496,Countrywide monitoring,Ethiopia,ETH,Tigray,ET01,,,1,19713,2018-12-31T00:00:00,2018,12,14,Conflict,11599,8114,Amhara,ET03,SA,Active
42668,Countrywide monitoring,Ethiopia,ETH,Gambela,ET12,,,1,20943,2018-12-31T00:00:00,2018,12,14,Conflict,11164,9779,Gambela,ET12,SA,Active
51008,Countrywide monitoring,Ethiopia,ETH,Dire Dawa,ET15,,,1,8490,2018-12-31T00:00:00,2018,12,14,Conflict,4030,4460,Oromia,ET04,SA,Active
59021,Countrywide monitoring,Ethiopia,ETH,Amhara,ET03,,,1,3832,2018-12-31T00:00:00,2018,12,14,Conflict,1927,1905,Amhara,ET03,SA,Active
50925,Countrywide monitoring,Ethiopia,ETH,Afar,ET02,,,1,5024,2018-12-31T00:00:00,2018,12,14,Natural disaster,2564,2460,Somali,ET05,SA,Active
50965,Countrywide monitoring,Ethiopia,ETH,Tigray,ET01,,,1,7005,2018-12-31T00:00:00,2018,12,14,Conflict,3224,3781,Tigray,ET01,SA,Active
59056,Countrywide monitoring,Ethiopia,ETH,Oromia,ET04,,,1,196170,2018-12-31T00:00:00,2018,12,14,Conflict,99019,97151,Benishangul-Gumuz,ET06,SA,Active
59112,Countrywide monitoring,Ethiopia,ETH,Tigray,ET01,,,1,43575,2018-12-31T00:00:00,2018,12,14,Conflict,25954,17621,Oromia,ET04,SA,Active
59068,Countrywide monitoring,Ethiopia,ETH,Dire Dawa,ET15,,,1,2755,2018-12-31T00:00:00,2018,12,14,Conflict,1305,1450,Dire Dawa,ET15,SA,Active
59208,Countrywide monitoring,Ethiopia,ETH,Somali,ET05,,,1,314904,2018-12-31T00:00:00,2018,12,14,Conflict,149274,165630,Somali,ET05,SA,Active
59237,Countrywide monitoring,Ethiopia,ETH,Tigray,ET01,,,1,1168,2018-12-31T00:00:00,2018,12,14,Natural disaster,673,495,Tigray,ET01,SA,Active
59229,Countrywide monitoring,Ethiopia,ETH,Amhara,ET03,,,1,254,2018-12-31T00:00:00,2018,12,14,Natural disaster,131,123,Amhara,ET03,SA,Active
67262,Countrywide monitoring,Ethiopia,ETH,Oromia,ET04,,,1,7705,2018-12-31T00:00:00,2018,12,14,Natural disaster,4095,3610,Somali,ET05,SA,Active
67313,Countrywide monitoring,Ethiopia,ETH,South Ethiopia People,ET08,,,1,9223,2018-12-31T00:00:00,2018,12,14,Conflict,5061,4162,Oromia,ET04,SA,Active
67460,Countrywide monitoring,Ethiopia,ETH,Amhara,ET03,,,1,6578,2019-02-28T00:00:00,2019,2,15,Conflict,3343,3235,Oromia,ET04,SA,Active
67436,Countrywide monitoring,Ethiopia,ETH,Gambela,ET12,,,1,3505,2019-02-28T00:00:00,2019,2,15,Natural disaster,1739,1766,Gambela,ET12,SA,Active
67532,Countrywide monitoring,Ethiopia,ETH,Tigray,ET01,,,1,1859,2019-02-28T00:00:00,2019,2,15,Natural disaster,939,920,Tigray,ET01,SA,Active
59236,Countrywide monitoring,Ethiopia,ETH,Gambela,ET12,,,1,3670,2019-02-28T00:00:00,2019,2,15,Conflict,2033,1637,Not available,Not available,SA,Active
59275,Countrywide monitoring,Ethiopia,ETH,Tigray,ET01,,,1,23999,2019-02-28T00:00:00,2019,2,15,Conflict,13993,10006,Not available,Not available,SA,Active
59168,Countrywide monitoring,Ethiopia,ETH,Somali,ET05,,,1,1253,2019-02-28T00:00:00,2019,2,15,Natural disaster,583,670,Not available,Not available,SA,Active
59138,Countrywide monitoring,Ethiopia,ETH,Afar,ET02,,,1,45916,2019-02-28T00:00:00,2019,2,15,Natural disaster,23314,22602,Afar,ET02,SA,Active
59139,Countrywide monitoring,Ethiopia,ETH,Oromia,ET04,,,1,10365,2019-02-28T00:00:00,2019,2,15,Economic reasons,5108,5257,Oromia,ET04,SA,Active
59120,Countrywide monitoring,Ethiopia,ETH,Dire Dawa,ET15,,,1,8490,2019-02-28T00:00:00,2019,2,15,Conflict,4030,4460,Oromia,ET04,SA,Active
59045,Countrywide monitoring,Ethiopia,ETH,Oromia,ET04,,,1,449,2019-02-28T00:00:00,2019,2,15,Natural disaster,213,236,Somali,ET05,SA,Active
50972,Countrywide monitoring,Ethiopia,ETH,Amhara,ET03,,,1,261,2019-02-28T00:00:00,2019,2,15,Natural disaster,133,128,Amhara,ET03,SA,Active
50931,Countrywide monitoring,Ethiopia,ETH,Somali,ET05,,,1,346326,2019-02-28T00:00:00,2019,2,15,Natural disaster,171767,174559,Somali,ET05,SA,Active
42583,Countrywide monitoring,Ethiopia,ETH,Oromia,ET04,,,1,172957,2019-02-28T00:00:00,2019,2,15,Conflict,85031,87926,Somali,ET05,SA,Active
42587,Countrywide monitoring,Ethiopia,ETH,Amhara,ET03,,,1,1184,2019-02-28T00:00:00,2019,2,15,Conflict,602,582,Amhara,ET03,SA,Active
42606,Countrywide monitoring,Ethiopia,ETH,Tigray,ET01,,,1,1406,2019-02-28T00:00:00,2019,2,15,Conflict,910,496,Amhara,ET03,SA,Active
34227,Countrywide monitoring,Ethiopia,ETH,Somali,ET05,,,1,307274,2019-02-28T00:00:00,2019,2,15,Conflict,142761,164513,Not available,Not available,SA,Active
34178,Countrywide monitoring,Ethiopia,ETH,Tigray,ET01,,,1,7002,2019-02-28T00:00:00,2019,2,15,Conflict,3224,3778,Tigray,ET01,SA,Active
34156,Countrywide monitoring,Ethiopia,ETH,Afar,ET02,,,1,1793,2019-02-28T00:00:00,2019,2,15,Conflict,941,852,Afar,ET02,SA,Active
9034,Countrywide monitoring,Ethiopia,ETH,Oromia,ET04,,,1,172638,2019-02-28T00:00:00,2019,2,15,Conflict,87804,84834,Not available,Not available,SA,Active
8912,Countrywide monitoring,Ethiopia,ETH,Oromia,ET04,,,1,4794,2019-02-28T00:00:00,2019,2,15,Other reason,2398,2396,Oromia,ET04,SA,Active
8951,Countrywide monitoring,Ethiopia,ETH,Somali,ET05,,,1,386089,2019-02-28T00:00:00,2019,2,15,Conflict,181803,204286,Oromia,ET04,SA,Active
25847,Countrywide monitoring,Ethiopia,ETH,Amhara,ET03,,,1,561,2019-02-28T00:00:00,2019,2,15,Conflict,445,116,Tigray,ET01,SA,Active
34127,Countrywide monitoring,Ethiopia,ETH,Tigray,ET01,,,1,40312,2019-02-28T00:00:00,2019,2,15,Conflict,23391,16921,Oromia,ET04,SA,Active
25733,Countrywide monitoring,Ethiopia,ETH,Amhara,ET03,,,1,6505,2019-02-28T00:00:00,2019,2,15,Conflict,3247,3258,Benishangul-Gumuz,ET06,SA,Active
25658,Countrywide monitoring,Ethiopia,ETH,Amhara,ET03,,,1,7934,2019-02-28T00:00:00,2019,2,15,Conflict,4069,3865,Not available,Not available,SA,Active
8348,Countrywide monitoring,Ethiopia,ETH,Harari,ET13,,,1,2194,2019-02-28T00:00:00,2019,2,15,Conflict,1082,1112,Somali,ET05,SA,Active
8312,Countrywide monitoring,Ethiopia,ETH,Oromia,ET04,,,1,393444,2019-02-28T00:00:00,2019,2,15,Conflict,193016,200428,Oromia,ET04,SA,Active
8195,Countrywide monitoring,Ethiopia,ETH,Oromia,ET04,,,1,28791,2019-02-28T00:00:00,2019,2,15,Natural disaster,13996,14795,Not available,Not available,SA,Active
8412,Countrywide monitoring,Ethiopia,ETH,Amhara,ET03,,,1,194,2019-02-28T00:00:00,2019,2,15,Conflict,95,99,Afar,ET02,SA,Active
8380,Countrywide monitoring,Ethiopia,ETH,Oromia,ET04,,,1,103285,2019-02-28T00:00:00,2019,2,15,Natural disaster,50553,52732,Oromia,ET04,SA,Active
8445,Countrywide monitoring,Ethiopia,ETH,Gambela,ET12,,,1,13566,2019-02-28T00:00:00,2019,2,15,Conflict,7089,6477,Gambela,ET12,SA,Active
8780,Countrywide monitoring,Ethiopia,ETH,Addis Ababa,ET14,,,1,7370,2019-02-28T00:00:00,2019,2,15,Conflict,4125,3245,Somali,ET05,SA,Active
8776,Countrywide monitoring,Ethiopia,ETH,Amhara,ET03,,,1,459,2019-02-28T00:00:00,2019,2,15,Conflict,216,243,Somali,ET05,SA,Active
8725,Countrywide monitoring,Ethiopia,ETH,Afar,ET02,,,1,1728,2019-02-28T00:00:00,2019,2,15,Conflict,911,817,Amhara,ET03,SA,Active
8715,Countrywide monitoring,Ethiopia,ETH,Oromia,ET04,,,1,467,2019-02-28T00:00:00,2019,2,15,Economic reasons,219,248,Somali,ET05,SA,Active
8570,Countrywide monitoring,Ethiopia,ETH,Somali,ET05,,,1,98036,2019-02-28T00:00:00,2019,2,15,Conflict,46726,51310,Somali,ET05,SA,Active
8580,Countrywide monitoring,Ethiopia,ETH,Tigray,ET01,,,1,8390,2019-02-28T00:00:00,2019,2,15,Conflict,4769,3621,Somali,ET05,SA,Active
67618,Countrywide monitoring,Ethiopia,ETH,Dire Dawa,ET15,,,1,6065,2019-02-28T00:00:00,2019,2,15,Conflict,2911,3154,Dire Dawa,ET15,SA,Active
8577,Countrywide monitoring,Ethiopia,ETH,Amhara,ET03,,,1,261,2019-04-30T00:00:00,2019,4,16,Natural disaster,133,128,Not available,Not available,SA,Active
8613,Countrywide monitoring,Ethiopia,ETH,Oromia,ET04,,,1,4143,2019-04-30T00:00:00,2019,4,16,Other reason,1922,2221,Not available,Not available,SA,Active
8765,Countrywide monitoring,Ethiopia,ETH,Gambela,ET12,,,1,19095,2019-04-30T00:00:00,2019,4,16,Conflict,9814,9281,Not available,Not available,SA,Active
8798,Countrywide monitoring,Ethiopia,ETH,Somali,ET05,,,1,722180,2019-04-30T00:00:00,2019,4,16,Conflict,339760,382420,Not available,Not available,SA,Active
8479,Countrywide monitoring,Ethiopia,ETH,Afar,ET02,,,1,46265,2019-04-30T00:00:00,2019,4,16,Natural disaster,23497,22768,Not available,Not available,SA,Active
25665,Countrywide monitoring,Ethiopia,ETH,Afar,ET02,,,1,3827,2019-04-30T00:00:00,2019,4,16,Conflict,2023,1804,Not available,Not available,SA,Active
25559,Countrywide monitoring,Ethiopia,ETH,Amhara,ET03,,,1,89883,2019-04-30T00:00:00,2019,4,16,Conflict,43623,46260,Not available,Not available,SA,Active
34101,Countrywide monitoring,Ethiopia,ETH,Somali,ET05,,,1,344552,2019-04-30T00:00:00,2019,4,16,Natural disaster,170989,173563,Not available,Not available,SA,Active
8888,Countrywide monitoring,Ethiopia,ETH,Dire Dawa,ET15,,,1,10337,2019-04-30T00:00:00,2019,4,16,Conflict,4892,5445,Not available,Not available,SA,Active
25500,Countrywide monitoring,Ethiopia,ETH,Oromia,ET04,,,1,129447,2019-04-30T00:00:00,2019,4,16,Natural disaster,63295,66152,Not available,Not available,SA,Active
34307,Countrywide monitoring,Ethiopia,ETH,Addis Ababa,ET14,,,1,7278,2019-04-30T00:00:00,2019,4,16,Conflict,4033,3245,Not available,Not available,SA,Active
42499,Countrywide monitoring,Ethiopia,ETH,Gambela,ET12,,,1,1788,2019-04-30T00:00:00,2019,4,16,Natural disaster,881,907,Not available,Not available,SA,Active
59000,Countrywide monitoring,Ethiopia,ETH,Tigray,ET01,,,1,94542,2019-04-30T00:00:00,2019,4,16,Conflict,55542,39000,Not available,Not available,SA,Active
59122,Countrywide monitoring,Ethiopia,ETH,Oromia,ET04,,,1,707704,2019-04-30T00:00:00,2019,4,16,Conflict,348736,358968,Not available,Not available,SA,Active
59115,Countrywide monitoring,Ethiopia,ETH,Harari,ET13,,,1,2365,2019-04-30T00:00:00,2019,4,16,Conflict,1197,1168,Not available,Not available,SA,Active
67280,Countrywide monitoring,Ethiopia,ETH,Oromia,ET04,,,1,11279,2019-04-30T00:00:00,2019,4,16,Economic reasons,5561,5718,Not available,Not available,SA,Active
67320,Countrywide monitoring,Ethiopia,ETH,Oromia,ET04,,,1,496,2019-06-30T00:00:00,2019,6,17,Economic reasons,240,256,Somali,ET05,SA,Active
67527,Countrywide monitoring,Ethiopia,ETH,Amhara,ET03,,,1,95,2019-06-30T00:00:00,2019,6,17,Natural disaster,46,49,Amhara,ET03,SA,Active
67575,Countrywide monitoring,Ethiopia,ETH,Oromia,ET04,,,1,1590,2019-06-30T00:00:00,2019,6,17,Natural disaster,729,861,Somali,ET05,SA,Active
67454,Countrywide monitoring,Ethiopia,ETH,Gambela,ET12,,,1,28383,2019-06-30T00:00:00,2019,6,17,Conflict,14835,13548,Gambela,ET12,SA,Active
67479,Countrywide monitoring,Ethiopia,ETH,Amhara,ET03,,,1,83962,2019-06-30T00:00:00,2019,6,17,Conflict,40426,43536,Amhara,ET03,SA,Active
67508,Countrywide monitoring,Ethiopia,ETH,Afar,ET02,,,1,1565,2019-06-30T00:00:00,2019,6,17,Conflict,807,758,Amhara,ET03,SA,Active
67509,Countrywide monitoring,Ethiopia,ETH,Oromia,ET04,,,1,433749,2019-06-30T00:00:00,2019,6,17,Conflict,215512,218237,Oromia,ET04,SA,Active
59251,Countrywide monitoring,Ethiopia,ETH,Dire Dawa,ET15,,,1,1536,2019-06-30T00:00:00,2019,6,17,Conflict,746,790,Dire Dawa,ET15,SA,Active
59358,Countrywide monitoring,Ethiopia,ETH,Somali,ET05,,,1,319275,2019-06-30T00:00:00,2019,6,17,Conflict,151605,167670,Somali,ET05,SA,Active
50987,Countrywide monitoring,Ethiopia,ETH,Amhara,ET03,,,1,472,2019-06-30T00:00:00,2019,6,17,Conflict,241,231,Somali,ET05,SA,Active
50964,Countrywide monitoring,Ethiopia,ETH,Amhara,ET03,,,1,2540,2019-06-30T00:00:00,2019,6,17,Conflict,1125,1415,Tigray,ET01,SA,Active
50823,Countrywide monitoring,Ethiopia,ETH,Oromia,ET04,,,1,291397,2019-06-30T00:00:00,2019,6,17,Conflict,142004,149393,Somali,ET05,SA,Active
34336,Countrywide monitoring,Ethiopia,ETH,Somali,ET05,,,1,384421,2019-06-30T00:00:00,2019,6,17,Conflict,184048,200373,Oromia,ET04,SA,Active
34323,Countrywide monitoring,Ethiopia,ETH,Addis Ababa,ET14,,,1,7649,2019-06-30T00:00:00,2019,6,17,Conflict,4264,3385,Somali,ET05,SA,Active
42574,Countrywide monitoring,Ethiopia,ETH,Afar,ET02,,,1,53376,2019-06-30T00:00:00,2019,6,17,Natural disaster,27042,26334,Afar,ET02,SA,Active
34282,Countrywide monitoring,Ethiopia,ETH,Somali,ET05,,,1,347846,2019-06-30T00:00:00,2019,6,17,Natural disaster,171328,176518,Somali,ET05,SA,Active
34177,Countrywide monitoring,Ethiopia,ETH,Oromia,ET04,,,1,825,2019-06-30T00:00:00,2019,6,17,Conflict,450,375,Not available,Not available,SA,Active
34182,Countrywide monitoring,Ethiopia,ETH,Dire Dawa,ET15,,,1,6390,2019-06-30T00:00:00,2019,6,17,Conflict,2956,3434,Oromia,ET04,SA,Active
25493,Countrywide monitoring,Ethiopia,ETH,Tigray,ET01,,,1,56106,2019-06-30T00:00:00,2019,6,17,Conflict,33709,22397,Oromia,ET04,SA,Active
9053,Countrywide monitoring,Ethiopia,ETH,Oromia,ET04,,,1,10479,2019-06-30T00:00:00,2019,6,17,Economic reasons,5259,5220,Oromia,ET04,SA,Active
34081,Countrywide monitoring,Ethiopia,ETH,Amhara,ET03,,,1,6584,2019-06-30T00:00:00,2019,6,17,Conflict,3044,3540,Benishangul-Gumuz,ET06,SA,Active
25813,Countrywide monitoring,Ethiopia,ETH,Oromia,ET04,,,1,768,2019-06-30T00:00:00,2019,6,17,Conflict,387,381,Central Ethiopia,ET07,SA,Active
25622,Countrywide monitoring,Ethiopia,ETH,Afar,ET02,,,1,3204,2019-06-30T00:00:00,2019,6,17,Conflict,1675,1529,Afar,ET02,SA,Active
25710,Countrywide monitoring,Ethiopia,ETH,Oromia,ET04,,,1,5348,2019-06-30T00:00:00,2019,6,17,Other reason,2677,2671,Oromia,ET04,SA,Active
8485,Countrywide monitoring,Ethiopia,ETH,Tigray,ET01,,,1,32865,2019-06-30T00:00:00,2019,6,17,Conflict,18386,14479,Amhara,ET03,SA,Active
8748,Countrywide monitoring,Ethiopia,ETH,Tigray,ET01,,,1,231,2019-06-30T00:00:00,2019,6,17,Conflict,128,103,Somali,ET05,SA,Active
8663,Countrywide monitoring,Ethiopia,ETH,Tigray,ET01,,,1,7054,2019-06-30T00:00:00,2019,6,17,Conflict,3382,3672,Tigray,ET01,SA,Active
8600,Countrywide monitoring,Ethiopia,ETH,Amhara,ET03,,,1,171,2019-06-30T00:00:00,2019,6,17,Conflict,85,86,Not available,Not available,SA,Active
8609,Countrywide monitoring,Ethiopia,ETH,Oromia,ET04,,,1,132885,2019-06-30T00:00:00,2019,6,17,Natural disaster,66475,66410,Oromia,ET04,SA,Active
8517,Countrywide monitoring,Ethiopia,ETH,Gambela,ET12,,,1,2658,2019-06-30T00:00:00,2019,6,17,Natural disaster,1270,1388,Gambela,ET12,SA,Active
67594,Countrywide monitoring,Ethiopia,ETH,Amhara,ET03,,,1,8937,2019-06-30T00:00:00,2019,6,17,Conflict,4565,4372,Oromia,ET04,SA,Active
67659,Countrywide monitoring,Ethiopia,ETH,Harari,ET13,,,1,2433,2019-06-30T00:00:00,2019,6,17,Conflict,1231,1202,Somali,ET05,SA,Active
67590,Countrywide monitoring,Ethiopia,ETH,Oromia,ET04,,,1,113623,2019-08-30T00:00:00,2019,8,18,Natural disaster,56407,57216,Oromia,ET04,SA,Active
67582,Countrywide monitoring,Ethiopia,ETH,Harari,ET13,,,1,234,2019-08-30T00:00:00,2019,8,18,Conflict,117,117,Harari,ET13,SA,Active
8569,Countrywide monitoring,Ethiopia,ETH,Amhara,ET03,,,1,7645,2019-08-30T00:00:00,2019,8,18,Conflict,3940,3705,Oromia,ET04,SA,Active
8660,Countrywide monitoring,Ethiopia,ETH,Gambela,ET12,,,1,18312,2019-08-30T00:00:00,2019,8,18,Conflict,9274,9038,Gambela,ET12,SA,Active
8671,Countrywide monitoring,Ethiopia,ETH,Afar,ET02,,,1,4095,2019-08-30T00:00:00,2019,8,18,Conflict,2141,1954,Afar,ET02,SA,Active
8644,Countrywide monitoring,Ethiopia,ETH,Amhara,ET03,,,1,508,2019-08-30T00:00:00,2019,8,18,Conflict,260,248,Somali,ET05,SA,Active
8731,Countrywide monitoring,Ethiopia,ETH,Oromia,ET04,,,1,6094,2019-08-30T00:00:00,2019,8,18,Other reason,2800,3294,Oromia,ET04,SA,Active
8379,Countrywide monitoring,Ethiopia,ETH,Amhara,ET03,,,1,95,2019-08-30T00:00:00,2019,8,18,Natural disaster,46,49,Amhara,ET03,SA,Active
8238,Countrywide monitoring,Ethiopia,ETH,Amhara,ET03,,,1,199,2019-08-30T00:00:00,2019,8,18,Conflict,102,97,Not available,Not available,SA,Active
8299,Countrywide monitoring,Ethiopia,ETH,Dire Dawa,ET15,,,1,6390,2019-08-30T00:00:00,2019,8,18,Conflict,2956,3434,Oromia,ET04,SA,Active
8337,Countrywide monitoring,Ethiopia,ETH,Oromia,ET04,,,1,6798,2019-08-30T00:00:00,2019,8,18,Economic reasons,3350,3448,Oromia,ET04,SA,Active
8330,Countrywide monitoring,Ethiopia,ETH,Amhara,ET03,,,1,5056,2019-08-30T00:00:00,2019,8,18,Conflict,2456,2600,Benishangul-Gumuz,ET06,SA,Active
25662,Countrywide monitoring,Ethiopia,ETH,Somali,ET05,,,1,341250,2019-08-30T00:00:00,2019,8,18,Natural disaster,169018,172232,Somali,ET05,SA,Active
25843,Countrywide monitoring,Ethiopia,ETH,Somali,ET05,,,1,325567,2019-08-30T00:00:00,2019,8,18,Conflict,158393,167174,Oromia,ET04,SA,Active
9018,Countrywide monitoring,Ethiopia,ETH,Tigray,ET01,,,1,42,2019-08-30T00:00:00,2019,8,18,Conflict,24,18,Benishangul-Gumuz,ET06,SA,Active
8970,Countrywide monitoring,Ethiopia,ETH,Tigray,ET01,,,1,231,2019-08-30T00:00:00,2019,8,18,Conflict,128,103,Somali,ET05,SA,Active
34203,Countrywide monitoring,Ethiopia,ETH,Harari,ET13,,,1,2194,2019-08-30T00:00:00,2019,8,18,Conflict,1117,1077,Somali,ET05,SA,Active
34144,Countrywide monitoring,Ethiopia,ETH,Oromia,ET04,,,1,675,2019-08-30T00:00:00,2019,8,18,Conflict,360,315,Not available,Not available,SA,Active
34257,Countrywide monitoring,Ethiopia,ETH,Tigray,ET01,,,1,65729,2019-08-30T00:00:00,2019,8,18,Conflict,39646,26083,Oromia,ET04,SA,Active
42644,Countrywide monitoring,Ethiopia,ETH,Amhara,ET03,,,1,45141,2019-08-30T00:00:00,2019,8,18,Conflict,22674,22467,Amhara,ET03,SA,Active
42662,Countrywide monitoring,Ethiopia,ETH,Oromia,ET04,,,1,430,2019-08-30T00:00:00,2019,8,18,Economic reasons,193,237,Somali,ET05,SA,Active
42628,Countrywide monitoring,Ethiopia,ETH,Oromia,ET04,,,1,1510,2019-08-30T00:00:00,2019,8,18,Conflict,766,744,Central Ethiopia,ET07,SA,Active
50957,Countrywide monitoring,Ethiopia,ETH,Afar,ET02,,,1,1872,2019-08-30T00:00:00,2019,8,18,Conflict,958,914,Amhara,ET03,SA,Active
50997,Countrywide monitoring,Ethiopia,ETH,Gambela,ET12,,,1,1817,2019-08-30T00:00:00,2019,8,18,Natural disaster,989,828,Gambela,ET12,SA,Active
50999,Countrywide monitoring,Ethiopia,ETH,Tigray,ET01,,,1,32924,2019-08-30T00:00:00,2019,8,18,Conflict,18471,14453,Amhara,ET03,SA,Active
59342,Countrywide monitoring,Ethiopia,ETH,Oromia,ET04,,,1,911,2019-08-30T00:00:00,2019,8,18,Natural disaster,459,452,Somali,ET05,SA,Active
59287,Countrywide monitoring,Ethiopia,ETH,Afar,ET02,,,1,47528,2019-08-30T00:00:00,2019,8,18,Natural disaster,24319,23209,Afar,ET02,SA,Active
59155,Countrywide monitoring,Ethiopia,ETH,Amhara,ET03,,,1,3882,2019-08-30T00:00:00,2019,8,18,Conflict,1632,2250,Tigray,ET01,SA,Active
59042,Countrywide monitoring,Ethiopia,ETH,Tigray,ET01,,,1,7058,2019-08-30T00:00:00,2019,8,18,Conflict,3379,3679,Tigray,ET01,SA,Active
59036,Countrywide monitoring,Ethiopia,ETH,Addis Ababa,ET14,,,1,7603,2019-08-30T00:00:00,2019,8,18,Conflict,4218,3385,Somali,ET05,SA,Active
67529,Countrywide monitoring,Ethiopia,ETH,Oromia,ET04,,,1,209554,2019-08-30T00:00:00,2019,8,18,Conflict,104572,104982,Oromia,ET04,SA,Active
67299,Countrywide monitoring,Ethiopia,ETH,Oromia,ET04,,,1,216280,2019-08-30T00:00:00,2019,8,18,Conflict,105373,110907,Somali,ET05,SA,Active
67385,Countrywide monitoring,Ethiopia,ETH,Somali,ET05,,,1,161211,2019-08-30T00:00:00,2019,8,18,Conflict,78739,82472,Somali,ET05,SA,Active
67334,Countrywide monitoring,Ethiopia,ETH,Oromia,ET04,,,1,5588,2019-10-31T00:00:00,2019,10,19,Other reason,2570,3018,Oromia,ET04,SA,Active
67293,Countrywide monitoring,Ethiopia,ETH,Afar,ET02,,,1,51598,2019-10-31T00:00:00,2019,10,19,Natural disaster,26046,25552,Afar,ET02,SA,Active
67431,Countrywide monitoring,Ethiopia,ETH,Amhara,ET03,,,1,202,2019-10-31T00:00:00,2019,10,19,Conflict,105,97,Not available,Not available,SA,Active
67420,Countrywide monitoring,Ethiopia,ETH,Oromia,ET04,,,1,1045,2019-10-31T00:00:00,2019,10,19,Conflict,518,527,Central Ethiopia,ET07,SA,Active
51001,Countrywide monitoring,Ethiopia,ETH,Oromia,ET04,,,1,802,2019-10-31T00:00:00,2019,10,19,Conflict,389,413,Not available,Not available,SA,Active
50924,Countrywide monitoring,Ethiopia,ETH,Somali,ET05,,,1,5827,2019-10-31T00:00:00,2019,10,19,Conflict,2914,2913,Afar,ET02,SA,Active
42681,Countrywide monitoring,Ethiopia,ETH,Amhara,ET03,,,1,7670,2019-10-31T00:00:00,2019,10,19,Conflict,3937,3733,Oromia,ET04,SA,Active
50818,Countrywide monitoring,Ethiopia,ETH,Dire Dawa,ET15,,,1,5852,2019-10-31T00:00:00,2019,10,19,Conflict,2715,3137,Oromia,ET04,SA,Active
34298,Countrywide monitoring,Ethiopia,ETH,Oromia,ET04,,,1,867,2019-10-31T00:00:00,2019,10,19,Natural disaster,435,432,Somali,ET05,SA,Active
42549,Countrywide monitoring,Ethiopia,ETH,Oromia,ET04,,,1,6996,2019-10-31T00:00:00,2019,10,19,Economic reasons,3547,3449,Oromia,ET04,SA,Active
34305,Countrywide monitoring,Ethiopia,ETH,Somali,ET05,,,1,314910,2019-10-31T00:00:00,2019,10,19,Conflict,153920,160990,Oromia,ET04,SA,Active
42497,Countrywide monitoring,Ethiopia,ETH,Tigray,ET01,,,1,72204,2019-10-31T00:00:00,2019,10,19,Conflict,43462,28742,Oromia,ET04,SA,Active
25418,Countrywide monitoring,Ethiopia,ETH,Tigray,ET01,,,1,385,2019-10-31T00:00:00,2019,10,19,Conflict,223,162,Somali,ET05,SA,Active
25512,Countrywide monitoring,Ethiopia,ETH,Amhara,ET03,,,1,584,2019-10-31T00:00:00,2019,10,19,Conflict,383,201,Tigray,ET01,SA,Active
25514,Countrywide monitoring,Ethiopia,ETH,Somali,ET05,,,1,175433,2019-10-31T00:00:00,2019,10,19,Conflict,84702,90731,Somali,ET05,SA,Active
25818,Countrywide monitoring,Ethiopia,ETH,Harari,ET13,,,1,3566,2019-10-31T00:00:00,2019,10,19,Conflict,1782,1784,Somali,ET05,SA,Active
25842,Countrywide monitoring,Ethiopia,ETH,Afar,ET02,,,1,3661,2019-10-31T00:00:00,2019,10,19,Conflict,1858,1803,Afar,ET02,SA,Active
25823,Countrywide monitoring,Ethiopia,ETH,Benishangul-Gumuz,ET06,,,1,1862,2019-10-31T00:00:00,2019,10,19,Conflict,971,891,Benishangul-Gumuz,ET06,SA,Active
25803,Countrywide monitoring,Ethiopia,ETH,Tigray,ET01,,,1,26730,2019-10-31T00:00:00,2019,10,19,Conflict,14803,11927,Amhara,ET03,SA,Active
25808,Countrywide monitoring,Ethiopia,ETH,Amhara,ET03,,,1,44570,2019-10-31T00:00:00,2019,10,19,Conflict,22836,21734,Amhara,ET03,SA,Active
25703,Countrywide monitoring,Ethiopia,ETH,Somali,ET05,,,1,304699,2019-10-31T00:00:00,2019,10,19,Natural disaster,149973,154726,Somali,ET05,SA,Active
8338,Countrywide monitoring,Ethiopia,ETH,Amhara,ET03,,,1,264,2019-10-31T00:00:00,2019,10,19,Conflict,142,122,Somali,ET05,SA,Active
8178,Countrywide monitoring,Ethiopia,ETH,Oromia,ET04,,,1,208169,2019-10-31T00:00:00,2019,10,19,Conflict,102745,105424,Oromia,ET04,SA,Active
8448,Countrywide monitoring,Ethiopia,ETH,Tigray,ET01,,,1,6785,2019-10-31T00:00:00,2019,10,19,Conflict,3224,3561,Tigray,ET01,SA,Active
8732,Countrywide monitoring,Ethiopia,ETH,Oromia,ET04,,,1,213969,2019-10-31T00:00:00,2019,10,19,Conflict,104618,109351,Somali,ET05,SA,Active
8667,Countrywide monitoring,Ethiopia,ETH,Gambela,ET12,,,1,8714,2019-10-31T00:00:00,2019,10,19,Conflict,4353,4361,Gambela,ET12,SA,Active
8769,Countrywide monitoring,Ethiopia,ETH,Amhara,ET03,,,1,1937,2019-10-31T00:00:00,2019,10,19,Conflict,956,981,Benishangul-Gumuz,ET06,SA,Active
8808,Countrywide monitoring,Ethiopia,ETH,Benishangul-Gumuz,ET06,,,1,1663,2019-10-31T00:00:00,2019,10,19,Conflict,811,852,Amhara,ET03,SA,Active
8593,Countrywide monitoring,Ethiopia,ETH,Tigray,ET01,,,1,42,2019-10-31T00:00:00,2019,10,19,Conflict,24,18,Benishangul-Gumuz,ET06,SA,Active
67639,Countrywide monitoring,Ethiopia,ETH,Oromia,ET04,,,1,129029,2019-10-31T00:00:00,2019,10,19,Natural disaster,63083,65946,Oromia,ET04,SA,Active
67669,Countrywide monitoring,Ethiopia,ETH,Oromia,ET04,,,1,463,2019-10-31T00:00:00,2019,10,19,Economic reasons,237,226,Somali,ET05,SA,Active
67668,Countrywide monitoring,Ethiopia,ETH,Oromia,ET04,,,1,6985,2019-12-31T00:00:00,2019,12,20,Economic reasons,3326,3659,Oromia,ET04,SA,Active
67622,Countrywide monitoring,Ethiopia,ETH,Oromia,ET04,,,1,498,2019-12-31T00:00:00,2019,12,20,Economic reasons,245,253,Somali,ET05,SA,Active
8631,Countrywide monitoring,Ethiopia,ETH,Oromia,ET04,,,1,27303,2019-12-31T00:00:00,2019,12,20,Conflict,13520,13783,Benishangul-Gumuz,ET06,SA,Active
8830,Countrywide monitoring,Ethiopia,ETH,Oromia,ET04,,,1,370609,2019-12-31T00:00:00,2019,12,20,Conflict,183908,186701,Oromia,ET04,SA,Active
8837,Countrywide monitoring,Ethiopia,ETH,Benishangul-Gumuz,ET06,,,1,2007,2019-12-31T00:00:00,2019,12,20,Conflict,1049,958,Benishangul-Gumuz,ET06,SA,Active
8254,Countrywide monitoring,Ethiopia,ETH,Amhara,ET03,,,1,452,2019-12-31T00:00:00,2019,12,20,Conflict,227,225,Somali,ET05,SA,Active
25679,Countrywide monitoring,Ethiopia,ETH,Somali,ET05,,,1,114394,2019-12-31T00:00:00,2019,12,20,Natural disaster,57375,57019,Oromia,ET04,SA,Active
25623,Countrywide monitoring,Ethiopia,ETH,Harari,ET13,,,1,2352,2019-12-31T00:00:00,2019,12,20,Conflict,1188,1164,Somali,ET05,SA,Active
25639,Countrywide monitoring,Ethiopia,ETH,Somali,ET05,,,1,427921,2019-12-31T00:00:00,2019,12,20,Conflict,208747,219174,Oromia,ET04,SA,Active
25797,Countrywide monitoring,Ethiopia,ETH,Oromia,ET04,,,1,120565,2019-12-31T00:00:00,2019,12,20,Natural disaster,58990,61575,Oromia,ET04,SA,Active
25745,Countrywide monitoring,Ethiopia,ETH,Afar,ET02,,,1,51865,2019-12-31T00:00:00,2019,12,20,Natural disaster,25970,25895,Afar,ET02,SA,Active
25848,Countrywide monitoring,Ethiopia,ETH,Amhara,ET03,,,1,622,2019-12-31T00:00:00,2019,12,20,Conflict,421,201,Tigray,ET01,SA,Active
25837,Countrywide monitoring,Ethiopia,ETH,Somali,ET05,,,1,58575,2019-12-31T00:00:00,2019,12,20,Conflict,30834,27741,Somali,ET05,SA,Active
25446,Countrywide monitoring,Ethiopia,ETH,Amhara,ET03,,,1,202,2019-12-31T00:00:00,2019,12,20,Conflict,105,97,Central Ethiopia,ET07,SA,Active
8953,Countrywide monitoring,Ethiopia,ETH,Oromia,ET04,,,1,89581,2019-12-31T00:00:00,2019,12,20,Conflict,45154,44427,Somali,ET05,SA,Active
9026,Countrywide monitoring,Ethiopia,ETH,Oromia,ET04,,,1,931,2019-12-31T00:00:00,2019,12,20,Natural disaster,461,470,Somali,ET05,SA,Active
8901,Countrywide monitoring,Ethiopia,ETH,Tigray,ET01,,,1,146,2019-12-31T00:00:00,2019,12,20,Conflict,87,59,Harari,ET13,SA,Active
34332,Countrywide monitoring,Ethiopia,ETH,Gambela,ET12,,,1,8370,2019-12-31T00:00:00,2019,12,20,Natural disaster,4117,4253,Gambela,ET12,SA,Active
42517,Countrywide monitoring,Ethiopia,ETH,Afar,ET02,,,1,12940,2019-12-31T00:00:00,2019,12,20,Conflict,6291,6649,Afar,ET02,SA,Active
42605,Countrywide monitoring,Ethiopia,ETH,Tigray,ET01,,,1,34098,2019-12-31T00:00:00,2019,12,20,Conflict,19241,14857,Amhara,ET03,SA,Active
34271,Countrywide monitoring,Ethiopia,ETH,Oromia,ET04,,,1,840,2019-12-31T00:00:00,2019,12,20,Conflict,414,426,Central Ethiopia,ET07,SA,Active
34186,Countrywide monitoring,Ethiopia,ETH,Dire Dawa,ET15,,,1,2786,2019-12-31T00:00:00,2019,12,20,Conflict,1295,1491,Oromia,ET04,SA,Active
50903,Countrywide monitoring,Ethiopia,ETH,Amhara,ET03,,,1,41634,2019-12-31T00:00:00,2019,12,20,Conflict,21516,20118,Amhara,ET03,SA,Active
50995,Countrywide monitoring,Ethiopia,ETH,Tigray,ET01,,,1,65141,2019-12-31T00:00:00,2019,12,20,Conflict,39229,25912,Oromia,ET04,SA,Active
67419,Countrywide monitoring,Ethiopia,ETH,Amhara,ET03,,,1,7633,2019-12-31T00:00:00,2019,12,20,Conflict,3920,3713,Oromia,ET04,SA,Active
67569,Countrywide monitoring,Ethiopia,ETH,Amhara,ET03,,,1,4529,2019-12-31T00:00:00,2019,12,20,Conflict,2206,2323,Benishangul-Gumuz,ET06,SA,Active
67307,Countrywide monitoring,Ethiopia,ETH,Tigray,ET01,,,1,153,2019-12-31T00:00:00,2019,12,20,Conflict,94,59,Somali,ET05,SA,Active
59128,Countrywide monitoring,Ethiopia,ETH,Gambela,ET12,,,1,19968,2019-12-31T00:00:00,2019,12,20,Conflict,10037,9931,Gambela,ET12,SA,Active
59121,Countrywide monitoring,Ethiopia,ETH,Oromia,ET04,,,1,594,2019-12-31T00:00:00,2019,12,20,Conflict,289,305,Not available,Not available,SA,Active
59213,Countrywide monitoring,Ethiopia,ETH,Tigray,ET01,,,1,44,2019-12-31T00:00:00,2019,12,20,Conflict,26,18,Benishangul-Gumuz,ET06,SA,Active
59187,Countrywide monitoring,Ethiopia,ETH,Tigray,ET01,,,1,7032,2019-12-31T00:00:00,2019,12,20,Conflict,3505,3527,Tigray,ET01,SA,Active
59341,Countrywide monitoring,Ethiopia,ETH,Somali,ET05,,,1,246620,2019-12-31T00:00:00,2019,12,20,Natural disaster,118826,127794,Somali,ET05,SA,Active
59281,Countrywide monitoring,Ethiopia,ETH,Oromia,ET04,,,1,6007,2019-12-31T00:00:00,2019,12,20,Other reason,2745,3262,Oromia,ET04,SA,Active
59239,Countrywide monitoring,Ethiopia,ETH,Harari,ET13,,,1,231,2019-12-31T00:00:00,2019,12,20,Conflict,117,114,Harari,ET13,SA,Active
59252,Countrywide monitoring,Ethiopia,ETH,Benishangul-Gumuz,ET06,,,1,380,2020-02-29T00:00:00,2020,2,21,Conflict,195,185,Oromia,ET04,SA,Active
59253,Countrywide monitoring,Ethiopia,ETH,Dire Dawa,ET15,,,1,3816,2020-02-29T00:00:00,2020,2,21,Conflict,1836,1980,Oromia,ET04,SA,Active
59259,Countrywide monitoring,Ethiopia,ETH,Oromia,ET04,,,1,744,2020-02-29T00:00:00,2020,2,21,Conflict,361,383,Not available,Not available,SA,Active
59262,Countrywide monitoring,Ethiopia,ETH,Tigray,ET01,,,1,30666,2020-02-29T00:00:00,2020,2,21,Conflict,17171,13495,Amhara,ET03,SA,Active
59286,Countrywide monitoring,Ethiopia,ETH,Afar,ET02,,,1,48877,2020-02-29T00:00:00,2020,2,21,Natural disaster,24290,24587,Afar,ET02,SA,Active
59161,Countrywide monitoring,Ethiopia,ETH,Oromia,ET04,,,1,389,2020-02-29T00:00:00,2020,2,21,Economic reasons,197,192,Somali,ET05,SA,Active
67349,Countrywide monitoring,Ethiopia,ETH,Gambela,ET12,,,1,3638,2020-02-29T00:00:00,2020,2,21,Natural disaster,1927,1711,Gambela,ET12,SA,Active
67367,Countrywide monitoring,Ethiopia,ETH,Gambela,ET12,,,1,32252,2020-02-29T00:00:00,2020,2,21,Conflict,16535,15717,Gambela,ET12,SA,Active
67546,Countrywide monitoring,Ethiopia,ETH,Amhara,ET03,,,1,150,2020-02-29T00:00:00,2020,2,21,Conflict,79,71,Somali,ET05,SA,Active
67542,Countrywide monitoring,Ethiopia,ETH,Tigray,ET01,,,1,61785,2020-02-29T00:00:00,2020,2,21,Conflict,37146,24639,Oromia,ET04,SA,Active
59020,Countrywide monitoring,Ethiopia,ETH,Afar,ET02,,,1,23485,2020-02-29T00:00:00,2020,2,21,Conflict,11192,12293,Afar,ET02,SA,Active
50830,Countrywide monitoring,Ethiopia,ETH,Amhara,ET03,,,1,202,2020-02-29T00:00:00,2020,2,21,Conflict,105,97,Not available,Not available,SA,Active
50867,Countrywide monitoring,Ethiopia,ETH,Somali,ET05,,,1,224643,2020-02-29T00:00:00,2020,2,21,Natural disaster,110268,114375,Somali,ET05,SA,Active
34176,Countrywide monitoring,Ethiopia,ETH,Somali,ET05,,,1,119176,2020-02-29T00:00:00,2020,2,21,Natural disaster,58638,60538,Oromia,ET04,SA,Active
34143,Countrywide monitoring,Ethiopia,ETH,Oromia,ET04,,,1,89423,2020-02-29T00:00:00,2020,2,21,Conflict,44378,45045,Somali,ET05,SA,Active
34248,Countrywide monitoring,Ethiopia,ETH,Amhara,ET03,,,1,43382,2020-02-29T00:00:00,2020,2,21,Conflict,22231,21151,Amhara,ET03,SA,Active
42565,Countrywide monitoring,Ethiopia,ETH,Tigray,ET01,,,1,183,2020-02-29T00:00:00,2020,2,21,Conflict,113,70,Somali,ET05,SA,Active
8886,Countrywide monitoring,Ethiopia,ETH,Oromia,ET04,,,1,44336,2020-02-29T00:00:00,2020,2,21,Conflict,22487,21849,Benishangul-Gumuz,ET06,SA,Active
34100,Countrywide monitoring,Ethiopia,ETH,Oromia,ET04,,,1,756,2020-02-29T00:00:00,2020,2,21,Conflict,386,370,Central Ethiopia,ET07,SA,Active
25753,Countrywide monitoring,Ethiopia,ETH,Somali,ET05,,,1,433106,2020-02-29T00:00:00,2020,2,21,Conflict,208308,224798,Oromia,ET04,SA,Active
25638,Countrywide monitoring,Ethiopia,ETH,Oromia,ET04,,,1,5746,2020-02-29T00:00:00,2020,2,21,Other reason,2752,2994,Oromia,ET04,SA,Active
25609,Countrywide monitoring,Ethiopia,ETH,Oromia,ET04,,,1,107800,2020-02-29T00:00:00,2020,2,21,Natural disaster,52704,55096,Oromia,ET04,SA,Active
25611,Countrywide monitoring,Ethiopia,ETH,Somali,ET05,,,1,80165,2020-02-29T00:00:00,2020,2,21,Conflict,40103,40062,Somali,ET05,SA,Active
25575,Countrywide monitoring,Ethiopia,ETH,Harari,ET13,,,1,2582,2020-02-29T00:00:00,2020,2,21,Conflict,1356,1226,Somali,ET05,SA,Active
25715,Countrywide monitoring,Ethiopia,ETH,Amhara,ET03,,,1,1055,2020-02-29T00:00:00,2020,2,21,Conflict,640,415,Tigray,ET01,SA,Active
25722,Countrywide monitoring,Ethiopia,ETH,Benishangul-Gumuz,ET06,,,1,8460,2020-02-29T00:00:00,2020,2,21,Conflict,4289,4171,Benishangul-Gumuz,ET06,SA,Active
8458,Countrywide monitoring,Ethiopia,ETH,Amhara,ET03,,,1,8835,2020-02-29T00:00:00,2020,2,21,Conflict,4245,4590,Oromia,ET04,SA,Active
8468,Countrywide monitoring,Ethiopia,ETH,Benishangul-Gumuz,ET06,,,1,1787,2020-02-29T00:00:00,2020,2,21,Conflict,894,893,Amhara,ET03,SA,Active
8809,Countrywide monitoring,Ethiopia,ETH,Oromia,ET04,,,1,345505,2020-02-29T00:00:00,2020,2,21,Conflict,178334,167171,Oromia,ET04,SA,Active
8648,Countrywide monitoring,Ethiopia,ETH,Oromia,ET04,,,1,406,2020-02-29T00:00:00,2020,2,21,Natural disaster,196,210,Somali,ET05,SA,Active
8552,Countrywide monitoring,Ethiopia,ETH,Tigray,ET01,,,1,44,2020-02-29T00:00:00,2020,2,21,Conflict,26,18,Benishangul-Gumuz,ET06,SA,Active
67616,Countrywide monitoring,Ethiopia,ETH,Amhara,ET03,,,1,4519,2020-02-29T00:00:00,2020,2,21,Conflict,2244,2275,Benishangul-Gumuz,ET06,SA,Active
67568,Countrywide monitoring,Ethiopia,ETH,Oromia,ET04,,,1,264,2020-02-29T00:00:00,2020,2,21,Economic reasons,140,124,Oromia,ET04,SA,Active
67685,Countrywide monitoring,Ethiopia,ETH,Tigray,ET01,,,1,6924,2020-02-29T00:00:00,2020,2,21,Conflict,3331,3593,Tigray,ET01,SA,Active
67690,Countrywide monitoring,Ethiopia,ETH,Gambela,ET12,,,1,965,2020-07-30T00:00:00,2020,7,22,Conflict,464,501,Not available,Not available,SA,Active
67688,Countrywide monitoring,Ethiopia,ETH,Tigray,ET01,,,1,53205,2020-07-30T00:00:00,2020,7,22,Conflict,31772,21433,Oromia,ET04,SA,Active
67610,Countrywide monitoring,Ethiopia,ETH,Oromia,ET04,,,1,5698,2020-07-30T00:00:00,2020,7,22,Other reason,2564,3134,Oromia,ET04,SA,Active
8630,Countrywide monitoring,Ethiopia,ETH,Somali,ET05,,,1,346887,2020-07-30T00:00:00,2020,7,22,Natural disaster,168558,178329,Somali,ET05,SA,Active
8620,Countrywide monitoring,Ethiopia,ETH,Gambela,ET12,,,1,3047,2020-07-30T00:00:00,2020,7,22,Natural disaster,1610,1437,Gambela,ET12,SA,Active
8735,Countrywide monitoring,Ethiopia,ETH,Benishangul-Gumuz,ET06,,,1,1397,2020-07-30T00:00:00,2020,7,22,Conflict,724,673,Oromia,ET04,SA,Active
8727,Countrywide monitoring,Ethiopia,ETH,South Ethiopia People,ET08,,,1,8601,2020-07-30T00:00:00,2020,7,22,Conflict,4426,4175,Not available,Not available,SA,Active
8466,Countrywide monitoring,Ethiopia,ETH,South Ethiopia People,ET08,,,1,629,2020-07-30T00:00:00,2020,7,22,Conflict,363,266,Oromia,ET04,SA,Active
8361,Countrywide monitoring,Ethiopia,ETH,Central Ethiopia,ET07,,,1,3015,2020-07-30T00:00:00,2020,7,22,Natural disaster,1559,1456,Central Ethiopia,ET07,SA,Active
8407,Countrywide monitoring,Ethiopia,ETH,Benishangul-Gumuz,ET06,,,1,1912,2020-07-30T00:00:00,2020,7,22,Conflict,978,934,Benishangul-Gumuz,ET06,SA,Active
8408,Countrywide monitoring,Ethiopia,ETH,Central Ethiopia,ET07,,,1,26684,2020-07-30T00:00:00,2020,7,22,Conflict,14163,12521,Central Ethiopia,ET07,SA,Active
8404,Countrywide monitoring,Ethiopia,ETH,Tigray,ET01,,,1,39630,2020-07-30T00:00:00,2020,7,22,Conflict,22746,16884,Amhara,ET03,SA,Active
8305,Countrywide monitoring,Ethiopia,ETH,Oromia,ET04,,,1,582,2020-07-30T00:00:00,2020,7,22,Conflict,266,316,Not available,Not available,SA,Active
25690,Countrywide monitoring,Ethiopia,ETH,Afar,ET02,,,1,49186,2020-07-30T00:00:00,2020,7,22,Natural disaster,25213,23973,Afar,ET02,SA,Active
25646,Countrywide monitoring,Ethiopia,ETH,Somali,ET05,,,1,418832,2020-07-30T00:00:00,2020,7,22,Conflict,201919,216913,Oromia,ET04,SA,Active
25677,Countrywide monitoring,Ethiopia,ETH,Afar,ET02,,,1,27181,2020-07-30T00:00:00,2020,7,22,Conflict,13777,13404,Afar,ET02,SA,Active
25574,Countrywide monitoring,Ethiopia,ETH,Amhara,ET03,,,1,1113,2020-07-30T00:00:00,2020,7,22,Conflict,654,459,Tigray,ET01,SA,Active
25752,Countrywide monitoring,Ethiopia,ETH,Amhara,ET03,,,1,6551,2020-07-30T00:00:00,2020,7,22,Conflict,3127,3424,Oromia,ET04,SA,Active
34121,Countrywide monitoring,Ethiopia,ETH,Tigray,ET01,,,1,72,2020-07-30T00:00:00,2020,7,22,Conflict,42,30,Benishangul-Gumuz,ET06,SA,Active
9052,Countrywide monitoring,Ethiopia,ETH,Amhara,ET03,,,1,7670,2020-07-30T00:00:00,2020,7,22,Conflict,3803,3867,Amhara,ET03,SA,Active
42564,Countrywide monitoring,Ethiopia,ETH,Oromia,ET04,,,1,181,2020-07-30T00:00:00,2020,7,22,Economic reasons,81,100,Oromia,ET04,SA,Active
42509,Countrywide monitoring,Ethiopia,ETH,Oromia,ET04,,,1,218617,2020-07-30T00:00:00,2020,7,22,Conflict,110267,108350,Oromia,ET04,SA,Active
42553,Countrywide monitoring,Ethiopia,ETH,Central Ethiopia,ET07,,,1,3640,2020-07-30T00:00:00,2020,7,22,Conflict,1721,1919,Somali,ET05,SA,Active
34219,Countrywide monitoring,Ethiopia,ETH,Oromia,ET04,,,1,105029,2020-07-30T00:00:00,2020,7,22,Natural disaster,50537,54492,Oromia,ET04,SA,Active
50824,Countrywide monitoring,Ethiopia,ETH,South Ethiopia People,ET08,,,1,19165,2020-07-30T00:00:00,2020,7,22,Natural disaster,10100,9065,Not available,Not available,SA,Active
42677,Countrywide monitoring,Ethiopia,ETH,Oromia,ET04,,,1,108,2020-07-30T00:00:00,2020,7,22,Conflict,55,53,Central Ethiopia,ET07,SA,Active
42685,Countrywide monitoring,Ethiopia,ETH,Amhara,ET03,,,1,202,2020-07-30T00:00:00,2020,7,22,Conflict,105,97,Not available,Not available,SA,Active
42639,Countrywide monitoring,Ethiopia,ETH,Oromia,ET04,,,1,399,2020-07-30T00:00:00,2020,7,22,Natural disaster,187,212,Somali,ET05,SA,Active
59016,Countrywide monitoring,Ethiopia,ETH,Harari,ET13,,,1,2664,2020-07-30T00:00:00,2020,7,22,Conflict,1365,1299,Somali,ET05,SA,Active
58996,Countrywide monitoring,Ethiopia,ETH,Amhara,ET03,,,1,2135,2020-07-30T00:00:00,2020,7,22,Conflict,1098,1037,Benishangul-Gumuz,ET06,SA,Active
50905,Countrywide monitoring,Ethiopia,ETH,Oromia,ET04,,,1,28851,2020-07-30T00:00:00,2020,7,22,Conflict,14076,14775,Benishangul-Gumuz,ET06,SA,Active
50943,Countrywide monitoring,Ethiopia,ETH,Dire Dawa,ET15,,,1,4921,2020-07-30T00:00:00,2020,7,22,Conflict,2410,2511,Oromia,ET04,SA,Active
67545,Countrywide monitoring,Ethiopia,ETH,Oromia,ET04,,,1,232131,2020-07-30T00:00:00,2020,7,22,Conflict,123445,108686,Somali,ET05,SA,Active
67552,Countrywide monitoring,Ethiopia,ETH,Central Ethiopia,ET07,,,1,2433,2020-07-30T00:00:00,2020,7,22,Conflict,1169,1264,Oromia,ET04,SA,Active
67458,Countrywide monitoring,Ethiopia,ETH,Tigray,ET01,,,1,6848,2020-07-30T00:00:00,2020,7,22,Conflict,3393,3455,Tigray,ET01,SA,Active
67386,Countrywide monitoring,Ethiopia,ETH,South West Ethiopia People,ET11,,,1,19388,2020-07-30T00:00:00,2020,7,22,Conflict,9433,9955,Not available,Not available,SA,Active
67354,Countrywide monitoring,Ethiopia,ETH,Somali,ET05,,,1,130165,2020-07-30T00:00:00,2020,7,22,Conflict,64695,65470,Somali,ET05,SA,Active
67329,Countrywide monitoring,Ethiopia,ETH,Tigray,ET01,,,1,511,2020-07-30T00:00:00,2020,7,22,Conflict,315,196,Somali,ET05,SA,Active
59114,Countrywide monitoring,Ethiopia,ETH,Gambela,ET12,,,1,30403,2020-07-30T00:00:00,2020,7,22,Conflict,15612,14791,Gambela,ET12,SA,Active
59292,Countrywide monitoring,Ethiopia,ETH,Oromia,ET04,,,1,461,2020-07-30T00:00:00,2020,7,22,Economic reasons,235,226,Somali,ET05,SA,Active
59349,Countrywide monitoring,Ethiopia,ETH,Central Ethiopia,ET07,,,1,4654,2020-07-30T00:00:00,2020,7,22,Conflict,2275,2379,Not available,Not available,SA,Active
59238,Countrywide monitoring,Ethiopia,ETH,Amhara,ET03,,,1,240,2020-07-30T00:00:00,2020,7,22,Conflict,134,106,Somali,ET05,SA,Active
59250,Countrywide monitoring,Ethiopia,ETH,Central Ethiopia,ET07,,,1,4808,2020-07-30T00:00:00,2020,7,22,Natural disaster,2583,2225,Not available,Not available,SA,Active
59315,Countrywide monitoring,Ethiopia,ETH,Amhara,ET03,,,1,982,2020-09-30T00:00:00,2020,9,23,Conflict,548,434,Tigray,ET01,SA,Active
59132,Countrywide monitoring,Ethiopia,ETH,Somali,ET05,,,1,21439,2020-09-30T00:00:00,2020,9,23,Conflict,10691,10748,Somali,ET05,SA,Active
59170,Countrywide monitoring,Ethiopia,ETH,Oromia,ET04,,,1,344332,2020-09-30T00:00:00,2020,9,23,Conflict,182903,161429,Oromia,ET04,SA,Active
59038,Countrywide monitoring,Ethiopia,ETH,Central Ethiopia,ET07,,,1,586,2020-09-30T00:00:00,2020,9,23,Conflict,320,266,Somali,ET05,SA,Active
59082,Countrywide monitoring,Ethiopia,ETH,Tigray,ET01,,,1,1553,2020-09-30T00:00:00,2020,9,23,Conflict,986,567,Somali,ET05,SA,Active
59089,Countrywide monitoring,Ethiopia,ETH,Benishangul-Gumuz,ET06,,,1,430,2020-09-30T00:00:00,2020,9,23,Conflict,213,217,Oromia,ET04,SA,Active
67294,Countrywide monitoring,Ethiopia,ETH,Somali,ET05,,,1,289057,2020-09-30T00:00:00,2020,9,23,Natural disaster,140241,148816,Somali,ET05,SA,Active
67390,Countrywide monitoring,Ethiopia,ETH,Sidama,ET16,,,1,26843,2020-09-30T00:00:00,2020,9,23,Conflict,14033,12810,Central Ethiopia,ET07,SA,Active
67465,Countrywide monitoring,Ethiopia,ETH,Tigray,ET01,,,1,6848,2020-09-30T00:00:00,2020,9,23,Conflict,3404,3444,Tigray,ET01,SA,Active
67441,Countrywide monitoring,Ethiopia,ETH,South West Ethiopia People,ET11,,,1,12852,2020-09-30T00:00:00,2020,9,23,Conflict,6829,6023,Not available,Not available,SA,Active
67421,Countrywide monitoring,Ethiopia,ETH,Amhara,ET03,,,1,278,2020-09-30T00:00:00,2020,9,23,Conflict,140,138,Not available,Not available,SA,Active
67553,Countrywide monitoring,Ethiopia,ETH,Oromia,ET04,,,1,1533,2020-09-30T00:00:00,2020,9,23,Natural disaster,788,745,Somali,ET05,SA,Active
67551,Countrywide monitoring,Ethiopia,ETH,Somali,ET05,,,1,59773,2020-09-30T00:00:00,2020,9,23,Natural disaster,29633,30140,Oromia,ET04,SA,Active
50927,Countrywide monitoring,Ethiopia,ETH,Amhara,ET03,,,1,2431,2020-09-30T00:00:00,2020,9,23,Conflict,1312,1119,Benishangul-Gumuz,ET06,SA,Active
58991,Countrywide monitoring,Ethiopia,ETH,Gambela,ET12,,,1,4113,2020-09-30T00:00:00,2020,9,23,Natural disaster,2120,1993,Gambela,ET12,SA,Active
42643,Countrywide monitoring,Ethiopia,ETH,Benishangul-Gumuz,ET06,,,1,389,2020-09-30T00:00:00,2020,9,23,Conflict,189,200,Amhara,ET03,SA,Active
50842,Countrywide monitoring,Ethiopia,ETH,Harari,ET13,,,1,2665,2020-09-30T00:00:00,2020,9,23,Conflict,1370,1295,Somali,ET05,SA,Active
34181,Countrywide monitoring,Ethiopia,ETH,Amhara,ET03,,,1,7589,2020-09-30T00:00:00,2020,9,23,Conflict,3736,3853,Amhara,ET03,SA,Active
42594,Countrywide monitoring,Ethiopia,ETH,Tigray,ET01,,,1,39529,2020-09-30T00:00:00,2020,9,23,Conflict,23633,15896,Central Ethiopia,ET07,SA,Active
42504,Countrywide monitoring,Ethiopia,ETH,Oromia,ET04,,,1,108660,2020-09-30T00:00:00,2020,9,23,Natural disaster,55376,53284,Oromia,ET04,SA,Active
34329,Countrywide monitoring,Ethiopia,ETH,Benishangul-Gumuz,ET06,,,1,7493,2020-09-30T00:00:00,2020,9,23,Conflict,3743,3750,Benishangul-Gumuz,ET06,SA,Active
25527,Countrywide monitoring,Ethiopia,ETH,Amhara,ET03,,,1,6811,2020-09-30T00:00:00,2020,9,23,Conflict,3383,3428,Oromia,ET04,SA,Active
25485,Countrywide monitoring,Ethiopia,ETH,South Ethiopia People,ET08,,,1,52018,2020-09-30T00:00:00,2020,9,23,Natural disaster,25948,26070,Not available,Not available,SA,Active
25473,Countrywide monitoring,Ethiopia,ETH,Dire Dawa,ET15,,,1,4875,2020-09-30T00:00:00,2020,9,23,Conflict,2326,2549,Oromia,ET04,SA,Active
8903,Countrywide monitoring,Ethiopia,ETH,Oromia,ET04,,,1,41272,2020-09-30T00:00:00,2020,9,23,Conflict,20856,20416,Benishangul-Gumuz,ET06,SA,Active
8896,Countrywide monitoring,Ethiopia,ETH,Tigray,ET01,,,1,22692,2020-09-30T00:00:00,2020,9,23,Conflict,13109,9583,Oromia,ET04,SA,Active
9019,Countrywide monitoring,Ethiopia,ETH,Central Ethiopia,ET07,,,1,8521,2020-09-30T00:00:00,2020,9,23,Natural disaster,4419,4102,Central Ethiopia,ET07,SA,Active
34122,Countrywide monitoring,Ethiopia,ETH,Oromia,ET04,,,1,10835,2020-09-30T00:00:00,2020,9,23,Conflict,5427,5408,Central Ethiopia,ET07,SA,Active
34106,Countrywide monitoring,Ethiopia,ETH,Oromia,ET04,,,1,219,2020-09-30T00:00:00,2020,9,23,Economic reasons,85,134,Oromia,ET04,SA,Active
25836,Countrywide monitoring,Ethiopia,ETH,Afar,ET02,,,1,21352,2020-09-30T00:00:00,2020,9,23,Conflict,10844,10508,Afar,ET02,SA,Active
25786,Countrywide monitoring,Ethiopia,ETH,Central Ethiopia,ET07,,,1,5819,2020-09-30T00:00:00,2020,9,23,Conflict,2832,2987,Oromia,ET04,SA,Active
25589,Countrywide monitoring,Ethiopia,ETH,Central Ethiopia,ET07,,,1,19062,2020-09-30T00:00:00,2020,9,23,Conflict,9313,9749,Not available,Not available,SA,Active
8303,Countrywide monitoring,Ethiopia,ETH,Afar,ET02,,,1,126699,2020-09-30T00:00:00,2020,9,23,Natural disaster,64052,62647,Afar,ET02,SA,Active
8191,Countrywide monitoring,Ethiopia,ETH,Oromia,ET04,,,1,471,2020-09-30T00:00:00,2020,9,23,Economic reasons,270,201,Somali,ET05,SA,Active
8197,Countrywide monitoring,Ethiopia,ETH,Oromia,ET04,,,1,77161,2020-09-30T00:00:00,2020,9,23,Conflict,37866,39295,Somali,ET05,SA,Active
8347,Countrywide monitoring,Ethiopia,ETH,Amhara,ET03,,,1,269,2020-09-30T00:00:00,2020,9,23,Conflict,142,127,Somali,ET05,SA,Active
8381,Countrywide monitoring,Ethiopia,ETH,Amhara,ET03,,,1,404,2020-09-30T00:00:00,2020,9,23,Conflict,185,219,Central Ethiopia,ET07,SA,Active
8496,Countrywide monitoring,Ethiopia,ETH,Somali,ET05,,,1,403705,2020-09-30T00:00:00,2020,9,23,Conflict,190755,212950,Oromia,ET04,SA,Active
8749,Countrywide monitoring,Ethiopia,ETH,Central Ethiopia,ET07,,,1,4087,2020-09-30T00:00:00,2020,9,23,Conflict,1960,2127,Central Ethiopia,ET07,SA,Active
8755,Countrywide monitoring,Ethiopia,ETH,South Ethiopia People,ET08,,,1,20076,2020-09-30T00:00:00,2020,9,23,Conflict,9837,10239,Not available,Not available,SA,Active
8716,Countrywide monitoring,Ethiopia,ETH,South West Ethiopia People,ET11,,,1,373,2020-09-30T00:00:00,2020,9,23,Natural disaster,201,172,Not available,Not available,SA,Active
8810,Countrywide monitoring,Ethiopia,ETH,Tigray,ET01,,,1,86,2020-09-30T00:00:00,2020,9,23,Conflict,52,34,Benishangul-Gumuz,ET06,SA,Active
8807,Countrywide monitoring,Ethiopia,ETH,Amhara,ET03,,,1,4577,2020-09-30T00:00:00,2020,9,23,Natural disaster,2296,2281,Amhara,ET03,SA,Active
8838,Countrywide monitoring,Ethiopia,ETH,Oromia,ET04,,,1,590,2020-09-30T00:00:00,2020,9,23,Conflict,284,306,Not available,Not available,SA,Active
8839,Countrywide monitoring,Ethiopia,ETH,Central Ethiopia,ET07,,,1,2520,2020-09-30T00:00:00,2020,9,23,Natural disaster,1467,1053,Not available,Not available,SA,Active
8865,Countrywide monitoring,Ethiopia,ETH,Tigray,ET01,,,1,29873,2020-09-30T00:00:00,2020,9,23,Conflict,16741,13132,Amhara,ET03,SA,Active
8612,Countrywide monitoring,Ethiopia,ETH,Gambela,ET12,,,1,32606,2020-09-30T00:00:00,2020,9,23,Conflict,16209,16397,Gambela,ET12,SA,Active
67640,Countrywide monitoring,Ethiopia,ETH,Sidama,ET16,,,1,3674,2020-09-30T00:00:00,2020,9,23,Natural disaster,1955,1719,Central Ethiopia,ET07,SA,Active
67628,Countrywide monitoring,Ethiopia,ETH,Oromia,ET04,,,1,5750,2020-09-30T00:00:00,2020,9,23,Other reason,2672,3078,Oromia,ET04,SA,Active
67603,Countrywide monitoring,Ethiopia,ETH,South Ethiopia People,ET08,,,1,779,2020-09-30T00:00:00,2020,9,23,Conflict,349,430,Oromia,ET04,SA,Active
67609,Countrywide monitoring,Ethiopia,ETH,Benishangul-Gumuz,ET06,,,1,2951,2021-01-30T00:00:00,2021,1,24,Conflict,1413,1538,Oromia,ET04,SA,Active
67615,Countrywide monitoring,Ethiopia,ETH,Oromia,ET04,,,1,5597,2021-01-30T00:00:00,2021,1,24,Other reason,2705,2892,Oromia,ET04,SA,Active
67658,Countrywide monitoring,Ethiopia,ETH,Afar,ET02,,,1,29440,2021-01-30T00:00:00,2021,1,24,Conflict,15388,14052,Afar,ET02,SA,Active
8647,Countrywide monitoring,Ethiopia,ETH,Amhara,ET03,,,1,665,2021-01-30T00:00:00,2021,1,24,Conflict,398,267,Tigray,ET01,SA,Active
8561,Countrywide monitoring,Ethiopia,ETH,Amhara,ET03,,,1,12433,2021-01-30T00:00:00,2021,1,24,Conflict,6028,6405,Oromia,ET04,SA,Active
8523,Countrywide monitoring,Ethiopia,ETH,Oromia,ET04,,,1,41722,2021-01-30T00:00:00,2021,1,24,Conflict,20084,21638,Benishangul-Gumuz,ET06,SA,Active
8542,Countrywide monitoring,Ethiopia,ETH,Gambela,ET12,,,1,3812,2021-01-30T00:00:00,2021,1,24,Natural disaster,1935,1877,Gambela,ET12,SA,Active
8786,Countrywide monitoring,Ethiopia,ETH,Central Ethiopia,ET07,,,1,374,2021-01-30T00:00:00,2021,1,24,Conflict,185,189,Somali,ET05,SA,Active
8788,Countrywide monitoring,Ethiopia,ETH,South Ethiopia People,ET08,,,1,76063,2021-01-30T00:00:00,2021,1,24,Natural disaster,38504,37559,Not available,Not available,SA,Active
8420,Countrywide monitoring,Ethiopia,ETH,Amhara,ET03,,,1,562,2021-01-30T00:00:00,2021,1,24,Natural disaster,266,296,Amhara,ET03,SA,Active
8421,Countrywide monitoring,Ethiopia,ETH,Oromia,ET04,,,1,153,2021-01-30T00:00:00,2021,1,24,Economic reasons,54,99,Oromia,ET04,SA,Active
8206,Countrywide monitoring,Ethiopia,ETH,Harari,ET13,,,1,2654,2021-01-30T00:00:00,2021,1,24,Conflict,1355,1299,Somali,ET05,SA,Active
8221,Countrywide monitoring,Ethiopia,ETH,Benishangul-Gumuz,ET06,,,1,945,2021-01-30T00:00:00,2021,1,24,Conflict,427,518,Benishangul-Gumuz,ET06,SA,Active
8314,Countrywide monitoring,Ethiopia,ETH,Oromia,ET04,,,1,390,2021-01-30T00:00:00,2021,1,24,Economic reasons,183,207,Somali,ET05,SA,Active
8264,Countrywide monitoring,Ethiopia,ETH,Oromia,ET04,,,1,143,2021-01-30T00:00:00,2021,1,24,Conflict,66,77,Afar,ET02,SA,Active
25670,Countrywide monitoring,Ethiopia,ETH,South West Ethiopia People,ET11,,,1,401,2021-01-30T00:00:00,2021,1,24,Natural disaster,199,202,Not available,Not available,SA,Active
25645,Countrywide monitoring,Ethiopia,ETH,Oromia,ET04,,,1,90749,2021-01-30T00:00:00,2021,1,24,Natural disaster,44040,46709,Oromia,ET04,SA,Active
25787,Countrywide monitoring,Ethiopia,ETH,Oromia,ET04,,,1,230468,2021-01-30T00:00:00,2021,1,24,Conflict,123405,107063,Somali,ET05,SA,Active
25762,Countrywide monitoring,Ethiopia,ETH,Oromia,ET04,,,1,222457,2021-01-30T00:00:00,2021,1,24,Conflict,116018,106439,Oromia,ET04,SA,Active
25781,Countrywide monitoring,Ethiopia,ETH,Afar,ET02,,,1,97916,2021-01-30T00:00:00,2021,1,24,Natural disaster,50946,46970,Afar,ET02,SA,Active
8918,Countrywide monitoring,Ethiopia,ETH,Somali,ET05,,,1,129216,2021-01-30T00:00:00,2021,1,24,Conflict,64392,64824,Somali,ET05,SA,Active
8971,Countrywide monitoring,Ethiopia,ETH,Amhara,ET03,,,1,47881,2021-01-30T00:00:00,2021,1,24,Conflict,22648,25233,Benishangul-Gumuz,ET06,SA,Active
8913,Countrywide monitoring,Ethiopia,ETH,Sidama,ET16,,,1,28468,2021-01-30T00:00:00,2021,1,24,Conflict,15099,13369,Afar,ET02,SA,Active
8941,Countrywide monitoring,Ethiopia,ETH,Central Ethiopia,ET07,,,1,1232,2021-01-30T00:00:00,2021,1,24,Natural disaster,600,632,Central Ethiopia,ET07,SA,Active
8931,Countrywide monitoring,Ethiopia,ETH,Oromia,ET04,,,1,528,2021-01-30T00:00:00,2021,1,24,Conflict,276,252,Not available,Not available,SA,Active
8887,Countrywide monitoring,Ethiopia,ETH,Central Ethiopia,ET07,,,1,2111,2021-01-30T00:00:00,2021,1,24,Natural disaster,1117,994,Not available,Not available,SA,Active
8852,Countrywide monitoring,Ethiopia,ETH,South Ethiopia People,ET08,,,1,66984,2021-01-30T00:00:00,2021,1,24,Conflict,35449,31535,Not available,Not available,SA,Active
8876,Countrywide monitoring,Ethiopia,ETH,Oromia,ET04,,,1,2527,2021-01-30T00:00:00,2021,1,24,Natural disaster,1172,1355,Benishangul-Gumuz,ET06,SA,Active
25526,Countrywide monitoring,Ethiopia,ETH,South Ethiopia People,ET08,,,1,2087,2021-01-30T00:00:00,2021,1,24,Conflict,1073,1014,Afar,ET02,SA,Active
9068,Countrywide monitoring,Ethiopia,ETH,South Ethiopia People,ET08,,,1,664,2021-01-30T00:00:00,2021,1,24,Conflict,353,311,Oromia,ET04,SA,Active
42526,Countrywide monitoring,Ethiopia,ETH,Oromia,ET04,,,1,1498,2021-01-30T00:00:00,2021,1,24,Natural disaster,761,737,Somali,ET05,SA,Active
42555,Countrywide monitoring,Ethiopia,ETH,Gambela,ET12,,,1,37550,2021-01-30T00:00:00,2021,1,24,Conflict,19208,18342,Gambela,ET12,SA,Active
34168,Countrywide monitoring,Ethiopia,ETH,Central Ethiopia,ET07,,,1,8504,2021-01-30T00:00:00,2021,1,24,Conflict,4262,4242,Oromia,ET04,SA,Active
42667,Countrywide monitoring,Ethiopia,ETH,South West Ethiopia People,ET11,,,1,12490,2021-01-30T00:00:00,2021,1,24,Conflict,6641,5849,Not available,Not available,SA,Active
42683,Countrywide monitoring,Ethiopia,ETH,Gambela,ET12,,,1,658,2021-01-30T00:00:00,2021,1,24,Conflict,277,381,Oromia,ET04,SA,Active
59015,Countrywide monitoring,Ethiopia,ETH,Somali,ET05,,,1,375160,2021-01-30T00:00:00,2021,1,24,Natural disaster,182625,192535,Somali,ET05,SA,Active
50966,Countrywide monitoring,Ethiopia,ETH,Addis Ababa,ET14,,,1,5854,2021-01-30T00:00:00,2021,1,24,Conflict,2945,2909,Somali,ET05,SA,Active
50977,Countrywide monitoring,Ethiopia,ETH,Amhara,ET03,,,1,595,2021-01-30T00:00:00,2021,1,24,Conflict,287,308,Somali,ET05,SA,Active
67550,Countrywide monitoring,Ethiopia,ETH,Dire Dawa,ET15,,,1,4921,2021-01-30T00:00:00,2021,1,24,Conflict,2355,2566,Oromia,ET04,SA,Active
67348,Countrywide monitoring,Ethiopia,ETH,Central Ethiopia,ET07,,,1,6473,2021-01-30T00:00:00,2021,1,24,Conflict,3172,3301,Central Ethiopia,ET07,SA,Active
59075,Countrywide monitoring,Ethiopia,ETH,Amhara,ET03,,,1,454,2021-01-30T00:00:00,2021,1,24,Conflict,230,224,Not available,Not available,SA,Active
59035,Countrywide monitoring,Ethiopia,ETH,Sidama,ET16,,,1,1088,2021-01-30T00:00:00,2021,1,24,Natural disaster,606,482,Afar,ET02,SA,Active
59157,Countrywide monitoring,Ethiopia,ETH,Somali,ET05,,,1,344068,2021-01-30T00:00:00,2021,1,24,Conflict,170193,173875,Oromia,ET04,SA,Active
59316,Countrywide monitoring,Ethiopia,ETH,Amhara,ET03,,,1,7451,2021-01-30T00:00:00,2021,1,24,Conflict,3658,3793,Amhara,ET03,SA,Active
59327,Countrywide monitoring,Ethiopia,ETH,Central Ethiopia,ET07,,,1,51440,2021-01-30T00:00:00,2021,1,24,Conflict,25654,25786,Not available,Not available,SA,Active
59074,Northern Ethiopia Crisis,Ethiopia,ETH,Tigray,ET01,,,1,26927,2021-01-31T00:00:00,2021,1,2,Conflict,13834,13093,Amhara,ET03,SA,Active
67259,Northern Ethiopia Crisis,Ethiopia,ETH,Afar,ET02,,,1,11472,2021-01-31T00:00:00,2021,1,2,Conflict,5764,5708,Afar,ET02,SA,Active
67449,Northern Ethiopia Crisis,Ethiopia,ETH,Amhara,ET03,,,1,6038,2021-01-31T00:00:00,2021,1,2,Conflict,2829,3209,Tigray,ET01,SA,Active
9042,Northern Ethiopia Crisis,Ethiopia,ETH,Afar,ET02,,,1,15625,2021-01-31T00:00:00,2021,1,2,Conflict,9313,6312,Tigray,ET01,SA,Active
25492,Northern Ethiopia Crisis,Ethiopia,ETH,Tigray,ET01,,,1,64119,2021-01-31T00:00:00,2021,1,2,Conflict,31094,33025,Tigray,ET01,SA,Active
25726,Northern Ethiopia Crisis,Ethiopia,ETH,Amhara,ET03,,,1,415,2021-01-31T00:00:00,2021,1,2,Conflict,220,195,Amhara,ET03,SA,Active
8253,Northern Ethiopia Crisis,Ethiopia,ETH,Afar,ET02,,,1,1594,2021-01-31T00:00:00,2021,1,2,Conflict,886,708,Not available,Not available,SA,Active
8403,Northern Ethiopia Crisis,Ethiopia,ETH,Tigray,ET01,,,1,5400,2021-01-31T00:00:00,2021,1,2,Conflict,2798,2602,Afar,ET02,SA,Active
8624,Northern Ethiopia Crisis,Ethiopia,ETH,Tigray,ET01,,,1,18927,2021-02-28T00:00:00,2021,2,3,Conflict,12676,6251,Amhara,ET03,SA,Active
25628,Northern Ethiopia Crisis,Ethiopia,ETH,Amhara,ET03,,,1,14563,2021-02-28T00:00:00,2021,2,3,Conflict,6974,7589,Tigray,ET01,SA,Active
25773,Northern Ethiopia Crisis,Ethiopia,ETH,Afar,ET02,,,1,1120,2021-02-28T00:00:00,2021,2,3,Conflict,604,516,Not available,Not available,SA,Active
8976,Northern Ethiopia Crisis,Ethiopia,ETH,Tigray,ET01,,,1,5400,2021-02-28T00:00:00,2021,2,3,Conflict,2798,2602,Afar,ET02,SA,Active
59026,Northern Ethiopia Crisis,Ethiopia,ETH,Amhara,ET03,,,1,370,2021-02-28T00:00:00,2021,2,3,Conflict,194,176,Amhara,ET03,SA,Active
58995,Northern Ethiopia Crisis,Ethiopia,ETH,Afar,ET02,,,1,11472,2021-02-28T00:00:00,2021,2,3,Conflict,5774,5698,Afar,ET02,SA,Active
50802,Northern Ethiopia Crisis,Ethiopia,ETH,Tigray,ET01,,,1,302581,2021-02-28T00:00:00,2021,2,3,Conflict,148481,154100,Tigray,ET01,SA,Active
42612,Northern Ethiopia Crisis,Ethiopia,ETH,Afar,ET02,,,1,23959,2021-02-28T00:00:00,2021,2,3,Conflict,13460,10499,Tigray,ET01,SA,Active
34328,Northern Ethiopia Crisis,Ethiopia,ETH,Afar,ET02,,,1,27398,2021-03-31T00:00:00,2021,3,4,Conflict,15245,12153,Tigray,ET01,SA,Active
34193,Northern Ethiopia Crisis,Ethiopia,ETH,Afar,ET02,,,1,1145,2021-03-31T00:00:00,2021,3,4,Conflict,629,516,Not available,Not available,SA,Active
67514,Northern Ethiopia Crisis,Ethiopia,ETH,Amhara,ET03,,,1,18411,2021-03-31T00:00:00,2021,3,4,Conflict,9068,9343,Tigray,ET01,SA,Active
67558,Northern Ethiopia Crisis,Ethiopia,ETH,Tigray,ET01,,,1,521,2021-03-31T00:00:00,2021,3,4,Conflict,64,457,Not available,Not available,SA,Active
59296,Northern Ethiopia Crisis,Ethiopia,ETH,Afar,ET02,,,1,16800,2021-03-31T00:00:00,2021,3,4,Conflict,8503,8297,Afar,ET02,SA,Active
59258,Northern Ethiopia Crisis,Ethiopia,ETH,Amhara,ET03,,,1,370,2021-03-31T00:00:00,2021,3,4,Conflict,194,176,Amhara,ET03,SA,Active
25438,Northern Ethiopia Crisis,Ethiopia,ETH,Tigray,ET01,,,1,961031,2021-03-31T00:00:00,2021,3,4,Conflict,453920,507111,Tigray,ET01,SA,Active
9063,Countrywide monitoring,Ethiopia,ETH,Oromia,ET04,,,1,239763,2021-04-30T00:00:00,2021,4,25,Conflict,126706,113057,Somali,ET05,SA,Active
25503,Countrywide monitoring,Ethiopia,ETH,Benishangul-Gumuz,ET06,,,1,169,2021-04-30T00:00:00,2021,4,25,Conflict,92,77,Amhara,ET03,SA,Active
9035,Northern Ethiopia Crisis,Ethiopia,ETH,Tigray,ET01,,,1,3501,2021-04-30T00:00:00,2021,4,5,Conflict,1720,1781,Amhara,ET03,SA,Active
9006,Countrywide monitoring,Ethiopia,ETH,South Ethiopia People,ET08,,,1,1987,2021-04-30T00:00:00,2021,4,25,Conflict,981,1006,Oromia,ET04,SA,Active
9016,Countrywide monitoring,Ethiopia,ETH,Central Ethiopia,ET07,,,1,8939,2021-04-30T00:00:00,2021,4,25,Conflict,4750,4189,Not available,Not available,SA,Active
9017,Countrywide monitoring,Ethiopia,ETH,Amhara,ET03,,,1,1916,2021-04-30T00:00:00,2021,4,25,Conflict,961,955,Not available,Not available,SA,Active
25765,Countrywide monitoring,Ethiopia,ETH,Amhara,ET03,,,1,128437,2021-04-30T00:00:00,2021,4,25,Conflict,61787,66650,Benishangul-Gumuz,ET06,SA,Active
25794,Countrywide monitoring,Ethiopia,ETH,Oromia,ET04,,,1,146,2021-04-30T00:00:00,2021,4,25,Economic reasons,59,87,Oromia,ET04,SA,Active
25802,Northern Ethiopia Crisis,Ethiopia,ETH,Tigray,ET01,,,1,1565802,2021-04-30T00:00:00,2021,4,5,Conflict,748838,816964,Tigray,ET01,SA,Active
25812,Countrywide monitoring,Ethiopia,ETH,Central Ethiopia,ET07,,,1,2282,2021-04-30T00:00:00,2021,4,25,Conflict,1100,1182,Somali,ET05,SA,Active
25841,Northern Ethiopia Crisis,Ethiopia,ETH,Afar,ET02,,,1,1225,2021-04-30T00:00:00,2021,4,5,Conflict,644,581,Not available,Not available,SA,Active
34110,Northern Ethiopia Crisis,Ethiopia,ETH,Amhara,ET03,,,1,20442,2021-04-30T00:00:00,2021,4,5,Conflict,10123,10319,Tigray,ET01,SA,Active
25643,Countrywide monitoring,Ethiopia,ETH,Afar,ET02,,,1,28029,2021-04-30T00:00:00,2021,4,25,Conflict,14310,13719,Afar,ET02,SA,Active
25576,Countrywide monitoring,Ethiopia,ETH,Benishangul-Gumuz,ET06,,,1,4584,2021-04-30T00:00:00,2021,4,25,Conflict,2031,2553,Benishangul-Gumuz,ET06,SA,Active
8665,Countrywide monitoring,Ethiopia,ETH,Amhara,ET03,,,1,121,2021-04-30T00:00:00,2021,4,25,Natural disaster,64,57,Benishangul-Gumuz,ET06,SA,Active
8576,Countrywide monitoring,Ethiopia,ETH,Somali,ET05,,,1,354965,2021-04-30T00:00:00,2021,4,25,Conflict,174383,180582,Oromia,ET04,SA,Active
8811,Countrywide monitoring,Ethiopia,ETH,Central Ethiopia,ET07,,,1,4085,2021-04-30T00:00:00,2021,4,25,Natural disaster,2143,1942,Central Ethiopia,ET07,SA,Active
8720,Countrywide monitoring,Ethiopia,ETH,Addis Ababa,ET14,,,1,5853,2021-04-30T00:00:00,2021,4,25,Conflict,2944,2909,Somali,ET05,SA,Active
8712,Northern Ethiopia Crisis,Ethiopia,ETH,Afar,ET02,,,1,28529,2021-04-30T00:00:00,2021,4,5,Conflict,15744,12785,Tigray,ET01,SA,Active
8498,Countrywide monitoring,Ethiopia,ETH,Oromia,ET04,,,1,372,2021-04-30T00:00:00,2021,4,25,Economic reasons,187,185,Somali,ET05,SA,Active
8434,Countrywide monitoring,Ethiopia,ETH,Sidama,ET16,,,1,840,2021-04-30T00:00:00,2021,4,25,Natural disaster,426,414,Afar,ET02,SA,Active
8192,Countrywide monitoring,Ethiopia,ETH,South Ethiopia People,ET08,,,1,77245,2021-04-30T00:00:00,2021,4,25,Natural disaster,38634,38611,Not available,Not available,SA,Active
8270,Countrywide monitoring,Ethiopia,ETH,Oromia,ET04,,,1,1539,2021-04-30T00:00:00,2021,4,25,Natural disaster,797,742,Somali,ET05,SA,Active
59265,Countrywide monitoring,Ethiopia,ETH,Amhara,ET03,,,1,136,2021-04-30T00:00:00,2021,4,25,Conflict,69,67,Somali,ET05,SA,Active
59247,Countrywide monitoring,Ethiopia,ETH,Oromia,ET04,,,1,39292,2021-04-30T00:00:00,2021,4,25,Conflict,17914,21378,Benishangul-Gumuz,ET06,SA,Active
59220,Countrywide monitoring,Ethiopia,ETH,South Ethiopia People,ET08,,,1,69900,2021-04-30T00:00:00,2021,4,25,Conflict,35571,34329,Not available,Not available,SA,Active
59288,Countrywide monitoring,Ethiopia,ETH,Afar,ET02,,,1,87154,2021-04-30T00:00:00,2021,4,25,Natural disaster,44847,42307,Afar,ET02,SA,Active
59303,Countrywide monitoring,Ethiopia,ETH,Somali,ET05,,,1,362543,2021-04-30T00:00:00,2021,4,25,Natural disaster,178988,183555,Somali,ET05,SA,Active
59319,Countrywide monitoring,Ethiopia,ETH,Gambela,ET12,,,1,39418,2021-04-30T00:00:00,2021,4,25,Conflict,20023,19395,Gambela,ET12,SA,Active
59325,Countrywide monitoring,Ethiopia,ETH,Central Ethiopia,ET07,,,1,7325,2021-04-30T00:00:00,2021,4,25,Conflict,3428,3897,Oromia,ET04,SA,Active
59350,Countrywide monitoring,Ethiopia,ETH,Gambela,ET12,,,1,1026,2021-04-30T00:00:00,2021,4,25,Conflict,501,525,Not available,Not available,SA,Active
59090,Countrywide monitoring,Ethiopia,ETH,Benishangul-Gumuz,ET06,,,1,4059,2021-04-30T00:00:00,2021,4,25,Conflict,1931,2128,Oromia,ET04,SA,Active
59039,Countrywide monitoring,Ethiopia,ETH,Harari,ET13,,,1,2690,2021-04-30T00:00:00,2021,4,25,Conflict,1380,1310,Somali,ET05,SA,Active
59127,Countrywide monitoring,Ethiopia,ETH,Oromia,ET04,,,1,5127,2021-04-30T00:00:00,2021,4,25,Other reason,2579,2548,Oromia,ET04,SA,Active
67539,Countrywide monitoring,Ethiopia,ETH,Sidama,ET16,,,1,27102,2021-04-30T00:00:00,2021,4,25,Conflict,14639,12463,Afar,ET02,SA,Active
67492,Countrywide monitoring,Ethiopia,ETH,Amhara,ET03,,,1,48223,2021-04-30T00:00:00,2021,4,25,Conflict,23404,24819,Oromia,ET04,SA,Active
67271,Countrywide monitoring,Ethiopia,ETH,Amhara,ET03,,,1,594,2021-04-30T00:00:00,2021,4,25,Natural disaster,282,312,Amhara,ET03,SA,Active
67321,Countrywide monitoring,Ethiopia,ETH,Oromia,ET04,,,1,433,2021-04-30T00:00:00,2021,4,25,Natural disaster,187,246,Benishangul-Gumuz,ET06,SA,Active
67366,Countrywide monitoring,Ethiopia,ETH,Somali,ET05,,,1,113837,2021-04-30T00:00:00,2021,4,25,Conflict,56338,57499,Somali,ET05,SA,Active
67339,Northern Ethiopia Crisis,Ethiopia,ETH,Amhara,ET03,,,1,370,2021-04-30T00:00:00,2021,4,5,Conflict,194,176,Amhara,ET03,SA,Active
67388,Countrywide monitoring,Ethiopia,ETH,Amhara,ET03,,,1,8778,2021-04-30T00:00:00,2021,4,25,Conflict,4522,4256,Amhara,ET03,SA,Active
67383,Countrywide monitoring,Ethiopia,ETH,Central Ethiopia,ET07,,,1,9222,2021-04-30T00:00:00,2021,4,25,Conflict,4715,4507,Central Ethiopia,ET07,SA,Active
34210,Countrywide monitoring,Ethiopia,ETH,Oromia,ET04,,,1,651,2021-04-30T00:00:00,2021,4,25,Conflict,355,296,Not available,Not available,SA,Active
34155,Northern Ethiopia Crisis,Ethiopia,ETH,Tigray,ET01,,,1,14212,2021-04-30T00:00:00,2021,4,5,Conflict,6822,7390,Not available,Not available,SA,Active
34137,Countrywide monitoring,Ethiopia,ETH,Oromia,ET04,,,1,159713,2021-04-30T00:00:00,2021,4,25,Conflict,81482,78231,Oromia,ET04,SA,Active
42542,Countrywide monitoring,Ethiopia,ETH,Sidama,ET16,,,1,662,2021-04-30T00:00:00,2021,4,25,Natural disaster,338,324,Not available,Not available,SA,Active
42560,Countrywide monitoring,Ethiopia,ETH,Central Ethiopia,ET07,,,1,503,2021-04-30T00:00:00,2021,4,25,Natural disaster,259,244,Somali,ET05,SA,Active
50810,Countrywide monitoring,Ethiopia,ETH,Oromia,ET04,,,1,81453,2021-04-30T00:00:00,2021,4,25,Natural disaster,39487,41966,Oromia,ET04,SA,Active
50811,Countrywide monitoring,Ethiopia,ETH,South West Ethiopia People,ET11,,,1,204,2021-04-30T00:00:00,2021,4,25,Natural disaster,93,111,Not available,Not available,SA,Active
50837,Northern Ethiopia Crisis,Ethiopia,ETH,Afar,ET02,,,1,18666,2021-04-30T00:00:00,2021,4,5,Conflict,9539,9127,Afar,ET02,SA,Active
50881,Countrywide monitoring,Ethiopia,ETH,South West Ethiopia People,ET11,,,1,19887,2021-04-30T00:00:00,2021,4,25,Conflict,8789,11098,Not available,Not available,SA,Active
42635,Countrywide monitoring,Ethiopia,ETH,Gambela,ET12,,,1,4153,2021-04-30T00:00:00,2021,4,25,Natural disaster,2208,1945,Gambela,ET12,SA,Active
50918,Countrywide monitoring,Ethiopia,ETH,Dire Dawa,ET15,,,1,4921,2021-04-30T00:00:00,2021,4,25,Conflict,2355,2566,Oromia,ET04,SA,Active
67686,Countrywide monitoring,Ethiopia,ETH,South Ethiopia People,ET08,,,1,2314,2021-04-30T00:00:00,2021,4,25,Conflict,1198,1116,Afar,ET02,SA,Active
67641,Countrywide monitoring,Ethiopia,ETH,Oromia,ET04,,,1,2000,2021-04-30T00:00:00,2021,4,25,Natural disaster,1089,911,Harari,ET13,SA,Active
67450,Northern Ethiopia Crisis,Ethiopia,ETH,Amhara,ET03,,,1,21928,2021-05-30T00:00:00,2021,5,6,Conflict,10409,11519,Tigray,ET01,SA,Active
59055,Northern Ethiopia Crisis,Ethiopia,ETH,Afar,ET02,,,1,30377,2021-05-30T00:00:00,2021,5,6,Conflict,16681,13696,Tigray,ET01,SA,Active
59105,Northern Ethiopia Crisis,Ethiopia,ETH,Amhara,ET03,,,1,377,2021-05-30T00:00:00,2021,5,6,Conflict,196,181,Amhara,ET03,SA,Active
8427,Northern Ethiopia Crisis,Ethiopia,ETH,Tigray,ET01,,,1,16742,2021-05-30T00:00:00,2021,5,6,Conflict,8036,8706,Amhara,ET03,SA,Active
8399,Northern Ethiopia Crisis,Ethiopia,ETH,Tigray,ET01,,,1,1901478,2021-05-30T00:00:00,2021,5,6,Conflict,887491,1013987,Tigray,ET01,SA,Active
8719,Northern Ethiopia Crisis,Ethiopia,ETH,Afar,ET02,,,1,19266,2021-05-30T00:00:00,2021,5,6,Conflict,9849,9417,Afar,ET02,SA,Active
8551,Northern Ethiopia Crisis,Ethiopia,ETH,Afar,ET02,,,1,31445,2021-06-30T00:00:00,2021,6,7,Conflict,17338,14107,Tigray,ET01,SA,Active
25620,Northern Ethiopia Crisis,Ethiopia,ETH,Amhara,ET03,,,1,19611,2021-06-30T00:00:00,2021,6,7,Conflict,9746,9865,Tigray,ET01,SA,Active
25701,Northern Ethiopia Crisis,Ethiopia,ETH,Tigray,ET01,,,1,2595,2021-06-30T00:00:00,2021,6,7,Conflict,1227,1368,Amhara,ET03,SA,Active
51007,Northern Ethiopia Crisis,Ethiopia,ETH,Tigray,ET01,,,1,10326,2021-06-30T00:00:00,2021,6,7,Conflict,4957,5369,Not available,Not available,SA,Active
42613,Northern Ethiopia Crisis,Ethiopia,ETH,Afar,ET02,,,1,17556,2021-06-30T00:00:00,2021,6,7,Conflict,9245,8311,Afar,ET02,SA,Active
34321,Northern Ethiopia Crisis,Ethiopia,ETH,Tigray,ET01,,,1,2023477,2021-06-30T00:00:00,2021,6,7,Conflict,1028775,994702,Tigray,ET01,SA,Active
34304,Northern Ethiopia Crisis,Ethiopia,ETH,Amhara,ET03,,,1,377,2021-06-30T00:00:00,2021,6,7,Conflict,196,181,Amhara,ET03,SA,Active
34297,Countrywide monitoring,Ethiopia,ETH,Somali,ET05,,,1,366524,2021-07-30T00:00:00,2021,7,26,Natural disaster,181156,185368,Somali,ET05,SA,Active
34145,Countrywide monitoring,Ethiopia,ETH,South West Ethiopia People,ET11,,,1,313,2021-07-30T00:00:00,2021,7,26,Natural disaster,134,179,Not available,Not available,SA,Active
34194,Countrywide monitoring,Ethiopia,ETH,Oromia,ET04,,,1,65130,2021-07-30T00:00:00,2021,7,26,Natural disaster,31832,33298,Oromia,ET04,SA,Active
42554,Countrywide monitoring,Ethiopia,ETH,Gambela,ET12,,,1,1186,2021-07-30T00:00:00,2021,7,26,Conflict,471,715,Not available,Not available,SA,Active
58997,Countrywide monitoring,Ethiopia,ETH,Afar,ET02,,,1,89609,2021-07-30T00:00:00,2021,7,26,Natural disaster,47442,42167,Afar,ET02,SA,Active
50904,Countrywide monitoring,Ethiopia,ETH,Oromia,ET04,,,1,135760,2021-07-30T00:00:00,2021,7,26,Conflict,68536,67224,Oromia,ET04,SA,Active
50976,Countrywide monitoring,Ethiopia,ETH,Oromia,ET04,,,1,219446,2021-07-30T00:00:00,2021,7,26,Conflict,115764,103682,Somali,ET05,SA,Active
50951,Countrywide monitoring,Ethiopia,ETH,Central Ethiopia,ET07,,,1,1734,2021-07-30T00:00:00,2021,7,26,Conflict,840,894,Somali,ET05,SA,Active
42691,Countrywide monitoring,Ethiopia,ETH,Somali,ET05,,,1,365037,2021-07-30T00:00:00,2021,7,26,Conflict,176715,188322,Oromia,ET04,SA,Active
42692,Countrywide monitoring,Ethiopia,ETH,Harari,ET13,,,1,3133,2021-07-30T00:00:00,2021,7,26,Conflict,1605,1528,Somali,ET05,SA,Active
42703,Countrywide monitoring,Ethiopia,ETH,Central Ethiopia,ET07,,,1,4258,2021-07-30T00:00:00,2021,7,26,Natural disaster,2190,2068,Central Ethiopia,ET07,SA,Active
59113,Countrywide monitoring,Ethiopia,ETH,Amhara,ET03,,,1,88660,2021-07-30T00:00:00,2021,7,26,Conflict,42838,45822,Benishangul-Gumuz,ET06,SA,Active
59073,Countrywide monitoring,Ethiopia,ETH,Afar,ET02,,,1,27954,2021-07-30T00:00:00,2021,7,26,Conflict,14121,13833,Afar,ET02,SA,Active
59063,Countrywide monitoring,Ethiopia,ETH,Central Ethiopia,ET07,,,1,467,2021-07-30T00:00:00,2021,7,26,Natural disaster,206,261,Somali,ET05,SA,Active
59043,Countrywide monitoring,Ethiopia,ETH,Somali,ET05,,,1,103162,2021-07-30T00:00:00,2021,7,26,Conflict,50423,52739,Somali,ET05,SA,Active
59108,Countrywide monitoring,Ethiopia,ETH,Sidama,ET16,,,1,460,2021-07-30T00:00:00,2021,7,26,Conflict,229,231,Not available,Not available,SA,Active
59189,Countrywide monitoring,Ethiopia,ETH,Amhara,ET03,,,1,55,2021-07-30T00:00:00,2021,7,26,Conflict,27,28,Somali,ET05,SA,Active
59302,Countrywide monitoring,Ethiopia,ETH,South Ethiopia People,ET08,,,1,2478,2021-07-30T00:00:00,2021,7,26,Conflict,1261,1217,Oromia,ET04,SA,Active
67406,Countrywide monitoring,Ethiopia,ETH,Central Ethiopia,ET07,,,1,9898,2021-07-30T00:00:00,2021,7,26,Conflict,4958,4940,Not available,Not available,SA,Active
67491,Countrywide monitoring,Ethiopia,ETH,Amhara,ET03,,,1,1128,2021-07-30T00:00:00,2021,7,26,Conflict,508,620,Afar,ET02,SA,Active
67404,Countrywide monitoring,Ethiopia,ETH,Dire Dawa,ET15,,,1,2491,2021-07-30T00:00:00,2021,7,26,Conflict,1174,1317,Oromia,ET04,SA,Active
67314,Countrywide monitoring,Ethiopia,ETH,Benishangul-Gumuz,ET06,,,1,3415,2021-07-30T00:00:00,2021,7,26,Conflict,1713,1702,Benishangul-Gumuz,ET06,SA,Active
67258,Countrywide monitoring,Ethiopia,ETH,Sidama,ET16,,,1,27356,2021-07-30T00:00:00,2021,7,26,Conflict,14071,13285,Afar,ET02,SA,Active
67287,Countrywide monitoring,Ethiopia,ETH,Central Ethiopia,ET07,,,1,8461,2021-07-30T00:00:00,2021,7,26,Conflict,4252,4209,Oromia,ET04,SA,Active
67263,Countrywide monitoring,Ethiopia,ETH,South Ethiopia People,ET08,,,1,49366,2021-07-30T00:00:00,2021,7,26,Conflict,25888,23478,Not available,Not available,SA,Active
25669,Countrywide monitoring,Ethiopia,ETH,Sidama,ET16,,,1,1067,2021-07-30T00:00:00,2021,7,26,Natural disaster,555,512,Afar,ET02,SA,Active
25634,Countrywide monitoring,Ethiopia,ETH,Central Ethiopia,ET07,,,1,405,2021-07-30T00:00:00,2021,7,26,Conflict,183,222,Dire Dawa,ET15,SA,Active
34082,Countrywide monitoring,Ethiopia,ETH,Amhara,ET03,,,1,3134,2021-07-30T00:00:00,2021,7,26,Conflict,1592,1542,Not available,Not available,SA,Active
34120,Countrywide monitoring,Ethiopia,ETH,Oromia,ET04,,,1,354,2021-07-30T00:00:00,2021,7,26,Economic reasons,164,190,Somali,ET05,SA,Active
9030,Countrywide monitoring,Ethiopia,ETH,South Ethiopia People,ET08,,,1,75780,2021-07-30T00:00:00,2021,7,26,Natural disaster,38918,36862,Not available,Not available,SA,Active
8986,Countrywide monitoring,Ethiopia,ETH,Benishangul-Gumuz,ET06,,,1,1563,2021-07-30T00:00:00,2021,7,26,Conflict,866,697,Oromia,ET04,SA,Active
8875,Countrywide monitoring,Ethiopia,ETH,Oromia,ET04,,,1,1535,2021-07-30T00:00:00,2021,7,26,Natural disaster,788,747,Somali,ET05,SA,Active
8885,Countrywide monitoring,Ethiopia,ETH,Amhara,ET03,,,1,135465,2021-07-30T00:00:00,2021,7,26,Conflict,66699,68766,Oromia,ET04,SA,Active
25411,Countrywide monitoring,Ethiopia,ETH,Oromia,ET04,,,1,4537,2021-07-30T00:00:00,2021,7,26,Other reason,2254,2283,Oromia,ET04,SA,Active
8632,Countrywide monitoring,Ethiopia,ETH,Gambela,ET12,,,1,35596,2021-07-30T00:00:00,2021,7,26,Conflict,18675,16921,Gambela,ET12,SA,Active
8713,Countrywide monitoring,Ethiopia,ETH,Amhara,ET03,,,1,562,2021-07-30T00:00:00,2021,7,26,Natural disaster,268,294,Amhara,ET03,SA,Active
8815,Countrywide monitoring,Ethiopia,ETH,Sidama,ET16,,,1,681,2021-07-30T00:00:00,2021,7,26,Natural disaster,337,344,Sidama,ET16,SA,Active
8373,Countrywide monitoring,Ethiopia,ETH,Oromia,ET04,,,1,70505,2021-07-30T00:00:00,2021,7,26,Conflict,32676,37829,Benishangul-Gumuz,ET06,SA,Active
8487,Countrywide monitoring,Ethiopia,ETH,Central Ethiopia,ET07,,,1,14471,2021-07-30T00:00:00,2021,7,26,Conflict,7047,7424,Central Ethiopia,ET07,SA,Active
8514,Countrywide monitoring,Ethiopia,ETH,Amhara,ET03,,,1,105022,2021-07-30T00:00:00,2021,7,26,Conflict,51226,53796,Amhara,ET03,SA,Active
8180,Countrywide monitoring,Ethiopia,ETH,Gambela,ET12,,,1,3534,2021-07-30T00:00:00,2021,7,26,Natural disaster,1794,1740,Gambela,ET12,SA,Active
8210,Countrywide monitoring,Ethiopia,ETH,South Ethiopia People,ET08,,,1,2259,2021-07-30T00:00:00,2021,7,26,Conflict,1155,1104,Afar,ET02,SA,Active
67597,Countrywide monitoring,Ethiopia,ETH,South West Ethiopia People,ET11,,,1,32212,2021-07-30T00:00:00,2021,7,26,Conflict,14240,17972,Not available,Not available,SA,Active
67592,Countrywide monitoring,Ethiopia,ETH,South Ethiopia People,ET08,,,1,76735,2021-09-30T00:00:00,2021,9,27,Natural disaster,38961,37774,Not available,Not available,SA,Active
67623,Countrywide monitoring,Ethiopia,ETH,Gambela,ET12,,,1,1072,2021-09-30T00:00:00,2021,9,27,Conflict,502,570,Not available,Not available,SA,Active
67627,Countrywide monitoring,Ethiopia,ETH,Amhara,ET03,,,1,61939,2021-09-30T00:00:00,2021,9,27,Conflict,33428,28511,Amhara,ET03,SA,Active
67653,Countrywide monitoring,Ethiopia,ETH,Somali,ET05,,,1,392593,2021-09-30T00:00:00,2021,9,27,Conflict,187955,204638,Oromia,ET04,SA,Active
8331,Countrywide monitoring,Ethiopia,ETH,Amhara,ET03,,,1,5465,2021-09-30T00:00:00,2021,9,27,Conflict,2719,2746,Not available,Not available,SA,Active
8328,Countrywide monitoring,Ethiopia,ETH,Amhara,ET03,,,1,888,2021-09-30T00:00:00,2021,9,27,Conflict,435,453,Afar,ET02,SA,Active
8516,Countrywide monitoring,Ethiopia,ETH,South West Ethiopia People,ET11,,,1,22299,2021-09-30T00:00:00,2021,9,27,Conflict,10391,11908,Not available,Not available,SA,Active
8827,Countrywide monitoring,Ethiopia,ETH,Central Ethiopia,ET07,,,1,11597,2021-09-30T00:00:00,2021,9,27,Conflict,5839,5758,Not available,Not available,SA,Active
8787,Countrywide monitoring,Ethiopia,ETH,Central Ethiopia,ET07,,,1,2623,2021-09-30T00:00:00,2021,9,27,Conflict,1256,1367,Somali,ET05,SA,Active
8846,Countrywide monitoring,Ethiopia,ETH,South Ethiopia People,ET08,,,1,57525,2021-09-30T00:00:00,2021,9,27,Conflict,29212,28313,Not available,Not available,SA,Active
8652,Countrywide monitoring,Ethiopia,ETH,Amhara,ET03,,,1,144854,2021-09-30T00:00:00,2021,9,27,Conflict,71306,73548,Benishangul-Gumuz,ET06,SA,Active
8522,Countrywide monitoring,Ethiopia,ETH,Amhara,ET03,,,1,562,2021-09-30T00:00:00,2021,9,27,Natural disaster,268,294,Amhara,ET03,SA,Active
25536,Countrywide monitoring,Ethiopia,ETH,Amhara,ET03,,,1,177552,2021-09-30T00:00:00,2021,9,27,Conflict,86853,90699,Oromia,ET04,SA,Active
8851,Countrywide monitoring,Ethiopia,ETH,Central Ethiopia,ET07,,,1,17782,2021-09-30T00:00:00,2021,9,27,Conflict,9004,8778,Central Ethiopia,ET07,SA,Active
8935,Countrywide monitoring,Ethiopia,ETH,Somali,ET05,,,1,113496,2021-09-30T00:00:00,2021,9,27,Conflict,54414,59082,Somali,ET05,SA,Active
8920,Countrywide monitoring,Ethiopia,ETH,Central Ethiopia,ET07,,,1,1179,2021-09-30T00:00:00,2021,9,27,Natural disaster,569,610,Central Ethiopia,ET07,SA,Active
25774,Countrywide monitoring,Ethiopia,ETH,South Ethiopia People,ET08,,,1,2614,2021-09-30T00:00:00,2021,9,27,Conflict,1311,1303,Afar,ET02,SA,Active
25552,Countrywide monitoring,Ethiopia,ETH,Gambela,ET12,,,1,8256,2021-09-30T00:00:00,2021,9,27,Natural disaster,4371,3885,Gambela,ET12,SA,Active
25654,Countrywide monitoring,Ethiopia,ETH,Sidama,ET16,,,1,1261,2021-09-30T00:00:00,2021,9,27,Natural disaster,669,592,Afar,ET02,SA,Active
67269,Countrywide monitoring,Ethiopia,ETH,Oromia,ET04,,,1,164294,2021-09-30T00:00:00,2021,9,27,Conflict,83935,80359,Oromia,ET04,SA,Active
67277,Countrywide monitoring,Ethiopia,ETH,Oromia,ET04,,,1,310,2021-09-30T00:00:00,2021,9,27,Economic reasons,151,159,Somali,ET05,SA,Active
67374,Countrywide monitoring,Ethiopia,ETH,Somali,ET05,,,1,365087,2021-09-30T00:00:00,2021,9,27,Natural disaster,180259,184828,Somali,ET05,SA,Active
67488,Countrywide monitoring,Ethiopia,ETH,Oromia,ET04,,,1,213161,2021-09-30T00:00:00,2021,9,27,Conflict,113861,99300,Somali,ET05,SA,Active
67423,Countrywide monitoring,Ethiopia,ETH,Sidama,ET16,,,1,2884,2021-09-30T00:00:00,2021,9,27,Conflict,1306,1578,Afar,ET02,SA,Active
67442,Countrywide monitoring,Ethiopia,ETH,Gambela,ET12,,,1,26065,2021-09-30T00:00:00,2021,9,27,Conflict,13115,12950,Gambela,ET12,SA,Active
67502,Countrywide monitoring,Ethiopia,ETH,Oromia,ET04,,,1,4685,2021-09-30T00:00:00,2021,9,27,Natural disaster,2362,2323,Somali,ET05,SA,Active
59298,Countrywide monitoring,Ethiopia,ETH,Central Ethiopia,ET07,,,1,7606,2021-09-30T00:00:00,2021,9,27,Conflict,3811,3795,Oromia,ET04,SA,Active
59201,Countrywide monitoring,Ethiopia,ETH,Afar,ET02,,,1,75619,2021-09-30T00:00:00,2021,9,27,Natural disaster,40577,35042,Afar,ET02,SA,Active
59270,Countrywide monitoring,Ethiopia,ETH,Oromia,ET04,,,1,60473,2021-09-30T00:00:00,2021,9,27,Natural disaster,29708,30765,Oromia,ET04,SA,Active
59283,Countrywide monitoring,Ethiopia,ETH,Harari,ET13,,,1,326,2021-09-30T00:00:00,2021,9,27,Conflict,164,162,Harari,ET13,SA,Active
59032,Countrywide monitoring,Ethiopia,ETH,Oromia,ET04,,,1,4855,2021-09-30T00:00:00,2021,9,27,Other reason,2375,2480,Oromia,ET04,SA,Active
59064,Countrywide monitoring,Ethiopia,ETH,Sidama,ET16,,,1,2386,2021-09-30T00:00:00,2021,9,27,Conflict,1233,1153,Not available,Not available,SA,Active
50936,Countrywide monitoring,Ethiopia,ETH,South West Ethiopia People,ET11,,,1,365,2021-09-30T00:00:00,2021,9,27,Natural disaster,158,207,Not available,Not available,SA,Active
59014,Countrywide monitoring,Ethiopia,ETH,South Ethiopia People,ET08,,,1,2109,2021-09-30T00:00:00,2021,9,27,Conflict,1058,1051,Oromia,ET04,SA,Active
51009,Countrywide monitoring,Ethiopia,ETH,Oromia,ET04,,,1,58355,2021-09-30T00:00:00,2021,9,27,Conflict,26806,31549,Benishangul-Gumuz,ET06,SA,Active
42563,Countrywide monitoring,Ethiopia,ETH,Dire Dawa,ET15,,,1,2491,2021-09-30T00:00:00,2021,9,27,Conflict,1174,1317,Oromia,ET04,SA,Active
34142,Countrywide monitoring,Ethiopia,ETH,Afar,ET02,,,1,30821,2021-09-30T00:00:00,2021,9,27,Conflict,16653,14168,Afar,ET02,SA,Active
34169,Countrywide monitoring,Ethiopia,ETH,Harari,ET13,,,1,2799,2021-09-30T00:00:00,2021,9,27,Conflict,1466,1333,Somali,ET05,SA,Active
34238,Northern Ethiopia Crisis,Ethiopia,ETH,Amhara,ET03,,,1,130335,2021-10-30T00:00:00,2021,10,8,Conflict,63530,66805,Amhara,ET03,SA,Active
42495,Northern Ethiopia Crisis,Ethiopia,ETH,Afar,ET02,,,1,115294,2021-10-30T00:00:00,2021,10,8,Conflict,53484,61810,Afar,ET02,SA,Active
50913,Northern Ethiopia Crisis,Ethiopia,ETH,Amhara,ET03,,,1,20627,2021-10-30T00:00:00,2021,10,8,Conflict,10383,10244,Tigray,ET01,SA,Active
67403,Northern Ethiopia Crisis,Ethiopia,ETH,Afar,ET02,,,1,34035,2021-10-30T00:00:00,2021,10,8,Conflict,18652,15383,Tigray,ET01,SA,Active
25471,Northern Ethiopia Crisis,Ethiopia,ETH,Amhara,ET03,,,1,78,2021-10-30T00:00:00,2021,10,8,Conflict,45,33,Afar,ET02,SA,Active
8843,Northern Ethiopia Crisis,Ethiopia,ETH,Tigray,ET01,,,1,2765,2021-10-30T00:00:00,2021,10,8,Conflict,1355,1410,Amhara,ET03,SA,Active
8836,Northern Ethiopia Crisis,Ethiopia,ETH,Tigray,ET01,,,1,1811519,2021-10-30T00:00:00,2021,10,8,Conflict,878828,932691,Tigray,ET01,SA,Active
8844,Countrywide monitoring,Ethiopia,ETH,Harari,ET13,,,1,2563,2022-01-31T00:00:00,2022,1,28,Conflict,1305,1258,Somali,ET05,SA,Active
8697,Countrywide monitoring,Ethiopia,ETH,Central Ethiopia,ET07,,,1,4576,2022-01-31T00:00:00,2022,1,28,Natural disaster,2186,2390,Central Ethiopia,ET07,SA,Active
8739,Countrywide monitoring,Ethiopia,ETH,Central Ethiopia,ET07,,,1,2646,2022-01-31T00:00:00,2022,1,28,Conflict,1295,1351,Somali,ET05,SA,Active
8572,Countrywide monitoring,Ethiopia,ETH,Central Ethiopia,ET07,,,1,20384,2022-01-31T00:00:00,2022,1,28,Conflict,10360,10024,South West Ethiopia,ET11,SA,Active
8666,Countrywide monitoring,Ethiopia,ETH,Central Ethiopia,ET07,,,1,15667,2022-01-31T00:00:00,2022,1,28,Conflict,7892,7775,Central Ethiopia,ET07,SA,Active
8431,Countrywide monitoring,Ethiopia,ETH,Central Ethiopia,ET07,,,1,845,2022-01-31T00:00:00,2022,1,28,Conflict,436,409,Not available,Not available,SA,Active
8451,Countrywide monitoring,Ethiopia,ETH,South Ethiopia People,ET08,,,1,73797,2022-01-31T00:00:00,2022,1,28,Natural disaster,36683,37114,Not available,Not available,SA,Active
8298,Countrywide monitoring,Ethiopia,ETH,Oromia,ET04,,,1,114329,2022-01-31T00:00:00,2022,1,28,Natural disaster,60268,54061,Oromia,ET04,SA,Active
8271,Countrywide monitoring,Ethiopia,ETH,Oromia,ET04,,,1,56253,2022-01-31T00:00:00,2022,1,28,Conflict,26688,29565,Benishangul-Gumuz,ET06,SA,Active
8315,Countrywide monitoring,Ethiopia,ETH,Benishangul-Gumuz,ET06,,,1,16151,2022-01-31T00:00:00,2022,1,28,Conflict,7933,8218,Benishangul-Gumuz,ET06,SA,Active
25494,Countrywide monitoring,Ethiopia,ETH,Central Ethiopia,ET07,,,1,7441,2022-01-31T00:00:00,2022,1,28,Conflict,3827,3614,Oromia,ET04,SA,Active
25505,Countrywide monitoring,Ethiopia,ETH,South Ethiopia People,ET08,,,1,2279,2022-01-31T00:00:00,2022,1,28,Conflict,1220,1059,Oromia,ET04,SA,Active
25513,Countrywide monitoring,Ethiopia,ETH,Sidama,ET16,,,1,34175,2022-01-31T00:00:00,2022,1,28,Conflict,17534,16641,Afar,ET02,SA,Active
25432,Countrywide monitoring,Ethiopia,ETH,Oromia,ET04,,,1,125,2022-01-31T00:00:00,2022,1,28,Economic reasons,60,65,Somali,ET05,SA,Active
9062,Countrywide monitoring,Ethiopia,ETH,Somali,ET05,,,1,125650,2022-01-31T00:00:00,2022,1,28,Conflict,59649,66001,Somali,ET05,SA,Active
8871,Countrywide monitoring,Ethiopia,ETH,Gambela,ET12,,,1,18954,2022-01-31T00:00:00,2022,1,28,Natural disaster,9854,9100,Gambela,ET12,SA,Active
8962,Countrywide monitoring,Ethiopia,ETH,South Ethiopia People,ET08,,,1,2453,2022-01-31T00:00:00,2022,1,28,Conflict,1181,1272,Afar,ET02,SA,Active
25678,Countrywide monitoring,Ethiopia,ETH,Oromia,ET04,,,1,402816,2022-01-31T00:00:00,2022,1,28,Conflict,204409,198407,Oromia,ET04,SA,Active
25626,Countrywide monitoring,Ethiopia,ETH,Sidama,ET16,,,1,1242,2022-01-31T00:00:00,2022,1,28,Natural disaster,675,567,Afar,ET02,SA,Active
25610,Countrywide monitoring,Ethiopia,ETH,Harari,ET13,,,1,234,2022-01-31T00:00:00,2022,1,28,Conflict,124,110,Oromia,ET04,SA,Active
25830,Countrywide monitoring,Ethiopia,ETH,Oromia,ET04,,,1,4619,2022-01-31T00:00:00,2022,1,28,Other reason,2299,2320,Oromia,ET04,SA,Active
67295,Countrywide monitoring,Ethiopia,ETH,Gambela,ET12,,,1,24855,2022-01-31T00:00:00,2022,1,28,Conflict,12237,12618,Gambela,ET12,SA,Active
67528,Countrywide monitoring,Ethiopia,ETH,Dire Dawa,ET15,,,1,570,2022-01-31T00:00:00,2022,1,28,Conflict,274,296,Oromia,ET04,SA,Active
67410,Countrywide monitoring,Ethiopia,ETH,South Ethiopia People,ET08,,,1,68405,2022-01-31T00:00:00,2022,1,28,Conflict,35602,32803,Not available,Not available,SA,Active
59066,Countrywide monitoring,Ethiopia,ETH,South West Ethiopia People,ET11,,,1,539,2022-01-31T00:00:00,2022,1,28,Natural disaster,254,285,South West Ethiopia,ET11,SA,Active
59040,Countrywide monitoring,Ethiopia,ETH,Oromia,ET04,,,1,1521,2022-01-31T00:00:00,2022,1,28,Natural disaster,679,842,Benishangul-Gumuz,ET06,SA,Active
59345,Countrywide monitoring,Ethiopia,ETH,Oromia,ET04,,,1,211566,2022-01-31T00:00:00,2022,1,28,Conflict,109973,101593,Somali,ET05,SA,Active
67252,Countrywide monitoring,Ethiopia,ETH,Somali,ET05,,,1,414248,2022-01-31T00:00:00,2022,1,28,Natural disaster,203030,211218,Somali,ET05,SA,Active
50872,Countrywide monitoring,Ethiopia,ETH,Oromia,ET04,,,1,1457,2022-01-31T00:00:00,2022,1,28,Natural disaster,809,648,Somali,ET05,SA,Active
51011,Countrywide monitoring,Ethiopia,ETH,Benishangul-Gumuz,ET06,,,1,10701,2022-01-31T00:00:00,2022,1,28,Conflict,5238,5463,Oromia,ET04,SA,Active
50988,Countrywide monitoring,Ethiopia,ETH,Harari,ET13,,,1,327,2022-01-31T00:00:00,2022,1,28,Conflict,165,162,Harari,ET13,SA,Active
50986,Countrywide monitoring,Ethiopia,ETH,Somali,ET05,,,1,392100,2022-01-31T00:00:00,2022,1,28,Conflict,191265,200835,Oromia,ET04,SA,Active
50981,Countrywide monitoring,Ethiopia,ETH,Somali,ET05,,,1,570,2022-01-31T00:00:00,2022,1,28,Natural disaster,264,306,Oromia,ET04,SA,Active
58998,Countrywide monitoring,Ethiopia,ETH,Sidama,ET16,,,1,5220,2022-01-31T00:00:00,2022,1,28,Conflict,2625,2595,South West Ethiopia,ET11,SA,Active
58990,Countrywide monitoring,Ethiopia,ETH,South West Ethiopia People,ET11,,,1,17726,2022-01-31T00:00:00,2022,1,28,Conflict,8289,9437,South West Ethiopia,ET11,SA,Active
50891,Northern Ethiopia Crisis,Ethiopia,ETH,Amhara,ET03,,,1,131913,2022-02-28T00:00:00,2022,2,9,Conflict,66030,65883,Benishangul-Gumuz,ET06,SA,Active
50866,Northern Ethiopia Crisis,Ethiopia,ETH,Amhara,ET03,,,1,179214,2022-02-28T00:00:00,2022,2,9,Conflict,89716,89498,Oromia,ET04,SA,Active
34273,Northern Ethiopia Crisis,Ethiopia,ETH,Amhara,ET03,,,1,39941,2022-02-28T00:00:00,2022,2,9,Conflict,22951,16990,Tigray,ET01,SA,Active
59176,Northern Ethiopia Crisis,Ethiopia,ETH,Amhara,ET03,,,1,52,2022-02-28T00:00:00,2022,2,9,Conflict,23,29,Somali,ET05,SA,Active
8984,Northern Ethiopia Crisis,Ethiopia,ETH,Afar,ET02,,,1,106681,2022-02-28T00:00:00,2022,2,9,Conflict,51119,55562,Afar,ET02,SA,Active
25430,Northern Ethiopia Crisis,Ethiopia,ETH,Tigray,ET01,,,1,1811519,2022-02-28T00:00:00,2022,2,9,Conflict,878828,932691,Tigray,ET01,SA,Active
25497,Northern Ethiopia Crisis,Ethiopia,ETH,Amhara,ET03,,,1,3503,2022-02-28T00:00:00,2022,2,9,Conflict,1784,1719,South West Ethiopia,ET11,SA,Active
8297,Northern Ethiopia Crisis,Ethiopia,ETH,Tigray,ET01,,,1,2765,2022-02-28T00:00:00,2022,2,9,Conflict,1355,1410,Amhara,ET03,SA,Active
8435,Northern Ethiopia Crisis,Ethiopia,ETH,Amhara,ET03,,,1,104860,2022-02-28T00:00:00,2022,2,9,Conflict,51024,53836,Amhara,ET03,SA,Active
8608,Northern Ethiopia Crisis,Ethiopia,ETH,Amhara,ET03,,,1,726,2022-02-28T00:00:00,2022,2,9,Natural disaster,350,376,Amhara,ET03,SA,Active
8733,Northern Ethiopia Crisis,Ethiopia,ETH,Amhara,ET03,,,1,2320,2022-02-28T00:00:00,2022,2,9,Conflict,1131,1189,Not available,Not available,SA,Active
67638,Northern Ethiopia Crisis,Ethiopia,ETH,Afar,ET02,,,1,68583,2022-02-28T00:00:00,2022,2,9,Natural disaster,34075,34508,Afar,ET02,SA,Active
8850,Countrywide monitoring,Ethiopia,ETH,Benishangul-Gumuz,ET06,,,1,11433,2022-04-30T00:00:00,2022,4,29,Conflict,5848,5585,Oromia,ET04,SA,Active
8832,Countrywide monitoring,Ethiopia,ETH,Amhara,ET03,,,1,113278,2022-04-30T00:00:00,2022,4,29,Conflict,56724,56554,Benishangul-Gumuz,ET06,SA,Active
8797,Countrywide monitoring,Ethiopia,ETH,Sidama,ET16,,,1,5607,2022-04-30T00:00:00,2022,4,29,Conflict,2909,2698,South West Ethiopia,ET11,SA,Active
8625,Countrywide monitoring,Ethiopia,ETH,South West Ethiopia People,ET11,,,1,610,2022-04-30T00:00:00,2022,4,29,Natural disaster,339,271,South West Ethiopia,ET11,SA,Active
8635,Countrywide monitoring,Ethiopia,ETH,Afar,ET02,,,1,97527,2022-04-30T00:00:00,2022,4,29,Conflict,50510,47017,Afar,ET02,SA,Active
8610,Countrywide monitoring,Ethiopia,ETH,Amhara,ET03,,,1,52,2022-04-30T00:00:00,2022,4,29,Conflict,23,29,Somali,ET05,SA,Active
8602,Countrywide monitoring,Ethiopia,ETH,Somali,ET05,,,1,1440,2022-04-30T00:00:00,2022,4,29,Natural disaster,539,901,Oromia,ET04,SA,Active
8372,Countrywide monitoring,Ethiopia,ETH,Oromia,ET04,,,1,52809,2022-04-30T00:00:00,2022,4,29,Conflict,25670,27139,Benishangul-Gumuz,ET06,SA,Active
8405,Countrywide monitoring,Ethiopia,ETH,Dire Dawa,ET15,,,1,570,2022-04-30T00:00:00,2022,4,29,Conflict,270,300,Oromia,ET04,SA,Active
8313,Countrywide monitoring,Ethiopia,ETH,Harari,ET13,,,1,2572,2022-04-30T00:00:00,2022,4,29,Conflict,1344,1228,Somali,ET05,SA,Active
8279,Countrywide monitoring,Ethiopia,ETH,South West Ethiopia People,ET11,,,1,15986,2022-04-30T00:00:00,2022,4,29,Conflict,8045,7941,South West Ethiopia,ET11,SA,Active
25486,Countrywide monitoring,Ethiopia,ETH,Gambela,ET12,,,1,19230,2022-04-30T00:00:00,2022,4,29,Conflict,9403,9827,Gambela,ET12,SA,Active
25504,Countrywide monitoring,Ethiopia,ETH,Oromia,ET04,,,1,177175,2022-04-30T00:00:00,2022,4,29,Natural disaster,84433,92742,Oromia,ET04,SA,Active
25453,Countrywide monitoring,Ethiopia,ETH,Sidama,ET16,,,1,1233,2022-04-30T00:00:00,2022,4,29,Natural disaster,622,611,Sidama,ET16,SA,Active
9007,Countrywide monitoring,Ethiopia,ETH,Oromia,ET04,,,1,183113,2022-04-30T00:00:00,2022,4,29,Conflict,94069,89044,Somali,ET05,SA,Active
8942,Countrywide monitoring,Ethiopia,ETH,South Ethiopia People,ET08,,,1,2453,2022-04-30T00:00:00,2022,4,29,Conflict,1259,1194,Sidama,ET16,SA,Active
34115,Countrywide monitoring,Ethiopia,ETH,Oromia,ET04,,,1,1457,2022-04-30T00:00:00,2022,4,29,Natural disaster,798,659,Somali,ET05,SA,Active
34080,Countrywide monitoring,Ethiopia,ETH,Somali,ET05,,,1,152698,2022-04-30T00:00:00,2022,4,29,Conflict,72565,80133,Somali,ET05,SA,Active
25776,Countrywide monitoring,Ethiopia,ETH,Oromia,ET04,,,1,100,2022-04-30T00:00:00,2022,4,29,Conflict,51,49,Sidama,ET16,SA,Active
25612,Countrywide monitoring,Ethiopia,ETH,South Ethiopia People,ET08,,,1,57506,2022-04-30T00:00:00,2022,4,29,Conflict,27354,30152,Not available,Not available,SA,Active
25577,Countrywide monitoring,Ethiopia,ETH,Amhara,ET03,,,1,156387,2022-04-30T00:00:00,2022,4,29,Conflict,77451,78936,Amhara,ET03,SA,Active
25578,Countrywide monitoring,Ethiopia,ETH,Amhara,ET03,,,1,726,2022-04-30T00:00:00,2022,4,29,Natural disaster,347,379,Amhara,ET03,SA,Active
25592,Countrywide monitoring,Ethiopia,ETH,Central Ethiopia,ET07,,,1,403,2022-04-30T00:00:00,2022,4,29,Conflict,201,202,Not available,Not available,SA,Active
25601,Countrywide monitoring,Ethiopia,ETH,Afar,ET02,,,1,39886,2022-04-30T00:00:00,2022,4,29,Natural disaster,20322,19564,Afar,ET02,SA,Active
25716,Countrywide monitoring,Ethiopia,ETH,Central Ethiopia,ET07,,,1,20401,2022-04-30T00:00:00,2022,4,29,Conflict,9881,10520,South West Ethiopia,ET11,SA,Active
59193,Countrywide monitoring,Ethiopia,ETH,Amhara,ET03,,,1,35533,2022-04-30T00:00:00,2022,4,29,Conflict,19379,16154,Tigray,ET01,SA,Active
59067,Countrywide monitoring,Ethiopia,ETH,Amhara,ET03,,,1,3358,2022-04-30T00:00:00,2022,4,29,Conflict,1696,1662,South West Ethiopia,ET11,SA,Active
67501,Countrywide monitoring,Ethiopia,ETH,Somali,ET05,,,1,498858,2022-04-30T00:00:00,2022,4,29,Natural disaster,245734,253124,Somali,ET05,SA,Active
67516,Countrywide monitoring,Ethiopia,ETH,Oromia,ET04,,,1,4895,2022-04-30T00:00:00,2022,4,29,Other reason,2418,2477,Oromia,ET04,SA,Active
67505,Countrywide monitoring,Ethiopia,ETH,Somali,ET05,,,1,374328,2022-04-30T00:00:00,2022,4,29,Conflict,182683,191645,Oromia,ET04,SA,Active
67273,Countrywide monitoring,Ethiopia,ETH,South Ethiopia People,ET08,,,1,89681,2022-04-30T00:00:00,2022,4,29,Natural disaster,44354,45327,Not available,Not available,SA,Active
67305,Countrywide monitoring,Ethiopia,ETH,Sidama,ET16,,,1,459,2022-04-30T00:00:00,2022,4,29,Conflict,232,227,Not available,Not available,SA,Active
67306,Countrywide monitoring,Ethiopia,ETH,Harari,ET13,,,1,326,2022-04-30T00:00:00,2022,4,29,Conflict,176,150,Harari,ET13,SA,Active
67330,Countrywide monitoring,Ethiopia,ETH,Sidama,ET16,,,1,38436,2022-04-30T00:00:00,2022,4,29,Conflict,19223,19213,Sidama,ET16,SA,Active
67333,Countrywide monitoring,Ethiopia,ETH,Oromia,ET04,,,1,334654,2022-04-30T00:00:00,2022,4,29,Conflict,167483,167171,Oromia,ET04,SA,Active
67389,Countrywide monitoring,Ethiopia,ETH,South Ethiopia People,ET08,,,1,2012,2022-04-30T00:00:00,2022,4,29,Conflict,996,1016,Oromia,ET04,SA,Active
67347,Countrywide monitoring,Ethiopia,ETH,Amhara,ET03,,,1,216173,2022-04-30T00:00:00,2022,4,29,Conflict,108051,108122,Oromia,ET04,SA,Active
67360,Countrywide monitoring,Ethiopia,ETH,Amhara,ET03,,,1,1641,2022-04-30T00:00:00,2022,4,29,Conflict,803,838,Afar,ET02,SA,Active
34221,Countrywide monitoring,Ethiopia,ETH,Gambela,ET12,,,1,7631,2022-04-30T00:00:00,2022,4,29,Natural disaster,3592,4039,Gambela,ET12,SA,Active
34164,Countrywide monitoring,Ethiopia,ETH,Central Ethiopia,ET07,,,1,1667,2022-04-30T00:00:00,2022,4,29,Conflict,788,879,Central Ethiopia,ET07,SA,Active
42614,Countrywide monitoring,Ethiopia,ETH,Central Ethiopia,ET07,,,1,4111,2022-04-30T00:00:00,2022,4,29,Natural disaster,1968,2143,Central Ethiopia,ET07,SA,Active
42609,Countrywide monitoring,Ethiopia,ETH,Benishangul-Gumuz,ET06,,,1,16639,2022-04-30T00:00:00,2022,4,29,Conflict,8259,8380,Benishangul-Gumuz,ET06,SA,Active
50843,Countrywide monitoring,Ethiopia,ETH,Central Ethiopia,ET07,,,1,2475,2022-04-30T00:00:00,2022,4,29,Conflict,1187,1288,Somali,ET05,SA,Active
50829,Countrywide monitoring,Ethiopia,ETH,Amhara,ET03,,,1,2434,2022-04-30T00:00:00,2022,4,29,Conflict,1194,1240,Not available,Not available,SA,Active
50940,Countrywide monitoring,Ethiopia,ETH,Central Ethiopia,ET07,,,1,134,2022-04-30T00:00:00,2022,4,29,Conflict,60,74,Afar,ET02,SA,Active
50996,Countrywide monitoring,Ethiopia,ETH,Central Ethiopia,ET07,,,1,9642,2022-04-30T00:00:00,2022,4,29,Conflict,4538,5104,Oromia,ET04,SA,Active
42642,Countrywide monitoring,Ethiopia,ETH,Oromia,ET04,,,1,4978,2022-07-31T00:00:00,2022,7,30,Other reason,2479,2499,Not available,Not available,SA,Active
42569,Countrywide monitoring,Ethiopia,ETH,Afar,ET02,,,1,34880,2022-07-31T00:00:00,2022,7,30,Conflict,17714,17166,Not available,Not available,SA,Active
42508,Countrywide monitoring,Ethiopia,ETH,South Ethiopia People,ET08,,,1,88504,2022-07-31T00:00:00,2022,7,30,Natural disaster,43795,44709,Not available,Not available,SA,Active
34141,Countrywide monitoring,Ethiopia,ETH,Somali,ET05,,,1,496837,2022-07-31T00:00:00,2022,7,30,Natural disaster,241229,255608,Not available,Not available,SA,Active
67398,Countrywide monitoring,Ethiopia,ETH,Sidama,ET16,,,1,1233,2022-07-31T00:00:00,2022,7,30,Natural disaster,618,615,Not available,Not available,SA,Active
67286,Countrywide monitoring,Ethiopia,ETH,Dire Dawa,ET15,,,1,570,2022-07-31T00:00:00,2022,7,30,Conflict,279,291,Not available,Not available,SA,Active
67557,Countrywide monitoring,Ethiopia,ETH,Afar,ET02,,,1,40065,2022-07-31T00:00:00,2022,7,30,Natural disaster,19953,20112,Not available,Not available,SA,Active
59041,Countrywide monitoring,Ethiopia,ETH,Central Ethiopia,ET07,,,1,4111,2022-07-31T00:00:00,2022,7,30,Natural disaster,1961,2150,Not available,Not available,SA,Active
59072,Countrywide monitoring,Ethiopia,ETH,Oromia,ET04,,,1,525859,2022-07-31T00:00:00,2022,7,30,Conflict,254062,271797,Not available,Not available,SA,Active
59249,Countrywide monitoring,Ethiopia,ETH,Central Ethiopia,ET07,,,1,34030,2022-07-31T00:00:00,2022,7,30,Conflict,16351,17679,Not available,Not available,SA,Active
25676,Countrywide monitoring,Ethiopia,ETH,South West Ethiopia People,ET11,,,1,2241,2022-07-31T00:00:00,2022,7,30,Natural disaster,1063,1178,Not available,Not available,SA,Active
25667,Countrywide monitoring,Ethiopia,ETH,Amhara,ET03,,,1,558745,2022-07-31T00:00:00,2022,7,30,Conflict,295651,263094,Not available,Not available,SA,Active
8945,Countrywide monitoring,Ethiopia,ETH,Somali,ET05,,,1,511936,2022-07-31T00:00:00,2022,7,30,Conflict,251854,260082,Not available,Not available,SA,Active
8259,Countrywide monitoring,Ethiopia,ETH,Sidama,ET16,,,1,48315,2022-07-31T00:00:00,2022,7,30,Conflict,23981,24334,Not available,Not available,SA,Active
8260,Countrywide monitoring,Ethiopia,ETH,South Ethiopia People,ET08,,,1,73560,2022-07-31T00:00:00,2022,7,30,Conflict,36879,36681,Not available,Not available,SA,Active
8224,Countrywide monitoring,Ethiopia,ETH,Benishangul-Gumuz,ET06,,,1,118955,2022-07-31T00:00:00,2022,7,30,Conflict,58795,60160,Not available,Not available,SA,Active
8194,Countrywide monitoring,Ethiopia,ETH,Gambela,ET12,,,1,11659,2022-07-31T00:00:00,2022,7,30,Natural disaster,5647,6012,Not available,Not available,SA,Active
8343,Countrywide monitoring,Ethiopia,ETH,Gambela,ET12,,,1,8629,2022-07-31T00:00:00,2022,7,30,Conflict,4203,4426,Not available,Not available,SA,Active
8369,Countrywide monitoring,Ethiopia,ETH,Harari,ET13,,,1,3133,2022-07-31T00:00:00,2022,7,30,Conflict,1615,1518,Not available,Not available,SA,Active
8534,Countrywide monitoring,Ethiopia,ETH,Amhara,ET03,,,1,712,2022-07-31T00:00:00,2022,7,30,Natural disaster,421,291,Not available,Not available,SA,Active
67633,Countrywide monitoring,Ethiopia,ETH,Oromia,ET04,,,1,131840,2022-07-31T00:00:00,2022,7,30,Natural disaster,63369,68471,Not available,Not available,SA,Active
67605,Countrywide monitoring,Ethiopia,ETH,South West Ethiopia People,ET11,,,1,15329,2022-07-31T00:00:00,2022,7,30,Conflict,7693,7636,Not available,Not available,SA,Active
67634,Countrywide monitoring,Ethiopia,ETH,Amhara,ET03,,,1,49645,2022-09-30T00:00:00,2022,9,31,Conflict,27377,22268,Tigray,ET01,SA,Active
67648,Countrywide monitoring,Ethiopia,ETH,Sidama,ET16,,,1,427,2022-09-30T00:00:00,2022,9,31,Conflict,218,209,Not available,Not available,SA,Active
8538,Countrywide monitoring,Ethiopia,ETH,South Ethiopia People,ET08,,,1,2453,2022-09-30T00:00:00,2022,9,31,Conflict,1259,1194,Afar,ET02,SA,Active
8524,Countrywide monitoring,Ethiopia,ETH,Central Ethiopia,ET07,,,1,22710,2022-09-30T00:00:00,2022,9,31,Conflict,11010,11700,South West Ethiopia,ET11,SA,Active
8568,Countrywide monitoring,Ethiopia,ETH,Oromia,ET04,,,1,100,2022-09-30T00:00:00,2022,9,31,Conflict,51,49,Afar,ET02,SA,Active
8571,Countrywide monitoring,Ethiopia,ETH,Central Ethiopia,ET07,,,1,894,2022-09-30T00:00:00,2022,9,31,Conflict,429,465,Not available,Not available,SA,Active
8581,Countrywide monitoring,Ethiopia,ETH,Central Ethiopia,ET07,,,1,1667,2022-09-30T00:00:00,2022,9,31,Conflict,788,879,Central Ethiopia,ET07,SA,Active
8588,Countrywide monitoring,Ethiopia,ETH,Somali,ET05,,,1,3570,2022-09-30T00:00:00,2022,9,31,Natural disaster,1711,1859,Oromia,ET04,SA,Active
8672,Countrywide monitoring,Ethiopia,ETH,Benishangul-Gumuz,ET06,,,1,108369,2022-09-30T00:00:00,2022,9,31,Conflict,53387,54982,Benishangul-Gumuz,ET06,SA,Active
8803,Countrywide monitoring,Ethiopia,ETH,South West Ethiopia People,ET11,,,1,15258,2022-09-30T00:00:00,2022,9,31,Conflict,7644,7614,South West Ethiopia,ET11,SA,Active
8842,Countrywide monitoring,Ethiopia,ETH,Amhara,ET03,,,1,1780,2022-09-30T00:00:00,2022,9,31,Conflict,887,893,Afar,ET02,SA,Active
8754,Countrywide monitoring,Ethiopia,ETH,Oromia,ET04,,,1,410490,2022-09-30T00:00:00,2022,9,31,Conflict,197389,213101,Oromia,ET04,SA,Active
8413,Countrywide monitoring,Ethiopia,ETH,Harari,ET13,,,1,326,2022-09-30T00:00:00,2022,9,31,Conflict,166,160,Harari,ET13,SA,Active
8419,Countrywide monitoring,Ethiopia,ETH,Amhara,ET03,,,1,2930,2022-09-30T00:00:00,2022,9,31,Natural disaster,1418,1512,Amhara,ET03,SA,Active
8493,Countrywide monitoring,Ethiopia,ETH,Sidama,ET16,,,1,1233,2022-09-30T00:00:00,2022,9,31,Natural disaster,620,613,Afar,ET02,SA,Active
8499,Countrywide monitoring,Ethiopia,ETH,South Ethiopia People,ET08,,,1,74182,2022-09-30T00:00:00,2022,9,31,Conflict,36339,37843,Not available,Not available,SA,Active
8345,Countrywide monitoring,Ethiopia,ETH,Somali,ET05,,,1,387996,2022-09-30T00:00:00,2022,9,31,Natural disaster,190412,197584,Somali,ET05,SA,Active
8322,Countrywide monitoring,Ethiopia,ETH,Amhara,ET03,,,1,94768,2022-09-30T00:00:00,2022,9,31,Conflict,48489,46279,Benishangul-Gumuz,ET06,SA,Active
8304,Countrywide monitoring,Ethiopia,ETH,Amhara,ET03,,,1,147875,2022-09-30T00:00:00,2022,9,31,Conflict,72924,74951,Amhara,ET03,SA,Active
8186,Countrywide monitoring,Ethiopia,ETH,Harari,ET13,,,1,235,2022-09-30T00:00:00,2022,9,31,Conflict,118,117,Oromia,ET04,SA,Active
9008,Countrywide monitoring,Ethiopia,ETH,Oromia,ET04,,,1,197126,2022-09-30T00:00:00,2022,9,31,Conflict,93457,103669,Somali,ET05,SA,Active
9015,Countrywide monitoring,Ethiopia,ETH,Amhara,ET03,,,1,2383,2022-09-30T00:00:00,2022,9,31,Conflict,1168,1215,Not available,Not available,SA,Active
8954,Countrywide monitoring,Ethiopia,ETH,South Ethiopia People,ET08,,,1,89764,2022-09-30T00:00:00,2022,9,31,Natural disaster,44545,45219,Not available,Not available,SA,Active
25439,Countrywide monitoring,Ethiopia,ETH,Oromia,ET04,,,1,156,2022-09-30T00:00:00,2022,9,31,Economic reasons,74,82,Oromia,ET04,SA,Active
25498,Countrywide monitoring,Ethiopia,ETH,Gambela,ET12,,,1,13685,2022-09-30T00:00:00,2022,9,31,Natural disaster,6749,6936,Gambela,ET12,SA,Active
25483,Countrywide monitoring,Ethiopia,ETH,Oromia,ET04,,,1,9462,2022-09-30T00:00:00,2022,9,31,Conflict,4642,4820,Benishangul-Gumuz,ET06,SA,Active
25696,Countrywide monitoring,Ethiopia,ETH,Harari,ET13,,,1,2572,2022-09-30T00:00:00,2022,9,31,Conflict,1214,1358,Somali,ET05,SA,Active
25629,Countrywide monitoring,Ethiopia,ETH,Afar,ET02,,,1,35808,2022-09-30T00:00:00,2022,9,31,Natural disaster,17969,17839,Afar,ET02,SA,Active
25631,Countrywide monitoring,Ethiopia,ETH,Central Ethiopia,ET07,,,1,10059,2022-09-30T00:00:00,2022,9,31,Conflict,4741,5318,Oromia,ET04,SA,Active
25632,Countrywide monitoring,Ethiopia,ETH,Oromia,ET04,,,1,1457,2022-09-30T00:00:00,2022,9,31,Natural disaster,730,727,Somali,ET05,SA,Active
59282,Countrywide monitoring,Ethiopia,ETH,Gambela,ET12,,,1,14766,2022-09-30T00:00:00,2022,9,31,Conflict,7285,7481,Gambela,ET12,SA,Active
59271,Countrywide monitoring,Ethiopia,ETH,Amhara,ET03,,,1,2706,2022-09-30T00:00:00,2022,9,31,Conflict,1371,1335,South West Ethiopia,ET11,SA,Active
59264,Countrywide monitoring,Ethiopia,ETH,South Ethiopia People,ET08,,,1,2012,2022-09-30T00:00:00,2022,9,31,Conflict,996,1016,Oromia,ET04,SA,Active
59106,Countrywide monitoring,Ethiopia,ETH,Benishangul-Gumuz,ET06,,,1,17068,2022-09-30T00:00:00,2022,9,31,Conflict,8319,8749,Oromia,ET04,SA,Active
59107,Countrywide monitoring,Ethiopia,ETH,Central Ethiopia,ET07,,,1,4715,2022-09-30T00:00:00,2022,9,31,Conflict,2269,2446,Somali,ET05,SA,Active
59214,Countrywide monitoring,Ethiopia,ETH,Central Ethiopia,ET07,,,1,387,2022-09-30T00:00:00,2022,9,31,Natural disaster,182,205,Central Ethiopia,ET07,SA,Active
67276,Countrywide monitoring,Ethiopia,ETH,Somali,ET05,,,1,372162,2022-09-30T00:00:00,2022,9,31,Conflict,182395,189767,Oromia,ET04,SA,Active
67319,Countrywide monitoring,Ethiopia,ETH,Oromia,ET04,,,1,4978,2022-09-30T00:00:00,2022,9,31,Other reason,2478,2500,Oromia,ET04,SA,Active
67312,Countrywide monitoring,Ethiopia,ETH,Dire Dawa,ET15,,,1,570,2022-09-30T00:00:00,2022,9,31,Conflict,278,292,Oromia,ET04,SA,Active
67405,Countrywide monitoring,Ethiopia,ETH,Somali,ET05,,,1,147240,2022-09-30T00:00:00,2022,9,31,Conflict,72505,74735,Somali,ET05,SA,Active
67375,Countrywide monitoring,Ethiopia,ETH,Amhara,ET03,,,1,58,2022-09-30T00:00:00,2022,9,31,Conflict,25,33,Somali,ET05,SA,Active
67361,Countrywide monitoring,Ethiopia,ETH,Sidama,ET16,,,1,1402,2022-09-30T00:00:00,2022,9,31,Conflict,685,717,Oromia,ET04,SA,Active
42519,Countrywide monitoring,Ethiopia,ETH,South West Ethiopia People,ET11,,,1,3445,2022-09-30T00:00:00,2022,9,31,Natural disaster,1587,1858,South West Ethiopia,ET11,SA,Active
42618,Countrywide monitoring,Ethiopia,ETH,South West Ethiopia People,ET11,,,1,526,2022-09-30T00:00:00,2022,9,31,Conflict,280,246,Oromia,ET04,SA,Active
42615,Countrywide monitoring,Ethiopia,ETH,Sidama,ET16,,,1,5345,2022-09-30T00:00:00,2022,9,31,Conflict,2715,2630,South West Ethiopia,ET11,SA,Active
42598,Countrywide monitoring,Ethiopia,ETH,Oromia,ET04,,,1,183218,2022-09-30T00:00:00,2022,9,31,Natural disaster,88096,95122,Oromia,ET04,SA,Active
50809,Countrywide monitoring,Ethiopia,ETH,Sidama,ET16,,,1,40337,2022-09-30T00:00:00,2022,9,31,Conflict,20066,20271,Afar,ET02,SA,Active
50861,Countrywide monitoring,Ethiopia,ETH,Afar,ET02,,,1,25615,2022-09-30T00:00:00,2022,9,31,Conflict,12820,12795,Afar,ET02,SA,Active
50871,Countrywide monitoring,Ethiopia,ETH,Amhara,ET03,,,1,211803,2022-09-30T00:00:00,2022,9,31,Conflict,104786,107017,Oromia,ET04,SA,Active
50834,Countrywide monitoring,Ethiopia,ETH,Amhara,ET03,,,1,387133,2022-12-31T00:00:00,2022,12,32,Conflict,189765,197368,Not available,Not available,SA,Active
42536,Countrywide monitoring,Ethiopia,ETH,Oromia,ET04,,,1,258728,2022-12-31T00:00:00,2022,12,32,Natural disaster,127503,131225,Not available,Not available,SA,Active
34235,Countrywide monitoring,Ethiopia,ETH,Gambela,ET12,,,1,25092,2022-12-31T00:00:00,2022,12,32,Natural disaster,12595,12497,Not available,Not available,SA,Active
34261,Countrywide monitoring,Ethiopia,ETH,South Ethiopia People,ET08,,,1,77182,2022-12-31T00:00:00,2022,12,32,Conflict,37704,39478,Not available,Not available,SA,Active
34295,Countrywide monitoring,Ethiopia,ETH,South Ethiopia People,ET08,,,1,83239,2022-12-31T00:00:00,2022,12,32,Natural disaster,40940,42299,Not available,Not available,SA,Active
34302,Countrywide monitoring,Ethiopia,ETH,Oromia,ET04,,,1,4689,2022-12-31T00:00:00,2022,12,32,Other reason,2306,2383,Not available,Not available,SA,Active
67555,Countrywide monitoring,Ethiopia,ETH,Oromia,ET04,,,1,696295,2022-12-31T00:00:00,2022,12,32,Conflict,338645,357650,Not available,Not available,SA,Active
67556,Countrywide monitoring,Ethiopia,ETH,Central Ethiopia,ET07,,,1,45648,2022-12-31T00:00:00,2022,12,32,Conflict,22074,23574,Not available,Not available,SA,Active
67525,Countrywide monitoring,Ethiopia,ETH,Sidama,ET16,,,1,45597,2022-12-31T00:00:00,2022,12,32,Conflict,23012,22585,Not available,Not available,SA,Active
67408,Countrywide monitoring,Ethiopia,ETH,South West Ethiopia People,ET11,,,1,3689,2022-12-31T00:00:00,2022,12,32,Natural disaster,1774,1915,Not available,Not available,SA,Active
59034,Countrywide monitoring,Ethiopia,ETH,Central Ethiopia,ET07,,,1,4517,2022-12-31T00:00:00,2022,12,32,Natural disaster,2224,2293,Not available,Not available,SA,Active
25573,Countrywide monitoring,Ethiopia,ETH,Benishangul-Gumuz,ET06,,,1,124631,2022-12-31T00:00:00,2022,12,32,Conflict,61107,63524,Not available,Not available,SA,Active
25699,Countrywide monitoring,Ethiopia,ETH,Amhara,ET03,,,1,1582,2022-12-31T00:00:00,2022,12,32,Natural disaster,776,806,Not available,Not available,SA,Active
25675,Countrywide monitoring,Ethiopia,ETH,Somali,ET05,,,1,640587,2022-12-31T00:00:00,2022,12,32,Conflict,327668,312919,Not available,Not available,SA,Active
25846,Countrywide monitoring,Ethiopia,ETH,South West Ethiopia People,ET11,,,1,9049,2022-12-31T00:00:00,2022,12,32,Conflict,4264,4785,Not available,Not available,SA,Active
9014,Countrywide monitoring,Ethiopia,ETH,Sidama,ET16,,,1,546,2022-12-31T00:00:00,2022,12,32,Natural disaster,266,280,Not available,Not available,SA,Active
9005,Countrywide monitoring,Ethiopia,ETH,Gambela,ET12,,,1,19412,2022-12-31T00:00:00,2022,12,32,Conflict,9744,9668,Not available,Not available,SA,Active
8283,Countrywide monitoring,Ethiopia,ETH,Somali,ET05,,,1,622568,2022-12-31T00:00:00,2022,12,32,Natural disaster,311801,310767,Not available,Not available,SA,Active
8425,Countrywide monitoring,Ethiopia,ETH,Harari,ET13,,,1,3037,2022-12-31T00:00:00,2022,12,32,Conflict,1516,1521,Not available,Not available,SA,Active
8629,Countrywide monitoring,Ethiopia,ETH,Afar,ET02,,,1,57064,2022-12-31T00:00:00,2022,12,32,Conflict,26208,30856,Not available,Not available,SA,Active
67621,Countrywide monitoring,Ethiopia,ETH,Afar,ET02,,,1,32970,2022-12-31T00:00:00,2022,12,32,Natural disaster,15440,17530,Not available,Not available,SA,Active
8734,Countrywide monitoring,Ethiopia,ETH,Tigray,ET01,,,1,961988,2023-06-30T00:00:00,2023,6,33,Conflict,451938,510050,Tigray,ET01,SA,Active
8793,Countrywide monitoring,Ethiopia,ETH,Sidama,ET16,,,1,546,2023-06-30T00:00:00,2023,6,33,Natural disaster,266,280,Not available,Not available,SA,Active
8426,Countrywide monitoring,Ethiopia,ETH,Tigray,ET01,,,1,34163,2023-06-30T00:00:00,2023,6,33,Conflict,15392,18771,Afar,ET02,SA,Active
8374,Countrywide monitoring,Ethiopia,ETH,Tigray,ET01,,,1,1430,2023-06-30T00:00:00,2023,6,33,Conflict,691,739,Gambela,ET12,SA,Active
8201,Countrywide monitoring,Ethiopia,ETH,Benishangul-Gumuz,ET06,,,1,124631,2023-06-30T00:00:00,2023,6,33,Conflict,61107,63524,Not available,Not available,SA,Active
8243,Countrywide monitoring,Ethiopia,ETH,Tigray,ET01,,,1,309,2023-06-30T00:00:00,2023,6,33,Conflict,135,174,Addis Ababa,ET14,SA,Active
8911,Countrywide monitoring,Ethiopia,ETH,Tigray,ET01,,,1,13673,2023-06-30T00:00:00,2023,6,33,Conflict,6222,7451,Oromia,ET04,SA,Active
25459,Countrywide monitoring,Ethiopia,ETH,Gambela,ET12,,,1,25092,2023-06-30T00:00:00,2023,6,33,Natural disaster,12595,12497,Not available,Not available,SA,Active
25436,Countrywide monitoring,Ethiopia,ETH,Oromia,ET04,,,1,4689,2023-06-30T00:00:00,2023,6,33,Other reason,2306,2383,Not available,Not available,SA,Active
25835,Countrywide monitoring,Ethiopia,ETH,Oromia,ET04,,,1,747365,2023-06-30T00:00:00,2023,6,33,Conflict,363559,383806,Not available,Not available,SA,Active
34104,Countrywide monitoring,Ethiopia,ETH,Somali,ET05,,,1,680197,2023-06-30T00:00:00,2023,6,33,Natural disaster,341066,339131,Not available,Not available,SA,Active
25755,Countrywide monitoring,Ethiopia,ETH,Central Ethiopia,ET07,,,1,4517,2023-06-30T00:00:00,2023,6,33,Natural disaster,2224,2293,Not available,Not available,SA,Active
59054,Countrywide monitoring,Ethiopia,ETH,Sidama,ET16,,,1,47897,2023-06-30T00:00:00,2023,6,33,Conflict,24164,23733,Not available,Not available,SA,Active
59218,Countrywide monitoring,Ethiopia,ETH,Somali,ET05,,,1,641487,2023-06-30T00:00:00,2023,6,33,Conflict,328098,313389,Not available,Not available,SA,Active
59181,Countrywide monitoring,Ethiopia,ETH,South Ethiopia People,ET08,,,1,77342,2023-06-30T00:00:00,2023,6,33,Conflict,37778,39564,Not available,Not available,SA,Active
59186,Countrywide monitoring,Ethiopia,ETH,South West Ethiopia People,ET11,,,1,3689,2023-06-30T00:00:00,2023,6,33,Natural disaster,1774,1915,Not available,Not available,SA,Active
59362,Countrywide monitoring,Ethiopia,ETH,South Ethiopia People,ET08,,,1,83566,2023-06-30T00:00:00,2023,6,33,Natural disaster,41099,42467,Not available,Not available,SA,Active
59334,Countrywide monitoring,Ethiopia,ETH,Tigray,ET01,,,1,320,2023-06-30T00:00:00,2023,6,33,Conflict,124,196,Benishangul-Gumuz,ET06,SA,Active
59338,Countrywide monitoring,Ethiopia,ETH,Oromia,ET04,,,1,312446,2023-06-30T00:00:00,2023,6,33,Natural disaster,156886,155560,Not available,Not available,SA,Active
67536,Countrywide monitoring,Ethiopia,ETH,Amhara,ET03,,,1,1582,2023-06-30T00:00:00,2023,6,33,Natural disaster,776,806,Not available,Not available,SA,Active
67537,Countrywide monitoring,Ethiopia,ETH,Harari,ET13,,,1,3037,2023-06-30T00:00:00,2023,6,33,Conflict,1516,1521,Not available,Not available,SA,Active
34262,Countrywide monitoring,Ethiopia,ETH,Amhara,ET03,,,1,435223,2023-06-30T00:00:00,2023,6,33,Conflict,212842,222381,Not available,Not available,SA,Active
42492,Countrywide monitoring,Ethiopia,ETH,Tigray,ET01,,,1,9915,2023-06-30T00:00:00,2023,6,33,Conflict,4813,5102,Amhara,ET03,SA,Active
50807,Countrywide monitoring,Ethiopia,ETH,Gambela,ET12,,,1,19412,2023-06-30T00:00:00,2023,6,33,Conflict,9744,9668,Not available,Not available,SA,Active
50858,Countrywide monitoring,Ethiopia,ETH,Afar,ET02,,,1,57064,2023-06-30T00:00:00,2023,6,33,Conflict,26208,30856,Not available,Not available,SA,Active
42707,Countrywide monitoring,Ethiopia,ETH,Central Ethiopia,ET07,,,1,45648,2023-06-30T00:00:00,2023,6,33,Conflict,22074,23574,Not available,Not available,SA,Active
51014,Countrywide monitoring,Ethiopia,ETH,Afar,ET02,,,1,39512,2023-06-30T00:00:00,2023,6,33,Natural disaster,18108,21404,Not available,Not available,SA,Active
50922,Countrywide monitoring,Ethiopia,ETH,South West Ethiopia People,ET11,,,1,9049,2023-06-30T00:00:00,2023,6,33,Conflict,4264,4785,Not available,Not available,SA,Active
50941,Countrywide monitoring,Ethiopia,ETH,Tigray,ET01,,,1,9068,2023-09-30T00:00:00,2023,9,34,Conflict,4428,4640,Amhara,ET03,SA,Active
50974,Countrywide monitoring,Ethiopia,ETH,Amhara,ET03,,,1,43853,2023-09-30T00:00:00,2023,9,34,Conflict,21542,22311,Oromia,ET04,SA,Active
50975,Countrywide monitoring,Ethiopia,ETH,South Ethiopia People,ET08,,,1,3062,2023-09-30T00:00:00,2023,9,34,Conflict,1517,1545,Oromia,ET04,SA,Active
50990,Countrywide monitoring,Ethiopia,ETH,Tigray,ET01,,,1,1333,2023-09-30T00:00:00,2023,9,34,Conflict,460,873,South West Ethiopia,ET11,SA,Active
50982,Countrywide monitoring,Ethiopia,ETH,Gambela,ET12,,,1,15654,2023-09-30T00:00:00,2023,9,34,Conflict,7844,7810,Gambela,ET12,SA,Active
59027,Countrywide monitoring,Ethiopia,ETH,Oromia,ET04,,,1,62846,2023-09-30T00:00:00,2023,9,34,Conflict,30540,32306,Benishangul-Gumuz,ET06,SA,Active
42676,Countrywide monitoring,Ethiopia,ETH,Amhara,ET03,,,1,60,2023-09-30T00:00:00,2023,9,34,Conflict,27,33,Somali,ET05,SA,Active
42633,Countrywide monitoring,Ethiopia,ETH,Sidama,ET16,,,1,564,2023-09-30T00:00:00,2023,9,34,Natural disaster,274,290,Afar,ET02,SA,Active
34337,Countrywide monitoring,Ethiopia,ETH,Somali,ET05,,,1,109310,2023-09-30T00:00:00,2023,9,34,Conflict,55117,54193,Somali,ET05,SA,Active
42522,Countrywide monitoring,Ethiopia,ETH,Benishangul-Gumuz,ET06,,,1,19756,2023-09-30T00:00:00,2023,9,34,Conflict,9722,10034,Oromia,ET04,SA,Active
42528,Countrywide monitoring,Ethiopia,ETH,Amhara,ET03,,,1,823,2023-09-30T00:00:00,2023,9,34,Natural disaster,399,424,Amhara,ET03,SA,Active
42512,Countrywide monitoring,Ethiopia,ETH,South West Ethiopia People,ET11,,,1,1669,2023-09-30T00:00:00,2023,9,34,Conflict,788,881,South West Ethiopia,ET11,SA,Active
42588,Countrywide monitoring,Ethiopia,ETH,Oromia,ET04,,,1,231109,2023-09-30T00:00:00,2023,9,34,Natural disaster,116096,115013,Oromia,ET04,SA,Active
34299,Countrywide monitoring,Ethiopia,ETH,Benishangul-Gumuz,ET06,,,1,26217,2023-09-30T00:00:00,2023,9,34,Conflict,12936,13281,Benishangul-Gumuz,ET06,SA,Active
34270,Countrywide monitoring,Ethiopia,ETH,Amhara,ET03,,,1,1796,2023-09-30T00:00:00,2023,9,34,Conflict,915,881,Afar,ET02,SA,Active
34138,Countrywide monitoring,Ethiopia,ETH,Central Ethiopia,ET07,,,1,12245,2023-09-30T00:00:00,2023,9,34,Conflict,5877,6368,Oromia,ET04,SA,Active
34183,Countrywide monitoring,Ethiopia,ETH,South Ethiopia People,ET08,,,1,83027,2023-09-30T00:00:00,2023,9,34,Natural disaster,40834,42193,Not available,Not available,SA,Active
34179,Countrywide monitoring,Ethiopia,ETH,Tigray,ET01,,,1,9569,2023-09-30T00:00:00,2023,9,34,Conflict,4703,4866,Oromia,ET04,SA,Active
67547,Countrywide monitoring,Ethiopia,ETH,Harari,ET13,,,1,2630,2023-09-30T00:00:00,2023,9,34,Conflict,1308,1322,Somali,ET05,SA,Active
67471,Countrywide monitoring,Ethiopia,ETH,South West Ethiopia People,ET11,,,1,1527,2023-09-30T00:00:00,2023,9,34,Conflict,723,804,Oromia,ET04,SA,Active
67340,Countrywide monitoring,Ethiopia,ETH,Gambela,ET12,,,1,15160,2023-09-30T00:00:00,2023,9,34,Natural disaster,7583,7577,Gambela,ET12,SA,Active
67336,Countrywide monitoring,Ethiopia,ETH,Harari,ET13,,,1,380,2023-09-30T00:00:00,2023,9,34,Conflict,196,184,Harari,ET13,SA,Active
67298,Countrywide monitoring,Ethiopia,ETH,Sidama,ET16,,,1,1512,2023-09-30T00:00:00,2023,9,34,Conflict,752,760,Oromia,ET04,SA,Active
59340,Countrywide monitoring,Ethiopia,ETH,Somali,ET05,,,1,513659,2023-09-30T00:00:00,2023,9,34,Natural disaster,257860,255799,Somali,ET05,SA,Active
59328,Countrywide monitoring,Ethiopia,ETH,Central Ethiopia,ET07,,,1,25167,2023-09-30T00:00:00,2023,9,34,Conflict,12265,12902,South West Ethiopia,ET11,SA,Active
59266,Countrywide monitoring,Ethiopia,ETH,South Ethiopia People,ET08,,,1,61065,2023-09-30T00:00:00,2023,9,34,Conflict,29853,31212,Not available,Not available,SA,Active
59223,Countrywide monitoring,Ethiopia,ETH,Amhara,ET03,,,1,12435,2023-09-30T00:00:00,2023,9,34,Conflict,6096,6339,Amhara,ET03,SA,Active
59188,Countrywide monitoring,Ethiopia,ETH,Somali,ET05,,,1,14926,2023-09-30T00:00:00,2023,9,34,Natural disaster,7156,7770,Oromia,ET04,SA,Active
25763,Countrywide monitoring,Ethiopia,ETH,Amhara,ET03,,,1,189,2023-09-30T00:00:00,2023,9,34,Natural disaster,92,97,Oromia,ET04,SA,Active
25817,Countrywide monitoring,Ethiopia,ETH,Sidama,ET16,,,1,42029,2023-09-30T00:00:00,2023,9,34,Conflict,21244,20785,Afar,ET02,SA,Active
25664,Countrywide monitoring,Ethiopia,ETH,Sidama,ET16,,,1,4825,2023-09-30T00:00:00,2023,9,34,Conflict,2390,2435,South West Ethiopia,ET11,SA,Active
25704,Countrywide monitoring,Ethiopia,ETH,Central Ethiopia,ET07,,,1,4996,2023-09-30T00:00:00,2023,9,34,Conflict,2408,2588,Somali,ET05,SA,Active
25633,Countrywide monitoring,Ethiopia,ETH,Sidama,ET16,,,1,427,2023-09-30T00:00:00,2023,9,34,Conflict,213,214,Not available,Not available,SA,Active
8921,Countrywide monitoring,Ethiopia,ETH,Central Ethiopia,ET07,,,1,734,2023-09-30T00:00:00,2023,9,34,Conflict,347,387,Not available,Not available,SA,Active
8929,Countrywide monitoring,Ethiopia,ETH,Amhara,ET03,,,1,6707,2023-09-30T00:00:00,2023,9,34,Conflict,3340,3367,Benishangul-Gumuz,ET06,SA,Active
8930,Countrywide monitoring,Ethiopia,ETH,Central Ethiopia,ET07,,,1,4111,2023-09-30T00:00:00,2023,9,34,Natural disaster,2025,2086,Central Ethiopia,ET07,SA,Active
8961,Countrywide monitoring,Ethiopia,ETH,Tigray,ET01,,,1,895064,2023-09-30T00:00:00,2023,9,34,Conflict,417345,477719,Tigray,ET01,SA,Active
8290,Countrywide monitoring,Ethiopia,ETH,South Ethiopia People,ET08,,,1,2453,2023-09-30T00:00:00,2023,9,34,Conflict,1258,1195,Afar,ET02,SA,Active
8306,Countrywide monitoring,Ethiopia,ETH,South West Ethiopia People,ET11,,,1,2609,2023-09-30T00:00:00,2023,9,34,Natural disaster,1259,1350,South West Ethiopia,ET11,SA,Active
8311,Countrywide monitoring,Ethiopia,ETH,Somali,ET05,,,1,5256,2023-09-30T00:00:00,2023,9,34,Conflict,2612,2644,Afar,ET02,SA,Active
8482,Countrywide monitoring,Ethiopia,ETH,Somali,ET05,,,1,382384,2023-09-30T00:00:00,2023,9,34,Conflict,199890,182494,Oromia,ET04,SA,Active
8436,Countrywide monitoring,Ethiopia,ETH,Benishangul-Gumuz,ET06,,,1,3418,2023-09-30T00:00:00,2023,9,34,Conflict,1669,1749,Amhara,ET03,SA,Active
8437,Countrywide monitoring,Ethiopia,ETH,Oromia,ET04,,,1,531087,2023-09-30T00:00:00,2023,9,34,Conflict,252903,278184,Oromia,ET04,SA,Active
8799,Countrywide monitoring,Ethiopia,ETH,Central Ethiopia,ET07,,,1,3338,2023-09-30T00:00:00,2023,9,34,Conflict,1599,1739,Central Ethiopia,ET07,SA,Active
8698,Countrywide monitoring,Ethiopia,ETH,Amhara,ET03,,,1,290,2023-09-30T00:00:00,2023,9,34,Conflict,150,140,Not available,Not available,SA,Active
8774,Countrywide monitoring,Ethiopia,ETH,Afar,ET02,,,1,29579,2023-09-30T00:00:00,2023,9,34,Conflict,13637,15942,Afar,ET02,SA,Active
8643,Countrywide monitoring,Ethiopia,ETH,Oromia,ET04,,,1,4978,2023-09-30T00:00:00,2023,9,34,Other reason,2452,2526,Oromia,ET04,SA,Active
8592,Countrywide monitoring,Ethiopia,ETH,Oromia,ET04,,,1,193419,2023-09-30T00:00:00,2023,9,34,Conflict,94477,98942,Somali,ET05,SA,Active
67617,Countrywide monitoring,Ethiopia,ETH,Tigray,ET01,,,1,797,2023-09-30T00:00:00,2023,9,34,Conflict,364,433,Addis Ababa,ET14,SA,Active
67602,Countrywide monitoring,Ethiopia,ETH,Tigray,ET01,,,1,32647,2023-09-30T00:00:00,2023,9,34,Conflict,14283,18364,Afar,ET02,SA,Active
67586,Countrywide monitoring,Ethiopia,ETH,Afar,ET02,,,1,27229,2023-09-30T00:00:00,2023,9,34,Natural disaster,12623,14606,Afar,ET02,SA,Active
67591,Countrywide monitoring,Ethiopia,ETH,Tigray,ET01,,,1,893,2023-09-30T00:00:00,2023,9,34,Conflict,359,534,Benishangul-Gumuz,ET06,SA,Active
67595,Countrywide monitoring,Ethiopia,ETH,Amhara,ET03,,,1,930,2023-12-31T00:00:00,2023,12,35,Conflict,443,487,Benishangul-Gumuz,ET06,SA,Active
67635,Countrywide monitoring,Ethiopia,ETH,Tigray,ET01,,,1,644,2023-12-31T00:00:00,2023,12,35,Social tension,337,307,Oromia,ET04,SA,Active
67660,Countrywide monitoring,Ethiopia,ETH,Central Ethiopia,ET07,,,1,4388,2023-12-31T00:00:00,2023,12,35,Conflict,1974,2414,Central Ethiopia,ET07,SA,Active
8611,Countrywide monitoring,Ethiopia,ETH,Gambela,ET12,,,1,7394,2023-12-31T00:00:00,2023,12,35,Conflict,3541,3853,Gambela,ET12,SA,Active
8531,Countrywide monitoring,Ethiopia,ETH,Somali,ET05,,,1,61,2023-12-31T00:00:00,2023,12,35,Natural disaster,27,34,Afar,ET02,SA,Active
8539,Countrywide monitoring,Ethiopia,ETH,Somali,ET05,,,1,4723,2023-12-31T00:00:00,2023,12,35,Natural disaster,2562,2161,Oromia,ET04,SA,Active
8649,Countrywide monitoring,Ethiopia,ETH,Central Ethiopia,ET07,,,1,4889,2023-12-31T00:00:00,2023,12,35,Conflict,2195,2694,Somali,ET05,SA,Active
8659,Countrywide monitoring,Ethiopia,ETH,Tigray,ET01,,,1,414,2023-12-31T00:00:00,2023,12,35,Conflict,187,227,South West Ethiopia,ET11,SA,Active
8637,Countrywide monitoring,Ethiopia,ETH,Tigray,ET01,,,1,7,2023-12-31T00:00:00,2023,12,35,Social tension,3,4,Benishangul-Gumuz,ET06,SA,Active
8763,Countrywide monitoring,Ethiopia,ETH,Tigray,ET01,,,1,790333,2023-12-31T00:00:00,2023,12,35,Conflict,354954,435379,Tigray,ET01,SA,Active
8764,Countrywide monitoring,Ethiopia,ETH,Oromia,ET04,,,1,9829,2023-12-31T00:00:00,2023,12,35,Social tension,4913,4916,Somali,ET05,SA,Active
8703,Countrywide monitoring,Ethiopia,ETH,Oromia,ET04,,,1,56702,2023-12-31T00:00:00,2023,12,35,Conflict,27476,29226,Benishangul-Gumuz,ET06,SA,Active
8714,Countrywide monitoring,Ethiopia,ETH,Amhara,ET03,,,1,1055,2023-12-31T00:00:00,2023,12,35,Other reason,502,553,Oromia,ET04,SA,Active
8789,Countrywide monitoring,Ethiopia,ETH,Central Ethiopia,ET07,,,1,21931,2023-12-31T00:00:00,2023,12,35,Conflict,10705,11226,South West Ethiopia,ET11,SA,Active
8824,Countrywide monitoring,Ethiopia,ETH,Central Ethiopia,ET07,,,1,128,2023-12-31T00:00:00,2023,12,35,Social tension,53,75,Amhara,ET03,SA,Active
8430,Countrywide monitoring,Ethiopia,ETH,Benishangul-Gumuz,ET06,,,1,18,2023-12-31T00:00:00,2023,12,35,Social tension,9,9,Benishangul-Gumuz,ET06,SA,Active
8444,Countrywide monitoring,Ethiopia,ETH,Afar,ET02,,,1,39504,2023-12-31T00:00:00,2023,12,35,Natural disaster,18919,20585,Afar,ET02,SA,Active
8486,Countrywide monitoring,Ethiopia,ETH,Amhara,ET03,,,1,439,2023-12-31T00:00:00,2023,12,35,Social tension,200,239,Oromia,ET04,SA,Active
8375,Countrywide monitoring,Ethiopia,ETH,Harari,ET13,,,1,6,2023-12-31T00:00:00,2023,12,35,Natural disaster,3,3,Harari,ET13,SA,Active
8388,Countrywide monitoring,Ethiopia,ETH,Tigray,ET01,,,1,4532,2023-12-31T00:00:00,2023,12,35,Conflict,2072,2460,Oromia,ET04,SA,Active
8364,Countrywide monitoring,Ethiopia,ETH,Sidama,ET16,,,1,128,2023-12-31T00:00:00,2023,12,35,Conflict,58,70,Not available,Not available,SA,Active
8359,Countrywide monitoring,Ethiopia,ETH,Tigray,ET01,,,1,225,2023-12-31T00:00:00,2023,12,35,Social tension,113,112,Amhara,ET03,SA,Active
8360,Countrywide monitoring,Ethiopia,ETH,Sidama,ET16,,,1,3908,2023-12-31T00:00:00,2023,12,35,Conflict,1970,1938,Oromia,ET04,SA,Active
8291,Countrywide monitoring,Ethiopia,ETH,Amhara,ET03,,,1,34757,2023-12-31T00:00:00,2023,12,35,Conflict,16426,18331,Amhara,ET03,SA,Active
8317,Countrywide monitoring,Ethiopia,ETH,Harari,ET13,,,1,245,2023-12-31T00:00:00,2023,12,35,Conflict,124,121,Harari,ET13,SA,Active
8329,Countrywide monitoring,Ethiopia,ETH,Tigray,ET01,,,1,5283,2023-12-31T00:00:00,2023,12,35,Conflict,2500,2783,Amhara,ET03,SA,Active
8349,Countrywide monitoring,Ethiopia,ETH,Central Ethiopia,ET07,,,1,720,2023-12-31T00:00:00,2023,12,35,Conflict,316,404,Not available,Not available,SA,Active
8198,Countrywide monitoring,Ethiopia,ETH,Central Ethiopia,ET07,,,1,2688,2023-12-31T00:00:00,2023,12,35,Social tension,1312,1376,South West Ethiopia,ET11,SA,Active
8179,Countrywide monitoring,Ethiopia,ETH,Sidama,ET16,,,1,4099,2023-12-31T00:00:00,2023,12,35,Conflict,2015,2084,South West Ethiopia,ET11,SA,Active
8956,Countrywide monitoring,Ethiopia,ETH,Afar,ET02,,,1,21798,2023-12-31T00:00:00,2023,12,35,Conflict,10665,11133,Afar,ET02,SA,Active
9025,Countrywide monitoring,Ethiopia,ETH,Tigray,ET01,,,1,3358,2023-12-31T00:00:00,2023,12,35,Natural disaster,1458,1900,Tigray,ET01,SA,Active
8937,Countrywide monitoring,Ethiopia,ETH,Tigray,ET01,,,1,220,2023-12-31T00:00:00,2023,12,35,Conflict,98,122,Benishangul-Gumuz,ET06,SA,Active
8882,Countrywide monitoring,Ethiopia,ETH,South West Ethiopia People,ET11,,,1,1749,2023-12-31T00:00:00,2023,12,35,Conflict,886,863,South West Ethiopia,ET11,SA,Active
25427,Countrywide monitoring,Ethiopia,ETH,Tigray,ET01,,,1,1047,2023-12-31T00:00:00,2023,12,35,Social tension,513,534,Afar,ET02,SA,Active
25440,Countrywide monitoring,Ethiopia,ETH,Oromia,ET04,,,1,833,2023-12-31T00:00:00,2023,12,35,Natural disaster,419,414,Somali,ET05,SA,Active
9051,Countrywide monitoring,Ethiopia,ETH,Tigray,ET01,,,1,30178,2023-12-31T00:00:00,2023,12,35,Conflict,13079,17099,Afar,ET02,SA,Active
25470,Countrywide monitoring,Ethiopia,ETH,Tigray,ET01,,,1,3889,2023-12-31T00:00:00,2023,12,35,Social tension,1782,2107,Tigray,ET01,SA,Active
25613,Countrywide monitoring,Ethiopia,ETH,Sidama,ET16,,,1,543,2023-12-31T00:00:00,2023,12,35,Natural disaster,269,274,Sidama,ET16,SA,Active
25558,Countrywide monitoring,Ethiopia,ETH,Tigray,ET01,,,1,8,2023-12-31T00:00:00,2023,12,35,Social tension,3,5,Addis Ababa,ET14,SA,Active
25581,Countrywide monitoring,Ethiopia,ETH,Amhara,ET03,,,1,83552,2023-12-31T00:00:00,2023,12,35,Conflict,40540,43012,Oromia,ET04,SA,Active
25582,Countrywide monitoring,Ethiopia,ETH,Amhara,ET03,,,1,18,2023-12-31T00:00:00,2023,12,35,Other reason,10,8,South West Ethiopia,ET11,SA,Active
25727,Countrywide monitoring,Ethiopia,ETH,Somali,ET05,,,1,3850,2023-12-31T00:00:00,2023,12,35,Social tension,1837,2013,Somali,ET05,SA,Active
25723,Countrywide monitoring,Ethiopia,ETH,Central Ethiopia,ET07,,,1,963,2023-12-31T00:00:00,2023,12,35,Natural disaster,450,513,Central Ethiopia,ET07,SA,Active
25647,Countrywide monitoring,Ethiopia,ETH,Central Ethiopia,ET07,,,1,75,2023-12-31T00:00:00,2023,12,35,Social tension,38,37,Central Ethiopia,ET07,SA,Active
25826,Countrywide monitoring,Ethiopia,ETH,Oromia,ET04,,,1,17463,2023-12-31T00:00:00,2023,12,35,Other reason,8153,9310,Oromia,ET04,SA,Active
25793,Countrywide monitoring,Ethiopia,ETH,Oromia,ET04,,,1,144536,2023-12-31T00:00:00,2023,12,35,Social tension,67205,77331,Oromia,ET04,SA,Active
59175,Countrywide monitoring,Ethiopia,ETH,Central Ethiopia,ET07,,,1,11589,2023-12-31T00:00:00,2023,12,35,Conflict,5169,6420,Oromia,ET04,SA,Active
59147,Countrywide monitoring,Ethiopia,ETH,Oromia,ET04,,,1,363738,2023-12-31T00:00:00,2023,12,35,Conflict,178834,184904,Oromia,ET04,SA,Active
59044,Countrywide monitoring,Ethiopia,ETH,Amhara,ET03,,,1,73,2023-12-31T00:00:00,2023,12,35,Conflict,29,44,Somali,ET05,SA,Active
59097,Countrywide monitoring,Ethiopia,ETH,Central Ethiopia,ET07,,,1,131,2023-12-31T00:00:00,2023,12,35,Conflict,59,72,Benishangul-Gumuz,ET06,SA,Active
59076,Countrywide monitoring,Ethiopia,ETH,Oromia,ET04,,,1,92,2023-12-31T00:00:00,2023,12,35,Conflict,48,44,Sidama,ET16,SA,Active
59269,Countrywide monitoring,Ethiopia,ETH,Amhara,ET03,,,1,17082,2023-12-31T00:00:00,2023,12,35,Conflict,7083,9999,Tigray,ET01,SA,Active
59254,Countrywide monitoring,Ethiopia,ETH,Somali,ET05,,,1,589070,2023-12-31T00:00:00,2023,12,35,Natural disaster,293847,295223,Somali,ET05,SA,Active
59293,Countrywide monitoring,Ethiopia,ETH,Tigray,ET01,,,1,635,2023-12-31T00:00:00,2023,12,35,Social tension,287,348,South West Ethiopia,ET11,SA,Active
59318,Countrywide monitoring,Ethiopia,ETH,Harari,ET13,,,1,1943,2023-12-31T00:00:00,2023,12,35,Conflict,972,971,Somali,ET05,SA,Active
67355,Countrywide monitoring,Ethiopia,ETH,Amhara,ET03,,,1,179,2023-12-31T00:00:00,2023,12,35,Conflict,95,84,South West Ethiopia,ET11,SA,Active
67400,Countrywide monitoring,Ethiopia,ETH,Central Ethiopia,ET07,,,1,72,2023-12-31T00:00:00,2023,12,35,Natural disaster,38,34,South West Ethiopia,ET11,SA,Active
67459,Countrywide monitoring,Ethiopia,ETH,Somali,ET05,,,1,5201,2023-12-31T00:00:00,2023,12,35,Conflict,2307,2894,Afar,ET02,SA,Active
67415,Countrywide monitoring,Ethiopia,ETH,Oromia,ET04,,,1,143604,2023-12-31T00:00:00,2023,12,35,Natural disaster,68895,74709,Oromia,ET04,SA,Active
67453,Countrywide monitoring,Ethiopia,ETH,Central Ethiopia,ET07,,,1,119,2023-12-31T00:00:00,2023,12,35,Social tension,45,74,Oromia,ET04,SA,Active
67580,Countrywide monitoring,Ethiopia,ETH,Amhara,ET03,,,1,1910,2023-12-31T00:00:00,2023,12,35,Conflict,865,1045,Afar,ET02,SA,Active
67543,Countrywide monitoring,Ethiopia,ETH,Benishangul-Gumuz,ET06,,,1,19567,2023-12-31T00:00:00,2023,12,35,Conflict,9705,9862,Oromia,ET04,SA,Active
67521,Countrywide monitoring,Ethiopia,ETH,Benishangul-Gumuz,ET06,,,1,119,2023-12-31T00:00:00,2023,12,35,Conflict,35,84,Amhara,ET03,SA,Active
34204,Countrywide monitoring,Ethiopia,ETH,Tigray,ET01,,,1,42,2023-12-31T00:00:00,2023,12,35,Conflict,15,27,Addis Ababa,ET14,SA,Active
42593,Countrywide monitoring,Ethiopia,ETH,Benishangul-Gumuz,ET06,,,1,54993,2023-12-31T00:00:00,2023,12,35,Conflict,26000,28993,Benishangul-Gumuz,ET06,SA,Active
42561,Countrywide monitoring,Ethiopia,ETH,Oromia,ET04,,,1,342,2023-12-31T00:00:00,2023,12,35,Natural disaster,172,170,Benishangul-Gumuz,ET06,SA,Active
42529,Countrywide monitoring,Ethiopia,ETH,South West Ethiopia People,ET11,,,1,3570,2023-12-31T00:00:00,2023,12,35,Natural disaster,1687,1883,South West Ethiopia,ET11,SA,Active
42548,Countrywide monitoring,Ethiopia,ETH,Afar,ET02,,,1,603,2023-12-31T00:00:00,2023,12,35,Other reason,339,264,Afar,ET02,SA,Active
42498,Countrywide monitoring,Ethiopia,ETH,Somali,ET05,,,1,2663,2023-12-31T00:00:00,2023,12,35,Social tension,1258,1405,Oromia,ET04,SA,Active
42658,Countrywide monitoring,Ethiopia,ETH,Somali,ET05,,,1,104603,2023-12-31T00:00:00,2023,12,35,Conflict,53997,50606,Somali,ET05,SA,Active
42669,Countrywide monitoring,Ethiopia,ETH,Sidama,ET16,,,1,27769,2023-12-31T00:00:00,2023,12,35,Conflict,14125,13644,Sidama,ET16,SA,Active
42708,Countrywide monitoring,Ethiopia,ETH,Oromia,ET04,,,1,125087,2023-12-31T00:00:00,2023,12,35,Conflict,60789,64298,Somali,ET05,SA,Active
50850,Countrywide monitoring,Ethiopia,ETH,Harari,ET13,,,1,26,2023-12-31T00:00:00,2023,12,35,Natural disaster,12,14,Somali,ET05,SA,Active
50851,Countrywide monitoring,Ethiopia,ETH,Gambela,ET12,,,1,21145,2023-12-31T00:00:00,2023,12,35,Natural disaster,10139,11006,Gambela,ET12,SA,Active
50870,Countrywide monitoring,Ethiopia,ETH,Amhara,ET03,,,1,3202,2023-12-31T00:00:00,2023,12,35,Natural disaster,1523,1679,Amhara,ET03,SA,Active
50803,Countrywide monitoring,Ethiopia,ETH,South West Ethiopia People,ET11,,,1,1572,2023-12-31T00:00:00,2023,12,35,Conflict,757,815,Oromia,ET04,SA,Active
50980,Countrywide monitoring,Ethiopia,ETH,Somali,ET05,,,1,379612,2023-12-31T00:00:00,2023,12,35,Conflict,184673,194939,Oromia,ET04,SA,Active
50979,Countrywide monitoring,Ethiopia,ETH,Oromia,ET04,,,1,140814,2024-05-31T00:00:00,2024,5,36,Natural disaster,68196,72618,Oromia,ET04,SA,Active
50935,Countrywide monitoring,Ethiopia,ETH,Oromia,ET04,,,1,17479,2024-05-31T00:00:00,2024,5,36,Other reason,8161,9318,Oromia,ET04,SA,Active
58999,Countrywide monitoring,Ethiopia,ETH,Tigray,ET01,,,1,40,2024-05-31T00:00:00,2024,5,36,Conflict,20,20,Addis Ababa,ET14,SA,Active
50880,Countrywide monitoring,Ethiopia,ETH,Somali,ET05,,,1,597053,2024-05-31T00:00:00,2024,5,36,Natural disaster,294267,302786,Somali,ET05,SA,Active
42678,Countrywide monitoring,Ethiopia,ETH,Harari,ET13,,,1,251,2024-05-31T00:00:00,2024,5,36,Conflict,127,124,Harari,ET13,SA,Active
42674,Countrywide monitoring,Ethiopia,ETH,Central Ethiopia,ET07,,,1,720,2024-05-31T00:00:00,2024,5,36,Conflict,316,404,Not available,Not available,SA,Active
42518,Countrywide monitoring,Ethiopia,ETH,Afar,ET02,,,1,603,2024-05-31T00:00:00,2024,5,36,Other reason,339,264,Afar,ET02,SA,Active
42551,Countrywide monitoring,Ethiopia,ETH,Tigray,ET01,,,1,227,2024-05-31T00:00:00,2024,5,36,Conflict,101,126,Benishangul-Gumuz,ET06,SA,Active
42576,Countrywide monitoring,Ethiopia,ETH,Amhara,ET03,,,1,3356,2024-05-31T00:00:00,2024,5,36,Natural disaster,1596,1760,Amhara,ET03,SA,Active
42617,Countrywide monitoring,Ethiopia,ETH,Afar,ET02,,,1,52968,2024-05-31T00:00:00,2024,5,36,Natural disaster,25615,27353,Afar,ET02,SA,Active
34196,Countrywide monitoring,Ethiopia,ETH,Amhara,ET03,,,1,197,2024-05-31T00:00:00,2024,5,36,Conflict,105,92,South West Ethiopia,ET11,SA,Active
67544,Countrywide monitoring,Ethiopia,ETH,Somali,ET05,,,1,381170,2024-05-31T00:00:00,2024,5,36,Conflict,184735,196435,Oromia,ET04,SA,Active
67574,Countrywide monitoring,Ethiopia,ETH,Somali,ET05,,,1,1863,2024-05-31T00:00:00,2024,5,36,Natural disaster,1082,781,Oromia,ET04,SA,Active
67300,Countrywide monitoring,Ethiopia,ETH,Sidama,ET16,,,1,27888,2024-05-31T00:00:00,2024,5,36,Conflict,14184,13704,Sidama,ET16,SA,Active
59310,Countrywide monitoring,Ethiopia,ETH,Sidama,ET16,,,1,424,2024-05-31T00:00:00,2024,5,36,Natural disaster,210,214,Sidama,ET16,SA,Active
59326,Countrywide monitoring,Ethiopia,ETH,Central Ethiopia,ET07,,,1,4547,2024-05-31T00:00:00,2024,5,36,Conflict,2052,2495,Somali,ET05,SA,Active
59245,Countrywide monitoring,Ethiopia,ETH,Sidama,ET16,,,1,128,2024-05-31T00:00:00,2024,5,36,Conflict,58,70,Not available,Not available,SA,Active
25764,Countrywide monitoring,Ethiopia,ETH,Amhara,ET03,,,1,1577,2024-05-31T00:00:00,2024,5,36,Other reason,772,805,Oromia,ET04,SA,Active
25757,Countrywide monitoring,Ethiopia,ETH,Benishangul-Gumuz,ET06,,,1,19567,2024-05-31T00:00:00,2024,5,36,Conflict,9705,9862,Oromia,ET04,SA,Active
25775,Countrywide monitoring,Ethiopia,ETH,Central Ethiopia,ET07,,,1,12079,2024-05-31T00:00:00,2024,5,36,Conflict,5480,6599,Oromia,ET04,SA,Active
25844,Countrywide monitoring,Ethiopia,ETH,South West Ethiopia People,ET11,,,1,1749,2024-05-31T00:00:00,2024,5,36,Conflict,886,863,South West Ethiopia,ET11,SA,Active
34078,Countrywide monitoring,Ethiopia,ETH,Central Ethiopia,ET07,,,1,2466,2024-05-31T00:00:00,2024,5,36,Natural disaster,1180,1286,Central Ethiopia,ET07,SA,Active
25724,Countrywide monitoring,Ethiopia,ETH,Central Ethiopia,ET07,,,1,24691,2024-05-31T00:00:00,2024,5,36,Conflict,12055,12636,South West Ethiopia,ET11,SA,Active
25697,Countrywide monitoring,Ethiopia,ETH,Central Ethiopia,ET07,,,1,131,2024-05-31T00:00:00,2024,5,36,Conflict,59,72,Benishangul-Gumuz,ET06,SA,Active
25567,Countrywide monitoring,Ethiopia,ETH,Tigray,ET01,,,1,3497,2024-05-31T00:00:00,2024,5,36,Conflict,1529,1968,Amhara,ET03,SA,Active
25621,Countrywide monitoring,Ethiopia,ETH,Tigray,ET01,,,1,30065,2024-05-31T00:00:00,2024,5,36,Conflict,13202,16863,Afar,ET02,SA,Active
25644,Countrywide monitoring,Ethiopia,ETH,Somali,ET05,,,1,5262,2024-05-31T00:00:00,2024,5,36,Conflict,2334,2928,Afar,ET02,SA,Active
25472,Countrywide monitoring,Ethiopia,ETH,Amhara,ET03,,,1,41070,2024-05-31T00:00:00,2024,5,36,Conflict,19493,21577,Amhara,ET03,SA,Active
25482,Countrywide monitoring,Ethiopia,ETH,Amhara,ET03,,,1,81645,2024-05-31T00:00:00,2024,5,36,Conflict,39123,42522,Oromia,ET04,SA,Active
25495,Countrywide monitoring,Ethiopia,ETH,Harari,ET13,,,1,1969,2024-05-31T00:00:00,2024,5,36,Conflict,984,985,Somali,ET05,SA,Active
25538,Countrywide monitoring,Ethiopia,ETH,South West Ethiopia People,ET11,,,1,3570,2024-05-31T00:00:00,2024,5,36,Natural disaster,1687,1883,South West Ethiopia,ET11,SA,Active
25548,Countrywide monitoring,Ethiopia,ETH,Gambela,ET12,,,1,10627,2024-05-31T00:00:00,2024,5,36,Conflict,4976,5651,Gambela,ET12,SA,Active
9064,Countrywide monitoring,Ethiopia,ETH,Oromia,ET04,,,1,139121,2024-05-31T00:00:00,2024,5,36,Conflict,68223,70898,Somali,ET05,SA,Active
25410,Countrywide monitoring,Ethiopia,ETH,Central Ethiopia,ET07,,,1,128,2024-05-31T00:00:00,2024,5,36,Conflict,53,75,Amhara,ET03,SA,Active
25422,Countrywide monitoring,Ethiopia,ETH,Amhara,ET03,,,1,1636,2024-05-31T00:00:00,2024,5,36,Conflict,835,801,Afar,ET02,SA,Active
25423,Countrywide monitoring,Ethiopia,ETH,Benishangul-Gumuz,ET06,,,1,119,2024-05-31T00:00:00,2024,5,36,Conflict,35,84,Amhara,ET03,SA,Active
25437,Countrywide monitoring,Ethiopia,ETH,Amhara,ET03,,,1,44124,2024-05-31T00:00:00,2024,5,36,Conflict,20067,24057,Tigray,ET01,SA,Active
8867,Countrywide monitoring,Ethiopia,ETH,Sidama,ET16,,,1,4099,2024-05-31T00:00:00,2024,5,36,Conflict,2015,2084,South West Ethiopia,ET11,SA,Active
8999,Countrywide monitoring,Ethiopia,ETH,South West Ethiopia People,ET11,,,1,1572,2024-05-31T00:00:00,2024,5,36,Conflict,757,815,Oromia,ET04,SA,Active
8233,Countrywide monitoring,Ethiopia,ETH,Gambela,ET12,,,1,16096,2024-05-31T00:00:00,2024,5,36,Natural disaster,7772,8324,Gambela,ET12,SA,Active
8255,Countrywide monitoring,Ethiopia,ETH,Central Ethiopia,ET07,,,1,4500,2024-05-31T00:00:00,2024,5,36,Conflict,2034,2466,Central Ethiopia,ET07,SA,Active
8346,Countrywide monitoring,Ethiopia,ETH,Somali,ET05,,,1,108397,2024-05-31T00:00:00,2024,5,36,Conflict,54361,54036,Somali,ET05,SA,Active
8450,Countrywide monitoring,Ethiopia,ETH,Benishangul-Gumuz,ET06,,,1,55011,2024-05-31T00:00:00,2024,5,36,Conflict,26009,29002,Benishangul-Gumuz,ET06,SA,Active
8429,Countrywide monitoring,Ethiopia,ETH,Amhara,ET03,,,1,73,2024-05-31T00:00:00,2024,5,36,Conflict,29,44,Somali,ET05,SA,Active
8790,Countrywide monitoring,Ethiopia,ETH,Tigray,ET01,,,1,1049,2024-05-31T00:00:00,2024,5,36,Conflict,474,575,South West Ethiopia,ET11,SA,Active
8779,Countrywide monitoring,Ethiopia,ETH,Oromia,ET04,,,1,529754,2024-05-31T00:00:00,2024,5,36,Conflict,254118,275636,Oromia,ET04,SA,Active
8742,Countrywide monitoring,Ethiopia,ETH,Afar,ET02,,,1,28220,2024-05-31T00:00:00,2024,5,36,Conflict,13431,14789,Afar,ET02,SA,Active
8633,Countrywide monitoring,Ethiopia,ETH,Oromia,ET04,,,1,92,2024-05-31T00:00:00,2024,5,36,Conflict,48,44,Sidama,ET16,SA,Active
8662,Countrywide monitoring,Ethiopia,ETH,Tigray,ET01,,,1,838239,2024-05-31T00:00:00,2024,5,36,Conflict,385173,453066,Tigray,ET01,SA,Active
8547,Countrywide monitoring,Ethiopia,ETH,Tigray,ET01,,,1,5208,2024-05-31T00:00:00,2024,5,36,Conflict,2589,2619,Oromia,ET04,SA,Active
8594,Countrywide monitoring,Ethiopia,ETH,Amhara,ET03,,,1,930,2024-05-31T00:00:00,2024,5,36,Conflict,443,487,Benishangul-Gumuz,ET06,SA,Active
67655,Countrywide monitoring,Ethiopia,ETH,Oromia,ET04,,,1,54724,2024-05-31T00:00:00,2024,5,36,Conflict,26540,28184,Benishangul-Gumuz,ET06,SA,Active
67587,Countrywide monitoring,Ethiopia,ETH,Sidama,ET16,,,1,3908,2024-05-31T00:00:00,2024,5,36,Conflict,1970,1938,Oromia,ET04,SA,Active
67589,Countrywide monitoring,Ethiopia,ETH,Contested,ET99,,,1,1352,2024-08-31T00:00:00,2024,8,37,Conflict,523,829,Amhara,ET03,SA,Active
67654,Countrywide monitoring,Ethiopia,ETH,Amhara,ET03,,,1,1326,2024-08-31T00:00:00,2024,8,37,Other reason,644,682,Oromia,ET04,SA,Active
67647,Countrywide monitoring,Ethiopia,ETH,Central Ethiopia,ET07,,,1,238,2024-08-31T00:00:00,2024,8,37,Other reason,111,127,Oromia,ET04,SA,Active
67670,Countrywide monitoring,Ethiopia,ETH,Sidama,ET16,,,1,27804,2024-08-31T00:00:00,2024,8,37,Conflict,14153,13651,Sidama,ET16,SA,Active
8606,Countrywide monitoring,Ethiopia,ETH,Amhara,ET03,,,1,7163,2024-08-31T00:00:00,2024,8,37,Conflict,3386,3777,Not available,Not available,SA,Active
8607,Countrywide monitoring,Ethiopia,ETH,Tigray,ET01,,,1,1412,2024-08-31T00:00:00,2024,8,37,Other reason,711,701,Afar,ET02,SA,Active
8634,Countrywide monitoring,Ethiopia,ETH,Central Ethiopia,ET07,,,1,2708,2024-08-31T00:00:00,2024,8,37,Natural disaster,1176,1532,Not available,Not available,SA,Active
8866,Countrywide monitoring,Ethiopia,ETH,Oromia,ET04,,,1,149865,2024-08-31T00:00:00,2024,8,37,Other reason,72160,77705,Oromia,ET04,SA,Active
8473,Countrywide monitoring,Ethiopia,ETH,Central Ethiopia,ET07,,,1,140,2024-08-31T00:00:00,2024,8,37,Natural disaster,68,72,Somali,ET05,SA,Active
8281,Countrywide monitoring,Ethiopia,ETH,Amhara,ET03,,,1,545,2024-08-31T00:00:00,2024,8,37,Conflict,253,292,Benishangul-Gumuz,ET06,SA,Active
8226,Countrywide monitoring,Ethiopia,ETH,Central Ethiopia,ET07,,,1,11078,2024-08-31T00:00:00,2024,8,37,Conflict,5157,5921,Central Ethiopia,ET07,SA,Active
8203,Countrywide monitoring,Ethiopia,ETH,Central Ethiopia,ET07,,,1,132,2024-08-31T00:00:00,2024,8,37,Other reason,55,77,Amhara,ET03,SA,Active
8985,Countrywide monitoring,Ethiopia,ETH,Contested,ET99,,,1,851,2024-08-31T00:00:00,2024,8,37,Conflict,449,402,Afar,ET02,SA,Active
8988,Countrywide monitoring,Ethiopia,ETH,Oromia,ET04,,,1,13889,2024-08-31T00:00:00,2024,8,37,Other reason,7000,6889,Somali,ET05,SA,Active
8870,Countrywide monitoring,Ethiopia,ETH,Central Ethiopia,ET07,,,1,5336,2024-08-31T00:00:00,2024,8,37,Conflict,2490,2846,Somali,ET05,SA,Active
8917,Countrywide monitoring,Ethiopia,ETH,South West Ethiopia People,ET11,,,1,393,2024-08-31T00:00:00,2024,8,37,Conflict,207,186,Not available,Not available,SA,Active
25452,Countrywide monitoring,Ethiopia,ETH,Tigray,ET01,,,1,517,2024-08-31T00:00:00,2024,8,37,Other reason,247,270,Tigray,ET01,SA,Active
25551,Countrywide monitoring,Ethiopia,ETH,Oromia,ET04,,,1,105143,2024-08-31T00:00:00,2024,8,37,Natural disaster,50673,54470,Oromia,ET04,SA,Active
25502,Countrywide monitoring,Ethiopia,ETH,Afar,ET02,,,1,67573,2024-08-31T00:00:00,2024,8,37,Conflict,32441,35132,Afar,ET02,SA,Active
25630,Countrywide monitoring,Ethiopia,ETH,Tigray,ET01,,,1,8156,2024-08-31T00:00:00,2024,8,37,Conflict,3909,4247,Amhara,ET03,SA,Active
25705,Countrywide monitoring,Ethiopia,ETH,Oromia,ET04,,,1,94,2024-08-31T00:00:00,2024,8,37,Conflict,46,48,Sidama,ET16,SA,Active
25706,Countrywide monitoring,Ethiopia,ETH,Contested,ET99,,,1,1107,2024-08-31T00:00:00,2024,8,37,Conflict,429,678,Not available,Not available,SA,Active
25663,Countrywide monitoring,Ethiopia,ETH,Sidama,ET16,,,1,132,2024-08-31T00:00:00,2024,8,37,Conflict,61,71,South Ethiopian,ET08,SA,Active
34094,Countrywide monitoring,Ethiopia,ETH,Sidama,ET16,,,1,404,2024-08-31T00:00:00,2024,8,37,Natural disaster,201,203,Sidama,ET16,SA,Active
34129,Countrywide monitoring,Ethiopia,ETH,Amhara,ET03,,,1,314,2024-08-31T00:00:00,2024,8,37,Conflict,141,173,South West Ethiopia,ET11,SA,Active
25798,Countrywide monitoring,Ethiopia,ETH,Amhara,ET03,,,1,930,2024-08-31T00:00:00,2024,8,37,Conflict,448,482,Addis Ababa,ET14,SA,Active
25804,Countrywide monitoring,Ethiopia,ETH,Tigray,ET01,,,1,1279,2024-08-31T00:00:00,2024,8,37,Other reason,583,696,Oromia,ET04,SA,Active
59363,Countrywide monitoring,Ethiopia,ETH,Harari,ET13,,,1,775,2024-08-31T00:00:00,2024,8,37,Conflict,342,433,Somali,ET05,SA,Active
59348,Countrywide monitoring,Ethiopia,ETH,Central Ethiopia,ET07,,,1,1928,2024-08-31T00:00:00,2024,8,37,Natural disaster,951,977,Central Ethiopia,ET07,SA,Active
59355,Countrywide monitoring,Ethiopia,ETH,Oromia,ET04,,,1,315409,2024-08-31T00:00:00,2024,8,37,Conflict,151776,163633,Oromia,ET04,SA,Active
59314,Countrywide monitoring,Ethiopia,ETH,Tigray,ET01,,,1,706449,2024-08-31T00:00:00,2024,8,37,Conflict,328710,377739,Tigray,ET01,SA,Active
59102,Countrywide monitoring,Ethiopia,ETH,Central Ethiopia,ET07,,,1,9666,2024-08-31T00:00:00,2024,8,37,Conflict,4601,5065,Oromia,ET04,SA,Active
59156,Countrywide monitoring,Ethiopia,ETH,South West Ethiopia People,ET11,,,1,1502,2024-08-31T00:00:00,2024,8,37,Conflict,743,759,Oromia,ET04,SA,Active
59169,Countrywide monitoring,Ethiopia,ETH,Contested,ET99,,,1,8313,2024-08-31T00:00:00,2024,8,37,Conflict,3991,4322,Tigray,ET01,SA,Active
67279,Countrywide monitoring,Ethiopia,ETH,Amhara,ET03,,,1,41416,2024-08-31T00:00:00,2024,8,37,Conflict,19269,22147,Tigray,ET01,SA,Active
67261,Countrywide monitoring,Ethiopia,ETH,Oromia,ET04,,,1,114373,2024-08-31T00:00:00,2024,8,37,Conflict,55593,58780,Somali,ET05,SA,Active
67391,Countrywide monitoring,Ethiopia,ETH,Central Ethiopia,ET07,,,1,2378,2024-08-31T00:00:00,2024,8,37,Other reason,1150,1228,South West Ethiopia,ET11,SA,Active
67365,Countrywide monitoring,Ethiopia,ETH,Contested,ET99,,,1,152,2024-08-31T00:00:00,2024,8,37,Conflict,86,66,Oromia,ET04,SA,Active
67559,Countrywide monitoring,Ethiopia,ETH,Amhara,ET03,,,1,1679,2024-08-31T00:00:00,2024,8,37,Conflict,858,821,Afar,ET02,SA,Active
67447,Countrywide monitoring,Ethiopia,ETH,Tigray,ET01,,,1,6370,2024-08-31T00:00:00,2024,8,37,Conflict,3017,3353,Oromia,ET04,SA,Active
67417,Countrywide monitoring,Ethiopia,ETH,South West Ethiopia People,ET11,,,1,4015,2024-08-31T00:00:00,2024,8,37,Natural disaster,1895,2120,South West Ethiopia,ET11,SA,Active
34174,Countrywide monitoring,Ethiopia,ETH,Tigray,ET01,,,1,1085,2024-08-31T00:00:00,2024,8,37,Conflict,497,588,Not available,Not available,SA,Active
34175,Countrywide monitoring,Ethiopia,ETH,Amhara,ET03,,,1,76369,2024-08-31T00:00:00,2024,8,37,Conflict,35987,40382,Oromia,ET04,SA,Active
34310,Countrywide monitoring,Ethiopia,ETH,Tigray,ET01,,,1,24202,2024-08-31T00:00:00,2024,8,37,Conflict,11475,12727,Afar,ET02,SA,Active
34318,Countrywide monitoring,Ethiopia,ETH,Amhara,ET03,,,1,357,2024-08-31T00:00:00,2024,8,37,Other reason,173,184,Not available,Not available,SA,Active
34264,Countrywide monitoring,Ethiopia,ETH,Central Ethiopia,ET07,,,1,22019,2024-08-31T00:00:00,2024,8,37,Conflict,10697,11322,South West Ethiopia,ET11,SA,Active
34280,Countrywide monitoring,Ethiopia,ETH,Sidama,ET16,,,1,528,2024-08-31T00:00:00,2024,8,37,Natural disaster,240,288,Tigray,ET01,SA,Active
34228,Countrywide monitoring,Ethiopia,ETH,South West Ethiopia People,ET11,,,1,706,2024-08-31T00:00:00,2024,8,37,Conflict,352,354,South West Ethiopia,ET11,SA,Active
42570,Countrywide monitoring,Ethiopia,ETH,Central Ethiopia,ET07,,,1,733,2024-08-31T00:00:00,2024,8,37,Conflict,321,412,South Ethiopian,ET08,SA,Active
34322,Countrywide monitoring,Ethiopia,ETH,Sidama,ET16,,,1,6020,2024-08-31T00:00:00,2024,8,37,Conflict,3021,2999,Oromia,ET04,SA,Active
34320,Countrywide monitoring,Ethiopia,ETH,Sidama,ET16,,,1,4177,2024-08-31T00:00:00,2024,8,37,Conflict,2065,2112,South West Ethiopia,ET11,SA,Active
42675,Countrywide monitoring,Ethiopia,ETH,Amhara,ET03,,,1,36254,2024-08-31T00:00:00,2024,8,37,Conflict,16752,19502,Amhara,ET03,SA,Active
42620,Countrywide monitoring,Ethiopia,ETH,Gambela,ET12,,,1,1480,2024-08-31T00:00:00,2024,8,37,Natural disaster,672,808,Gambela,ET12,SA,Active
42621,Countrywide monitoring,Ethiopia,ETH,Tigray,ET01,,,1,39,2024-08-31T00:00:00,2024,8,37,Conflict,22,17,Addis Ababa,ET14,SA,Active
42709,Countrywide monitoring,Ethiopia,ETH,Oromia,ET04,,,1,50393,2024-08-31T00:00:00,2024,8,37,Conflict,23794,26599,Benishangul-Gumuz,ET06,SA,Active
50890,Countrywide monitoring,Ethiopia,ETH,Afar,ET02,,,1,56194,2024-08-31T00:00:00,2024,8,37,Natural disaster,27308,28886,Afar,ET02,SA,Active
50844,Countrywide monitoring,Ethiopia,ETH,Gambela,ET12,,,1,14763,2024-08-31T00:00:00,2024,8,37,Conflict,7172,7591,Gambela,ET12,SA,Active
50911,Countrywide monitoring,Ethiopia,ETH,Oromia,ET04,,,1,368,2024-08-31T00:00:00,2024,8,37,Conflict,188,180,Not available,Not available,SA,Active
35041,Countrywide monitoring,Ethiopia,ETH,Addis Ababa,ET14,Region 14,ET1401,2,2500,2017-12-31T00:00:00,2017,12,8,Conflict,1314,1186,Somali,ET05,SA,Active
35070,Countrywide monitoring,Ethiopia,ETH,Afar,ET02,Awsi /Zone 1,ET0201,2,10319,2017-12-31T00:00:00,2017,12,8,Natural disaster,4795,5524,Afar,ET02,SA,Active
35132,Countrywide monitoring,Ethiopia,ETH,Afar,ET02,Fanti /Zone 4,ET0204,2,6290,2017-12-31T00:00:00,2017,12,8,Natural disaster,2885,3405,Afar,ET02,SA,Active
35175,Countrywide monitoring,Ethiopia,ETH,Afar,ET02,Gabi /Zone 3,ET0203,2,20954,2017-12-31T00:00:00,2017,12,8,Natural disaster,10889,10065,Afar,ET02,SA,Active
35202,Countrywide monitoring,Ethiopia,ETH,Afar,ET02,Hari /Zone 5,ET0205,2,323,2017-12-31T00:00:00,2017,12,8,Conflict,156,167,Afar,ET02,SA,Active
44689,Countrywide monitoring,Ethiopia,ETH,Oromia,ET04,Bale,ET0411,2,34577,2017-12-31T00:00:00,2017,12,8,Conflict,17144,17433,Oromia,ET04,SA,Active
44699,Countrywide monitoring,Ethiopia,ETH,Oromia,ET04,Bale,ET0411,2,66024,2017-12-31T00:00:00,2017,12,8,Conflict,31973,34051,Somali,ET05,SA,Active
44727,Countrywide monitoring,Ethiopia,ETH,Oromia,ET04,Borena,ET0412,2,9338,2017-12-31T00:00:00,2017,12,8,Natural disaster,4757,4581,Oromia,ET04,SA,Active
44751,Countrywide monitoring,Ethiopia,ETH,Oromia,ET04,Borena,ET0412,2,37265,2017-12-31T00:00:00,2017,12,8,Conflict,18607,18658,Somali,ET05,SA,Active
44787,Countrywide monitoring,Ethiopia,ETH,Oromia,ET04,Borena,ET0412,2,132585,2017-12-31T00:00:00,2017,12,8,Conflict,63834,68751,Oromia,ET04,SA,Active
44861,Countrywide monitoring,Ethiopia,ETH,Oromia,ET04,East Borena,ET0422,2,16195,2017-12-31T00:00:00,2017,12,8,Conflict,7928,8267,Oromia,ET04,SA,Active
44876,Countrywide monitoring,Ethiopia,ETH,Somali,ET05,Jarar,ET0503,2,50655,2017-12-31T00:00:00,2017,12,8,Natural disaster,23383,27272,Somali,ET05,SA,Active
44899,Countrywide monitoring,Ethiopia,ETH,Somali,ET05,Korahe,ET0505,2,17885,2017-12-31T00:00:00,2017,12,8,Natural disaster,7677,10208,Somali,ET05,SA,Active
44929,Countrywide monitoring,Ethiopia,ETH,Somali,ET05,Liban,ET0509,2,1368,2017-12-31T00:00:00,2017,12,8,Natural disaster,715,653,Somali,ET05,SA,Active
44965,Countrywide monitoring,Ethiopia,ETH,Somali,ET05,Liban,ET0509,2,37051,2017-12-31T00:00:00,2017,12,8,Conflict,18421,18630,Somali,ET05,SA,Active
44985,Countrywide monitoring,Ethiopia,ETH,Somali,ET05,Liban,ET0509,2,63434,2017-12-31T00:00:00,2017,12,8,Conflict,28189,35245,Oromia,ET04,SA,Active
45045,Countrywide monitoring,Ethiopia,ETH,Somali,ET05,Nogob,ET0510,2,29085,2017-12-31T00:00:00,2017,12,8,Conflict,13872,15213,Somali,ET05,SA,Active
73688,Countrywide monitoring,Ethiopia,ETH,Amhara,ET03,North Wello,ET0303,2,118,2017-12-31T00:00:00,2017,12,8,Natural disaster,51,67,Amhara,ET03,SA,Active
73757,Countrywide monitoring,Ethiopia,ETH,Amhara,ET03,Oromia,ET0310,2,300,2017-12-31T00:00:00,2017,12,8,Conflict,149,151,Afar,ET02,SA,Active
73760,Countrywide monitoring,Ethiopia,ETH,Amhara,ET03,Oromia,ET0310,2,688,2017-12-31T00:00:00,2017,12,8,Conflict,348,340,Amhara,ET03,SA,Active
73774,Countrywide monitoring,Ethiopia,ETH,Amhara,ET03,Oromia,ET0310,2,1094,2017-12-31T00:00:00,2017,12,8,Natural disaster,549,545,Amhara,ET03,SA,Active
73904,Countrywide monitoring,Ethiopia,ETH,Oromia,ET04,Jimma,ET0404,2,9337,2017-12-31T00:00:00,2017,12,8,Natural disaster,4712,4625,Oromia,ET04,SA,Active
73933,Countrywide monitoring,Ethiopia,ETH,Oromia,ET04,Kelem Wellega,ET0418,2,15842,2017-12-31T00:00:00,2017,12,8,Natural disaster,8241,7601,Oromia,ET04,SA,Active
73961,Countrywide monitoring,Ethiopia,ETH,Oromia,ET04,North Shewa (OR),ET0406,2,125,2017-12-31T00:00:00,2017,12,8,Conflict,60,65,Somali,ET05,SA,Active
74009,Countrywide monitoring,Ethiopia,ETH,Oromia,ET04,Shager City,ET0420,2,3668,2017-12-31T00:00:00,2017,12,8,Natural disaster,1762,1906,Oromia,ET04,SA,Active
74010,Countrywide monitoring,Ethiopia,ETH,Oromia,ET04,Shager City,ET0420,2,6354,2017-12-31T00:00:00,2017,12,8,Other reason,3066,3288,Oromia,ET04,SA,Active
74028,Countrywide monitoring,Ethiopia,ETH,Oromia,ET04,South West Shewa,ET0413,2,105,2017-12-31T00:00:00,2017,12,8,Natural disaster,52,53,Oromia,ET04,SA,Active
74054,Countrywide monitoring,Ethiopia,ETH,Oromia,ET04,South West Shewa,ET0413,2,305,2017-12-31T00:00:00,2017,12,8,Conflict,150,155,Somali,ET05,SA,Active
74130,Countrywide monitoring,Ethiopia,ETH,Tigray,ET01,Central,ET0102,2,3477,2017-12-31T00:00:00,2017,12,8,Conflict,2074,1403,Amhara,ET03,SA,Active
74139,Countrywide monitoring,Ethiopia,ETH,Tigray,ET01,Central,ET0102,2,6302,2017-12-31T00:00:00,2017,12,8,Conflict,2857,3445,Tigray,ET01,SA,Active
74189,Countrywide monitoring,Ethiopia,ETH,Tigray,ET01,Eastern,ET0103,2,682,2017-12-31T00:00:00,2017,12,8,Conflict,313,369,Tigray,ET01,SA,Active
74204,Countrywide monitoring,Ethiopia,ETH,Tigray,ET01,Eastern,ET0103,2,1009,2017-12-31T00:00:00,2017,12,8,Conflict,539,470,Amhara,ET03,SA,Active
79136,Countrywide monitoring,Ethiopia,ETH,Gambela,ET12,Nuwer,ET1201,2,5965,2017-12-31T00:00:00,2017,12,8,Natural disaster,3041,2924,Gambela,ET12,SA,Active
79147,Countrywide monitoring,Ethiopia,ETH,Gambela,ET12,Nuwer,ET1201,2,11460,2017-12-31T00:00:00,2017,12,8,Conflict,5207,6253,Gambela,ET12,SA,Active
79210,Countrywide monitoring,Ethiopia,ETH,Harari,ET13,Harari,ET1301,2,3000,2017-12-31T00:00:00,2017,12,8,Conflict,1527,1473,Somali,ET05,SA,Active
79224,Countrywide monitoring,Ethiopia,ETH,Oromia,ET04,Arsi,ET0408,2,1241,2017-12-31T00:00:00,2017,12,8,Conflict,719,522,Somali,ET05,SA,Active
79282,Countrywide monitoring,Ethiopia,ETH,Oromia,ET04,Arsi,ET0408,2,13450,2017-12-31T00:00:00,2017,12,8,Natural disaster,6777,6673,Oromia,ET04,SA,Active
79283,Countrywide monitoring,Ethiopia,ETH,Oromia,ET04,Bale,ET0411,2,83,2017-12-31T00:00:00,2017,12,8,Natural disaster,50,33,Oromia,ET04,SA,Active
79324,Countrywide monitoring,Ethiopia,ETH,Somali,ET05,Erer,ET0504,2,641,2017-12-31T00:00:00,2017,12,8,Conflict,270,371,Oromia,ET04,SA,Active
79359,Countrywide monitoring,Ethiopia,ETH,Somali,ET05,Erer,ET0504,2,25700,2017-12-31T00:00:00,2017,12,8,Natural disaster,10826,14874,Somali,ET05,SA,Active
79388,Countrywide monitoring,Ethiopia,ETH,Somali,ET05,Fafan,ET0502,2,2065,2017-12-31T00:00:00,2017,12,8,Conflict,975,1090,Somali,ET05,SA,Active
79410,Countrywide monitoring,Ethiopia,ETH,Somali,ET05,Fafan,ET0502,2,9009,2017-12-31T00:00:00,2017,12,8,Natural disaster,4207,4802,Somali,ET05,SA,Active
79442,Countrywide monitoring,Ethiopia,ETH,Somali,ET05,Fafan,ET0502,2,110547,2017-12-31T00:00:00,2017,12,8,Conflict,55095,55452,Oromia,ET04,SA,Active
131005,Countrywide monitoring,Ethiopia,ETH,Afar,ET02,Hari /Zone 5,ET0205,2,1995,2017-12-31T00:00:00,2017,12,8,Conflict,1040,955,Amhara,ET03,SA,Active
131027,Countrywide monitoring,Ethiopia,ETH,Afar,ET02,Hari /Zone 5,ET0205,2,2902,2017-12-31T00:00:00,2017,12,8,Natural disaster,1476,1426,Afar,ET02,SA,Active
131042,Countrywide monitoring,Ethiopia,ETH,Afar,ET02,Kilbati /Zone2,ET0202,2,902,2017-12-31T00:00:00,2017,12,8,Conflict,468,434,Afar,ET02,SA,Active
131079,Countrywide monitoring,Ethiopia,ETH,Afar,ET02,Kilbati /Zone2,ET0202,2,9248,2017-12-31T00:00:00,2017,12,8,Natural disaster,4746,4502,Afar,ET02,SA,Active
131209,Countrywide monitoring,Ethiopia,ETH,Oromia,ET04,East Borena,ET0422,2,55268,2017-12-31T00:00:00,2017,12,8,Natural disaster,27468,27800,Oromia,ET04,SA,Active
131280,Countrywide monitoring,Ethiopia,ETH,Oromia,ET04,East Hararge,ET0410,2,91803,2017-12-31T00:00:00,2017,12,8,Conflict,45727,46076,Somali,ET05,SA,Active
131289,Countrywide monitoring,Ethiopia,ETH,Oromia,ET04,East Hararge,ET0410,2,117362,2017-12-31T00:00:00,2017,12,8,Conflict,57149,60213,Oromia,ET04,SA,Active
131316,Countrywide monitoring,Ethiopia,ETH,Oromia,ET04,East Shewa,ET0407,2,1870,2017-12-31T00:00:00,2017,12,8,Natural disaster,895,975,Oromia,ET04,SA,Active
131321,Countrywide monitoring,Ethiopia,ETH,Oromia,ET04,East Shewa,ET0407,2,3165,2017-12-31T00:00:00,2017,12,8,Conflict,1712,1453,Somali,ET05,SA,Active
131376,Countrywide monitoring,Ethiopia,ETH,Somali,ET05,Nogob,ET0510,2,153639,2017-12-31T00:00:00,2017,12,8,Conflict,71659,81980,Oromia,ET04,SA,Active
131399,Countrywide monitoring,Ethiopia,ETH,Somali,ET05,Shabelle,ET0506,2,32482,2017-12-31T00:00:00,2017,12,8,Natural disaster,15330,17152,Somali,ET05,SA,Active
131429,Countrywide monitoring,Ethiopia,ETH,Somali,ET05,Siti,ET0501,2,2460,2017-12-31T00:00:00,2017,12,8,Conflict,1240,1220,Somali,ET05,SA,Active
131440,Countrywide monitoring,Ethiopia,ETH,Somali,ET05,Siti,ET0501,2,6298,2017-12-31T00:00:00,2017,12,8,Conflict,3315,2983,Afar,ET02,SA,Active
131445,Countrywide monitoring,Ethiopia,ETH,Somali,ET05,Siti,ET0501,2,10822,2017-12-31T00:00:00,2017,12,8,Conflict,5524,5298,Oromia,ET04,SA,Active
131503,Countrywide monitoring,Ethiopia,ETH,Somali,ET05,Siti,ET0501,2,64615,2017-12-31T00:00:00,2017,12,8,Natural disaster,33909,30706,Somali,ET05,SA,Active
135190,Countrywide monitoring,Ethiopia,ETH,Dire Dawa,ET15,Dire Dawa urban,ET1501,2,4666,2017-12-31T00:00:00,2017,12,8,Conflict,2377,2289,Somali,ET05,SA,Active
135207,Countrywide monitoring,Ethiopia,ETH,Gambela,ET12,Agnewak,ET1202,2,185,2017-12-31T00:00:00,2017,12,8,Natural disaster,89,96,Gambela,ET12,SA,Active
135222,Countrywide monitoring,Ethiopia,ETH,Gambela,ET12,Agnewak,ET1202,2,2820,2017-12-31T00:00:00,2017,12,8,Conflict,1306,1514,Gambela,ET12,SA,Active
135252,Countrywide monitoring,Ethiopia,ETH,Gambela,ET12,Itang Special woreda,ET1204,2,1140,2017-12-31T00:00:00,2017,12,8,Conflict,533,607,Gambela,ET12,SA,Active
135311,Countrywide monitoring,Ethiopia,ETH,Somali,ET05,Afder,ET0508,2,46695,2017-12-31T00:00:00,2017,12,8,Natural disaster,20778,25917,Somali,ET05,SA,Active
135341,Countrywide monitoring,Ethiopia,ETH,Somali,ET05,Daawa,ET0511,2,393,2017-12-31T00:00:00,2017,12,8,Conflict,188,205,Somali,ET05,SA,Active
135363,Countrywide monitoring,Ethiopia,ETH,Somali,ET05,Daawa,ET0511,2,1720,2017-12-31T00:00:00,2017,12,8,Natural disaster,791,929,Somali,ET05,SA,Active
135394,Countrywide monitoring,Ethiopia,ETH,Somali,ET05,Daawa,ET0511,2,40024,2017-12-31T00:00:00,2017,12,8,Conflict,19215,20809,Oromia,ET04,SA,Active
135466,Countrywide monitoring,Ethiopia,ETH,Somali,ET05,Doolo,ET0507,2,95896,2017-12-31T00:00:00,2017,12,8,Natural disaster,49294,46602,Somali,ET05,SA,Active
136829,Countrywide monitoring,Ethiopia,ETH,Oromia,ET04,West Hararge,ET0409,2,20576,2017-12-31T00:00:00,2017,12,8,Conflict,10072,10504,Somali,ET05,SA,Active
136836,Countrywide monitoring,Ethiopia,ETH,Oromia,ET04,West Hararge,ET0409,2,26625,2017-12-31T00:00:00,2017,12,8,Conflict,13121,13504,Oromia,ET04,SA,Active
136877,Countrywide monitoring,Ethiopia,ETH,Oromia,ET04,West Shewa,ET0405,2,570,2017-12-31T00:00:00,2017,12,8,Conflict,284,286,Somali,ET05,SA,Active
137002,Countrywide monitoring,Ethiopia,ETH,Somali,ET05,Afder,ET0508,2,4429,2017-12-31T00:00:00,2017,12,8,Conflict,2050,2379,Oromia,ET04,SA,Active
137026,Countrywide monitoring,Ethiopia,ETH,Tigray,ET01,Western,ET0105,2,1008,2017-12-31T00:00:00,2017,12,8,Conflict,615,393,Amhara,ET03,SA,Active
138057,Countrywide monitoring,Ethiopia,ETH,Amhara,ET03,South Wello,ET0304,2,1407,2017-12-31T00:00:00,2017,12,8,Natural disaster,582,825,Amhara,ET03,SA,Active
138083,Countrywide monitoring,Ethiopia,ETH,Amhara,ET03,Wag Hamra,ET0308,2,175,2017-12-31T00:00:00,2017,12,8,Natural disaster,80,95,Amhara,ET03,SA,Active
138140,Countrywide monitoring,Ethiopia,ETH,Amhara,ET03,West Gojam,ET0307,2,384,2017-12-31T00:00:00,2017,12,8,Conflict,171,213,Amhara,ET03,SA,Active
138282,Countrywide monitoring,Ethiopia,ETH,Oromia,ET04,West Arsi,ET0417,2,1100,2017-12-31T00:00:00,2017,12,8,Natural disaster,539,561,Oromia,ET04,SA,Active
138285,Countrywide monitoring,Ethiopia,ETH,Oromia,ET04,West Arsi,ET0417,2,1150,2017-12-31T00:00:00,2017,12,8,Conflict,572,578,Oromia,ET04,SA,Active
138289,Countrywide monitoring,Ethiopia,ETH,Oromia,ET04,West Arsi,ET0417,2,1318,2017-12-31T00:00:00,2017,12,8,Conflict,684,634,Somali,ET05,SA,Active
140764,Countrywide monitoring,Ethiopia,ETH,Amhara,ET03,East Gojam,ET0306,2,391,2017-12-31T00:00:00,2017,12,8,Natural disaster,178,213,Amhara,ET03,SA,Active
140816,Countrywide monitoring,Ethiopia,ETH,Amhara,ET03,North Gondar,ET0301,2,6746,2017-12-31T00:00:00,2017,12,8,Conflict,3025,3721,Amhara,ET03,SA,Active
140853,Countrywide monitoring,Ethiopia,ETH,Amhara,ET03,North Shewa (AM),ET0305,2,266,2017-12-31T00:00:00,2017,12,8,Natural disaster,150,116,Amhara,ET03,SA,Active
140922,Countrywide monitoring,Ethiopia,ETH,Oromia,ET04,East Wellega,ET0402,2,33930,2017-12-31T00:00:00,2017,12,8,Natural disaster,16424,17506,Oromia,ET04,SA,Active
140984,Countrywide monitoring,Ethiopia,ETH,Oromia,ET04,Guji,ET0414,2,1455,2017-12-31T00:00:00,2017,12,8,Economic reasons,730,725,Somali,ET05,SA,Active
140993,Countrywide monitoring,Ethiopia,ETH,Oromia,ET04,Guji,ET0414,2,4406,2017-12-31T00:00:00,2017,12,8,Economic reasons,2253,2153,Oromia,ET04,SA,Active
140995,Countrywide monitoring,Ethiopia,ETH,Oromia,ET04,Guji,ET0414,2,4688,2017-12-31T00:00:00,2017,12,8,Conflict,2567,2121,Somali,ET05,SA,Active
141039,Countrywide monitoring,Ethiopia,ETH,Oromia,ET04,Guji,ET0414,2,60462,2017-12-31T00:00:00,2017,12,8,Conflict,33640,26822,Oromia,ET04,SA,Active
147522,Countrywide monitoring,Ethiopia,ETH,Tigray,ET01,Mekelle,ET0107,2,3406,2017-12-31T00:00:00,2017,12,8,Conflict,2039,1367,Amhara,ET03,SA,Active
147560,Countrywide monitoring,Ethiopia,ETH,Tigray,ET01,North Western,ET0101,2,2600,2017-12-31T00:00:00,2017,12,8,Conflict,1418,1182,Amhara,ET03,SA,Active
147581,Countrywide monitoring,Ethiopia,ETH,Tigray,ET01,South Eastern,ET0106,2,39,2017-12-31T00:00:00,2017,12,8,Conflict,21,18,Amhara,ET03,SA,Active
147593,Countrywide monitoring,Ethiopia,ETH,Tigray,ET01,South Eastern,ET0106,2,253,2017-12-31T00:00:00,2017,12,8,Conflict,156,97,Oromia,ET04,SA,Active
147656,Countrywide monitoring,Ethiopia,ETH,Tigray,ET01,Southern,ET0104,2,179,2017-12-31T00:00:00,2017,12,8,Conflict,109,70,Oromia,ET04,SA,Active
147665,Countrywide monitoring,Ethiopia,ETH,Tigray,ET01,Southern,ET0104,2,316,2017-12-31T00:00:00,2017,12,8,Conflict,200,116,Amhara,ET03,SA,Active
147687,Countrywide monitoring,Ethiopia,ETH,Tigray,ET01,Southern,ET0104,2,1481,2017-12-31T00:00:00,2017,12,8,Natural disaster,829,652,Tigray,ET01,SA,Active
147677,Countrywide monitoring,Ethiopia,ETH,Tigray,ET01,Southern,ET0104,2,1168,2018-02-28T00:00:00,2018,2,9,Natural disaster,673,495,Tigray,ET01,SA,Active
147666,Countrywide monitoring,Ethiopia,ETH,Tigray,ET01,Southern,ET0104,2,361,2018-02-28T00:00:00,2018,2,9,Conflict,203,158,Oromia,ET04,SA,Active
147668,Countrywide monitoring,Ethiopia,ETH,Tigray,ET01,Southern,ET0104,2,436,2018-02-28T00:00:00,2018,2,9,Conflict,264,172,Amhara,ET03,SA,Active
150267,Countrywide monitoring,Ethiopia,ETH,South Ethiopia People,ET08,Gedeo,ET0811,2,897,2018-02-28T00:00:00,2018,2,9,Conflict,583,314,Not available,Not available,SA,Active
147595,Countrywide monitoring,Ethiopia,ETH,Tigray,ET01,South Eastern,ET0106,2,293,2018-02-28T00:00:00,2018,2,9,Conflict,177,116,Oromia,ET04,SA,Active
147582,Countrywide monitoring,Ethiopia,ETH,Tigray,ET01,South Eastern,ET0106,2,53,2018-02-28T00:00:00,2018,2,9,Conflict,30,23,Amhara,ET03,SA,Active
147561,Countrywide monitoring,Ethiopia,ETH,Tigray,ET01,North Western,ET0101,2,3407,2018-02-28T00:00:00,2018,2,9,Conflict,2016,1391,Amhara,ET03,SA,Active
147526,Countrywide monitoring,Ethiopia,ETH,Tigray,ET01,Mekelle,ET0107,2,4233,2018-02-28T00:00:00,2018,2,9,Conflict,2460,1773,Amhara,ET03,SA,Active
146181,Countrywide monitoring,Ethiopia,ETH,Tigray,ET01,Western,ET0105,2,1008,2018-02-28T00:00:00,2018,2,9,Conflict,615,393,Amhara,ET03,SA,Active
141035,Countrywide monitoring,Ethiopia,ETH,Oromia,ET04,Guji,ET0414,2,56400,2018-02-28T00:00:00,2018,2,9,Conflict,27857,28543,Oromia,ET04,SA,Active
141087,Countrywide monitoring,Ethiopia,ETH,Oromia,ET04,Jimma,ET0404,2,3956,2018-02-28T00:00:00,2018,2,9,Other reason,1889,2067,Oromia,ET04,SA,Active
140994,Countrywide monitoring,Ethiopia,ETH,Oromia,ET04,Guji,ET0414,2,4596,2018-02-28T00:00:00,2018,2,9,Other reason,2276,2320,Oromia,ET04,SA,Active
140990,Countrywide monitoring,Ethiopia,ETH,Oromia,ET04,Guji,ET0414,2,3641,2018-02-28T00:00:00,2018,2,9,Conflict,1850,1791,Somali,ET05,SA,Active
140982,Countrywide monitoring,Ethiopia,ETH,Oromia,ET04,Guji,ET0414,2,1307,2018-02-28T00:00:00,2018,2,9,Other reason,666,641,Somali,ET05,SA,Active
140916,Countrywide monitoring,Ethiopia,ETH,Amhara,ET03,North Wello,ET0303,2,106,2018-02-28T00:00:00,2018,2,9,Other reason,46,60,Amhara,ET03,SA,Active
140854,Countrywide monitoring,Ethiopia,ETH,Amhara,ET03,North Shewa (AM),ET0305,2,270,2018-02-28T00:00:00,2018,2,9,Natural disaster,150,120,Amhara,ET03,SA,Active
140817,Countrywide monitoring,Ethiopia,ETH,Amhara,ET03,North Gondar,ET0301,2,6751,2018-02-28T00:00:00,2018,2,9,Conflict,3107,3644,Amhara,ET03,SA,Active
140763,Countrywide monitoring,Ethiopia,ETH,Amhara,ET03,East Gojam,ET0306,2,390,2018-02-28T00:00:00,2018,2,9,Natural disaster,201,189,Amhara,ET03,SA,Active
138290,Countrywide monitoring,Ethiopia,ETH,Oromia,ET04,West Arsi,ET0417,2,1370,2018-02-28T00:00:00,2018,2,9,Natural disaster,684,686,Oromia,ET04,SA,Active
138284,Countrywide monitoring,Ethiopia,ETH,Oromia,ET04,West Arsi,ET0417,2,1145,2018-02-28T00:00:00,2018,2,9,Conflict,568,577,Oromia,ET04,SA,Active
138296,Countrywide monitoring,Ethiopia,ETH,Oromia,ET04,West Arsi,ET0417,2,1770,2018-02-28T00:00:00,2018,2,9,Conflict,911,859,Somali,ET05,SA,Active
138141,Countrywide monitoring,Ethiopia,ETH,Amhara,ET03,West Gojam,ET0307,2,385,2018-02-28T00:00:00,2018,2,9,Conflict,196,189,Amhara,ET03,SA,Active
138091,Countrywide monitoring,Ethiopia,ETH,Amhara,ET03,Wag Hamra,ET0308,2,273,2018-02-28T00:00:00,2018,2,9,Natural disaster,130,143,Amhara,ET03,SA,Active
138049,Countrywide monitoring,Ethiopia,ETH,Amhara,ET03,South Wello,ET0304,2,1000,2018-02-28T00:00:00,2018,2,9,Natural disaster,500,500,Amhara,ET03,SA,Active
137001,Countrywide monitoring,Ethiopia,ETH,Somali,ET05,Afder,ET0508,2,4358,2018-02-28T00:00:00,2018,2,9,Conflict,2141,2217,Oromia,ET04,SA,Active
136844,Countrywide monitoring,Ethiopia,ETH,Oromia,ET04,West Hararge,ET0409,2,58893,2018-02-28T00:00:00,2018,2,9,Conflict,28923,29970,Oromia,ET04,SA,Active
136856,Countrywide monitoring,Ethiopia,ETH,Oromia,ET04,West Shewa,ET0405,2,305,2018-02-28T00:00:00,2018,2,9,Conflict,144,161,Somali,ET05,SA,Active
136849,Countrywide monitoring,Ethiopia,ETH,Oromia,ET04,West Shewa,ET0405,2,115,2018-02-28T00:00:00,2018,2,9,Natural disaster,56,59,Oromia,ET04,SA,Active
136830,Countrywide monitoring,Ethiopia,ETH,Oromia,ET04,West Hararge,ET0409,2,20612,2018-02-28T00:00:00,2018,2,9,Conflict,9872,10740,Somali,ET05,SA,Active
135469,Countrywide monitoring,Ethiopia,ETH,Somali,ET05,Erer,ET0504,2,566,2018-02-28T00:00:00,2018,2,9,Conflict,255,311,Oromia,ET04,SA,Active
135456,Countrywide monitoring,Ethiopia,ETH,Somali,ET05,Doolo,ET0507,2,84989,2018-02-28T00:00:00,2018,2,9,Natural disaster,42496,42493,Somali,ET05,SA,Active
135398,Countrywide monitoring,Ethiopia,ETH,Somali,ET05,Daawa,ET0511,2,43651,2018-02-28T00:00:00,2018,2,9,Conflict,20226,23425,Oromia,ET04,SA,Active
135353,Countrywide monitoring,Ethiopia,ETH,Somali,ET05,Daawa,ET0511,2,1288,2018-02-28T00:00:00,2018,2,9,Natural disaster,578,710,Somali,ET05,SA,Active
135314,Countrywide monitoring,Ethiopia,ETH,Somali,ET05,Afder,ET0508,2,52355,2018-02-28T00:00:00,2018,2,9,Natural disaster,25262,27093,Somali,ET05,SA,Active
135253,Countrywide monitoring,Ethiopia,ETH,Gambela,ET12,Itang Special woreda,ET1204,2,1140,2018-02-28T00:00:00,2018,2,9,Conflict,568,572,Gambela,ET12,SA,Active
135276,Countrywide monitoring,Ethiopia,ETH,Gambela,ET12,Nuwer,ET1201,2,2675,2018-02-28T00:00:00,2018,2,9,Natural disaster,1418,1257,Gambela,ET12,SA,Active
135223,Countrywide monitoring,Ethiopia,ETH,Gambela,ET12,Agnewak,ET1202,2,2820,2018-02-28T00:00:00,2018,2,9,Conflict,1336,1484,Gambela,ET12,SA,Active
135198,Countrywide monitoring,Ethiopia,ETH,Dire Dawa,ET15,Dire Dawa urban,ET1501,2,6675,2018-02-28T00:00:00,2018,2,9,Conflict,3636,3039,Oromia,ET04,SA,Active
135199,Countrywide monitoring,Ethiopia,ETH,Dire Dawa,ET15,Dire Dawa urban,ET1501,2,8385,2018-02-28T00:00:00,2018,2,9,Conflict,4110,4275,Somali,ET05,SA,Active
131506,Countrywide monitoring,Ethiopia,ETH,Somali,ET05,Siti,ET0501,2,67837,2018-02-28T00:00:00,2018,2,9,Natural disaster,36678,31159,Somali,ET05,SA,Active
131461,Countrywide monitoring,Ethiopia,ETH,Somali,ET05,Siti,ET0501,2,18701,2018-02-28T00:00:00,2018,2,9,Conflict,9929,8772,Oromia,ET04,SA,Active
131398,Countrywide monitoring,Ethiopia,ETH,Somali,ET05,Shabelle,ET0506,2,28167,2018-02-28T00:00:00,2018,2,9,Natural disaster,11791,16376,Somali,ET05,SA,Active
131369,Countrywide monitoring,Ethiopia,ETH,Somali,ET05,Nogob,ET0510,2,95173,2018-02-28T00:00:00,2018,2,9,Conflict,46099,49074,Somali,ET05,SA,Active
131373,Countrywide monitoring,Ethiopia,ETH,Somali,ET05,Nogob,ET0510,2,115926,2018-02-28T00:00:00,2018,2,9,Conflict,56542,59384,Oromia,ET04,SA,Active
131297,Countrywide monitoring,Ethiopia,ETH,Oromia,ET04,East Shewa,ET0407,2,585,2018-02-28T00:00:00,2018,2,9,Natural disaster,320,265,Oromia,ET04,SA,Active
131309,Countrywide monitoring,Ethiopia,ETH,Oromia,ET04,East Shewa,ET0407,2,1161,2018-02-28T00:00:00,2018,2,9,Conflict,608,553,Somali,ET05,SA,Active
131349,Countrywide monitoring,Ethiopia,ETH,Oromia,ET04,East Wellega,ET0402,2,22933,2018-02-28T00:00:00,2018,2,9,Natural disaster,12294,10639,Oromia,ET04,SA,Active
131285,Countrywide monitoring,Ethiopia,ETH,Oromia,ET04,East Hararge,ET0410,2,102640,2018-02-28T00:00:00,2018,2,9,Conflict,49567,53073,Oromia,ET04,SA,Active
131288,Countrywide monitoring,Ethiopia,ETH,Oromia,ET04,East Hararge,ET0410,2,107605,2018-02-28T00:00:00,2018,2,9,Conflict,52360,55245,Somali,ET05,SA,Active
131197,Countrywide monitoring,Ethiopia,ETH,Oromia,ET04,East Borena,ET0422,2,38708,2018-02-28T00:00:00,2018,2,9,Natural disaster,18181,20527,Oromia,ET04,SA,Active
131203,Countrywide monitoring,Ethiopia,ETH,Oromia,ET04,East Borena,ET0422,2,46826,2018-02-28T00:00:00,2018,2,9,Conflict,23372,23454,Oromia,ET04,SA,Active
131050,Countrywide monitoring,Ethiopia,ETH,Afar,ET02,Kilbati /Zone2,ET0202,2,1680,2018-02-28T00:00:00,2018,2,9,Conflict,888,792,Afar,ET02,SA,Active
131057,Countrywide monitoring,Ethiopia,ETH,Afar,ET02,Kilbati /Zone2,ET0202,2,2160,2018-02-28T00:00:00,2018,2,9,Other reason,1119,1041,Afar,ET02,SA,Active
131071,Countrywide monitoring,Ethiopia,ETH,Afar,ET02,Kilbati /Zone2,ET0202,2,7421,2018-02-28T00:00:00,2018,2,9,Natural disaster,3794,3627,Afar,ET02,SA,Active
131025,Countrywide monitoring,Ethiopia,ETH,Afar,ET02,Hari /Zone 5,ET0205,2,2778,2018-02-28T00:00:00,2018,2,9,Natural disaster,1352,1426,Afar,ET02,SA,Active
131007,Countrywide monitoring,Ethiopia,ETH,Afar,ET02,Hari /Zone 5,ET0205,2,2004,2018-02-28T00:00:00,2018,2,9,Conflict,1037,967,Amhara,ET03,SA,Active
79412,Countrywide monitoring,Ethiopia,ETH,Somali,ET05,Fafan,ET0502,2,9258,2018-02-28T00:00:00,2018,2,9,Natural disaster,4678,4580,Somali,ET05,SA,Active
79447,Countrywide monitoring,Ethiopia,ETH,Somali,ET05,Fafan,ET0502,2,115330,2018-02-28T00:00:00,2018,2,9,Conflict,54555,60775,Oromia,ET04,SA,Active
79356,Countrywide monitoring,Ethiopia,ETH,Somali,ET05,Erer,ET0504,2,24611,2018-02-28T00:00:00,2018,2,9,Natural disaster,10848,13763,Somali,ET05,SA,Active
79284,Countrywide monitoring,Ethiopia,ETH,Oromia,ET04,Bale,ET0411,2,103,2018-02-28T00:00:00,2018,2,9,Natural disaster,59,44,Oromia,ET04,SA,Active
79278,Countrywide monitoring,Ethiopia,ETH,Oromia,ET04,Arsi,ET0408,2,3085,2018-02-28T00:00:00,2018,2,9,Natural disaster,1535,1550,Oromia,ET04,SA,Active
79229,Countrywide monitoring,Ethiopia,ETH,Oromia,ET04,Arsi,ET0408,2,1477,2018-02-28T00:00:00,2018,2,9,Conflict,872,605,Somali,ET05,SA,Active
79221,Countrywide monitoring,Ethiopia,ETH,Oromia,ET04,Arsi,ET0408,2,900,2018-02-28T00:00:00,2018,2,9,Other reason,494,406,Oromia,ET04,SA,Active
79161,Countrywide monitoring,Ethiopia,ETH,Gambela,ET12,Nuwer,ET1201,2,16274,2018-02-28T00:00:00,2018,2,9,Conflict,8284,7990,Gambela,ET12,SA,Active
79188,Countrywide monitoring,Ethiopia,ETH,Harari,ET13,Harari,ET1301,2,590,2018-02-28T00:00:00,2018,2,9,Conflict,264,326,Somali,ET05,SA,Active
74205,Countrywide monitoring,Ethiopia,ETH,Tigray,ET01,Eastern,ET0103,2,1018,2018-02-28T00:00:00,2018,2,9,Conflict,537,481,Amhara,ET03,SA,Active
74190,Countrywide monitoring,Ethiopia,ETH,Tigray,ET01,Eastern,ET0103,2,682,2018-02-28T00:00:00,2018,2,9,Conflict,313,369,Tigray,ET01,SA,Active
74140,Countrywide monitoring,Ethiopia,ETH,Tigray,ET01,Central,ET0102,2,6304,2018-02-28T00:00:00,2018,2,9,Conflict,2857,3447,Tigray,ET01,SA,Active
74131,Countrywide monitoring,Ethiopia,ETH,Tigray,ET01,Central,ET0102,2,3525,2018-02-28T00:00:00,2018,2,9,Conflict,2089,1436,Amhara,ET03,SA,Active
74040,Countrywide monitoring,Ethiopia,ETH,Oromia,ET04,South West Shewa,ET0413,2,186,2018-02-28T00:00:00,2018,2,9,Conflict,89,97,Somali,ET05,SA,Active
74014,Countrywide monitoring,Ethiopia,ETH,Oromia,ET04,Shager City,ET0420,2,9898,2018-02-28T00:00:00,2018,2,9,Other reason,4996,4902,Oromia,ET04,SA,Active
74000,Countrywide monitoring,Ethiopia,ETH,Oromia,ET04,Shager City,ET0420,2,255,2018-02-28T00:00:00,2018,2,9,Conflict,126,129,Somali,ET05,SA,Active
73952,Countrywide monitoring,Ethiopia,ETH,Oromia,ET04,North Shewa (OR),ET0406,2,52,2018-02-28T00:00:00,2018,2,9,Conflict,24,28,Somali,ET05,SA,Active
73935,Countrywide monitoring,Ethiopia,ETH,Oromia,ET04,Kelem Wellega,ET0418,2,17325,2018-02-28T00:00:00,2018,2,9,Natural disaster,9230,8095,Oromia,ET04,SA,Active
73917,Countrywide monitoring,Ethiopia,ETH,Oromia,ET04,Kelem Wellega,ET0418,2,27,2018-02-28T00:00:00,2018,2,9,Conflict,21,6,Somali,ET05,SA,Active
73775,Countrywide monitoring,Ethiopia,ETH,Amhara,ET03,Oromia,ET0310,2,1113,2018-02-28T00:00:00,2018,2,9,Conflict,566,547,Amhara,ET03,SA,Active
73758,Countrywide monitoring,Ethiopia,ETH,Amhara,ET03,Oromia,ET0310,2,300,2018-02-28T00:00:00,2018,2,9,Conflict,149,151,Afar,ET02,SA,Active
73773,Countrywide monitoring,Ethiopia,ETH,Amhara,ET03,Oromia,ET0310,2,1060,2018-02-28T00:00:00,2018,2,9,Natural disaster,526,534,Amhara,ET03,SA,Active
73853,Countrywide monitoring,Ethiopia,ETH,Amhara,ET03,South Wello,ET0304,2,120,2018-02-28T00:00:00,2018,2,9,Conflict,56,64,Oromia,ET04,SA,Active
73865,Countrywide monitoring,Ethiopia,ETH,Amhara,ET03,South Wello,ET0304,2,332,2018-02-28T00:00:00,2018,2,9,Conflict,164,168,Amhara,ET03,SA,Active
73877,Countrywide monitoring,Ethiopia,ETH,Oromia,ET04,Jimma,ET0404,2,5460,2018-02-28T00:00:00,2018,2,9,Natural disaster,2510,2950,Oromia,ET04,SA,Active
44988,Countrywide monitoring,Ethiopia,ETH,Somali,ET05,Liban,ET0509,2,67966,2018-02-28T00:00:00,2018,2,9,Conflict,34293,33673,Oromia,ET04,SA,Active
44955,Countrywide monitoring,Ethiopia,ETH,Somali,ET05,Liban,ET0509,2,26483,2018-02-28T00:00:00,2018,2,9,Conflict,13592,12891,Somali,ET05,SA,Active
44931,Countrywide monitoring,Ethiopia,ETH,Somali,ET05,Liban,ET0509,2,1490,2018-02-28T00:00:00,2018,2,9,Natural disaster,712,778,Somali,ET05,SA,Active
44904,Countrywide monitoring,Ethiopia,ETH,Somali,ET05,Korahe,ET0505,2,20644,2018-02-28T00:00:00,2018,2,9,Natural disaster,10661,9983,Somali,ET05,SA,Active
44877,Countrywide monitoring,Ethiopia,ETH,Somali,ET05,Jarar,ET0503,2,53859,2018-02-28T00:00:00,2018,2,9,Natural disaster,27752,26107,Somali,ET05,SA,Active
44859,Countrywide monitoring,Ethiopia,ETH,Oromia,ET04,East Borena,ET0422,2,5688,2018-02-28T00:00:00,2018,2,9,Natural disaster,2832,2856,Not available,Not available,SA,Active
44783,Countrywide monitoring,Ethiopia,ETH,Oromia,ET04,Borena,ET0412,2,126888,2018-02-28T00:00:00,2018,2,9,Conflict,63735,63153,Oromia,ET04,SA,Active
44724,Countrywide monitoring,Ethiopia,ETH,Oromia,ET04,Borena,ET0412,2,5995,2018-02-28T00:00:00,2018,2,9,Other reason,2823,3172,Oromia,ET04,SA,Active
44715,Countrywide monitoring,Ethiopia,ETH,Oromia,ET04,Borena,ET0412,2,2426,2018-02-28T00:00:00,2018,2,9,Natural disaster,959,1467,Oromia,ET04,SA,Active
44700,Countrywide monitoring,Ethiopia,ETH,Oromia,ET04,Bale,ET0411,2,70843,2018-02-28T00:00:00,2018,2,9,Conflict,35320,35523,Somali,ET05,SA,Active
44695,Countrywide monitoring,Ethiopia,ETH,Oromia,ET04,Bale,ET0411,2,52146,2018-02-28T00:00:00,2018,2,9,Conflict,25587,26559,Oromia,ET04,SA,Active
35203,Countrywide monitoring,Ethiopia,ETH,Afar,ET02,Hari /Zone 5,ET0205,2,324,2018-02-28T00:00:00,2018,2,9,Conflict,174,150,Afar,ET02,SA,Active
35176,Countrywide monitoring,Ethiopia,ETH,Afar,ET02,Gabi /Zone 3,ET0203,2,21480,2018-02-28T00:00:00,2018,2,9,Natural disaster,10602,10878,Afar,ET02,SA,Active
35186,Countrywide monitoring,Ethiopia,ETH,Afar,ET02,Hari /Zone 5,ET0205,2,186,2018-02-28T00:00:00,2018,2,9,Other reason,96,90,Afar,ET02,SA,Active
35120,Countrywide monitoring,Ethiopia,ETH,Afar,ET02,Fanti /Zone 4,ET0204,2,3336,2018-02-28T00:00:00,2018,2,9,Other reason,1696,1640,Afar,ET02,SA,Active
35064,Countrywide monitoring,Ethiopia,ETH,Afar,ET02,Awsi /Zone 1,ET0201,2,8275,2018-02-28T00:00:00,2018,2,9,Natural disaster,4081,4194,Afar,ET02,SA,Active
35042,Countrywide monitoring,Ethiopia,ETH,Addis Ababa,ET14,Region 14,ET1401,2,5720,2018-02-28T00:00:00,2018,2,9,Conflict,2803,2917,Somali,ET05,SA,Active
35113,Countrywide monitoring,Ethiopia,ETH,Afar,ET02,Fanti /Zone 4,ET0204,2,3079,2018-02-28T00:00:00,2018,2,9,Natural disaster,1598,1481,Afar,ET02,SA,Active
35115,Countrywide monitoring,Ethiopia,ETH,Afar,ET02,Fanti /Zone 4,ET0204,2,3098,2018-04-30T00:00:00,2018,4,10,Natural disaster,1554,1544,Afar,ET02,SA,Active
35045,Countrywide monitoring,Ethiopia,ETH,Addis Ababa,ET14,Region 14,ET1401,2,6355,2018-04-30T00:00:00,2018,4,10,Conflict,2996,3359,Somali,ET05,SA,Active
35074,Countrywide monitoring,Ethiopia,ETH,Afar,ET02,Awsi /Zone 1,ET0201,2,11968,2018-04-30T00:00:00,2018,4,10,Natural disaster,5900,6068,Afar,ET02,SA,Active
35121,Countrywide monitoring,Ethiopia,ETH,Afar,ET02,Fanti /Zone 4,ET0204,2,3336,2018-04-30T00:00:00,2018,4,10,Other reason,1644,1692,Afar,ET02,SA,Active
35187,Countrywide monitoring,Ethiopia,ETH,Afar,ET02,Hari /Zone 5,ET0205,2,186,2018-04-30T00:00:00,2018,4,10,Other reason,97,89,Afar,ET02,SA,Active
35177,Countrywide monitoring,Ethiopia,ETH,Afar,ET02,Gabi /Zone 3,ET0203,2,21480,2018-04-30T00:00:00,2018,4,10,Natural disaster,10798,10682,Afar,ET02,SA,Active
35207,Countrywide monitoring,Ethiopia,ETH,Afar,ET02,Hari /Zone 5,ET0205,2,733,2018-04-30T00:00:00,2018,4,10,Conflict,391,342,Afar,ET02,SA,Active
44701,Countrywide monitoring,Ethiopia,ETH,Oromia,ET04,Bale,ET0411,2,74169,2018-04-30T00:00:00,2018,4,10,Conflict,36997,37172,Somali,ET05,SA,Active
44694,Countrywide monitoring,Ethiopia,ETH,Oromia,ET04,Bale,ET0411,2,49756,2018-04-30T00:00:00,2018,4,10,Conflict,23714,26042,Oromia,ET04,SA,Active
44716,Countrywide monitoring,Ethiopia,ETH,Oromia,ET04,Borena,ET0412,2,2606,2018-04-30T00:00:00,2018,4,10,Natural disaster,1485,1121,Oromia,ET04,SA,Active
44708,Countrywide monitoring,Ethiopia,ETH,Oromia,ET04,Borena,ET0412,2,1085,2018-04-30T00:00:00,2018,4,10,Other reason,521,564,Oromia,ET04,SA,Active
44744,Countrywide monitoring,Ethiopia,ETH,Oromia,ET04,Borena,ET0412,2,27376,2018-04-30T00:00:00,2018,4,10,Other reason,13139,14237,Somali,ET05,SA,Active
44747,Countrywide monitoring,Ethiopia,ETH,Oromia,ET04,Borena,ET0412,2,31113,2018-04-30T00:00:00,2018,4,10,Conflict,14621,16492,Somali,ET05,SA,Active
44768,Countrywide monitoring,Ethiopia,ETH,Oromia,ET04,Borena,ET0412,2,95765,2018-04-30T00:00:00,2018,4,10,Conflict,47179,48586,Oromia,ET04,SA,Active
44854,Countrywide monitoring,Ethiopia,ETH,Oromia,ET04,East Borena,ET0422,2,4224,2018-04-30T00:00:00,2018,4,10,Natural disaster,2352,1872,Not available,Not available,SA,Active
44875,Countrywide monitoring,Ethiopia,ETH,Somali,ET05,Jarar,ET0503,2,50625,2018-04-30T00:00:00,2018,4,10,Natural disaster,24945,25680,Somali,ET05,SA,Active
44908,Countrywide monitoring,Ethiopia,ETH,Somali,ET05,Korahe,ET0505,2,21370,2018-04-30T00:00:00,2018,4,10,Natural disaster,11190,10180,Somali,ET05,SA,Active
44927,Countrywide monitoring,Ethiopia,ETH,Somali,ET05,Liban,ET0509,2,1223,2018-04-30T00:00:00,2018,4,10,Natural disaster,608,615,Somali,ET05,SA,Active
44958,Countrywide monitoring,Ethiopia,ETH,Somali,ET05,Liban,ET0509,2,30490,2018-04-30T00:00:00,2018,4,10,Conflict,14968,15522,Somali,ET05,SA,Active
44981,Countrywide monitoring,Ethiopia,ETH,Somali,ET05,Liban,ET0509,2,59802,2018-04-30T00:00:00,2018,4,10,Conflict,29713,30089,Oromia,ET04,SA,Active
73876,Countrywide monitoring,Ethiopia,ETH,Oromia,ET04,Jimma,ET0404,2,5428,2018-04-30T00:00:00,2018,4,10,Natural disaster,2676,2752,Oromia,ET04,SA,Active
73861,Countrywide monitoring,Ethiopia,ETH,Amhara,ET03,South Wello,ET0304,2,288,2018-04-30T00:00:00,2018,4,10,Conflict,134,154,Oromia,ET04,SA,Active
73855,Countrywide monitoring,Ethiopia,ETH,Amhara,ET03,South Wello,ET0304,2,175,2018-04-30T00:00:00,2018,4,10,Natural disaster,87,88,Amhara,ET03,SA,Active
73764,Countrywide monitoring,Ethiopia,ETH,Amhara,ET03,Oromia,ET0310,2,845,2018-04-30T00:00:00,2018,4,10,Conflict,449,396,Amhara,ET03,SA,Active
73768,Countrywide monitoring,Ethiopia,ETH,Amhara,ET03,Oromia,ET0310,2,895,2018-04-30T00:00:00,2018,4,10,Natural disaster,423,472,Amhara,ET03,SA,Active
73802,Countrywide monitoring,Ethiopia,ETH,Amhara,ET03,South Gondar,ET0302,2,155,2018-04-30T00:00:00,2018,4,10,Conflict,78,77,Oromia,ET04,SA,Active
73756,Countrywide monitoring,Ethiopia,ETH,Amhara,ET03,Oromia,ET0310,2,260,2018-04-30T00:00:00,2018,4,10,Conflict,130,130,Afar,ET02,SA,Active
73936,Countrywide monitoring,Ethiopia,ETH,Oromia,ET04,Kelem Wellega,ET0418,2,17325,2018-04-30T00:00:00,2018,4,10,Natural disaster,8855,8470,Oromia,ET04,SA,Active
73916,Countrywide monitoring,Ethiopia,ETH,Oromia,ET04,Kelem Wellega,ET0418,2,26,2018-04-30T00:00:00,2018,4,10,Conflict,21,5,Somali,ET05,SA,Active
74007,Countrywide monitoring,Ethiopia,ETH,Oromia,ET04,Shager City,ET0420,2,2058,2018-04-30T00:00:00,2018,4,10,Natural disaster,1008,1050,Oromia,ET04,SA,Active
74011,Countrywide monitoring,Ethiopia,ETH,Oromia,ET04,Shager City,ET0420,2,8198,2018-04-30T00:00:00,2018,4,10,Other reason,3917,4281,Oromia,ET04,SA,Active
73973,Countrywide monitoring,Ethiopia,ETH,Oromia,ET04,North Shewa (OR),ET0406,2,134,2018-04-30T00:00:00,2018,4,10,Conflict,70,64,Somali,ET05,SA,Active
73990,Countrywide monitoring,Ethiopia,ETH,Oromia,ET04,Shager City,ET0420,2,114,2018-04-30T00:00:00,2018,4,10,Conflict,55,59,Somali,ET05,SA,Active
74032,Countrywide monitoring,Ethiopia,ETH,Oromia,ET04,South West Shewa,ET0413,2,170,2018-04-30T00:00:00,2018,4,10,Conflict,104,66,Somali,ET05,SA,Active
74133,Countrywide monitoring,Ethiopia,ETH,Tigray,ET01,Central,ET0102,2,3794,2018-04-30T00:00:00,2018,4,10,Conflict,2226,1568,Amhara,ET03,SA,Active
74146,Countrywide monitoring,Ethiopia,ETH,Tigray,ET01,Central,ET0102,2,6367,2018-04-30T00:00:00,2018,4,10,Conflict,2857,3510,Tigray,ET01,SA,Active
74191,Countrywide monitoring,Ethiopia,ETH,Tigray,ET01,Eastern,ET0103,2,682,2018-04-30T00:00:00,2018,4,10,Conflict,313,369,Tigray,ET01,SA,Active
74178,Countrywide monitoring,Ethiopia,ETH,Tigray,ET01,Eastern,ET0103,2,231,2018-04-30T00:00:00,2018,4,10,Conflict,177,54,Oromia,ET04,SA,Active
74209,Countrywide monitoring,Ethiopia,ETH,Tigray,ET01,Eastern,ET0103,2,2129,2018-04-30T00:00:00,2018,4,10,Conflict,1306,823,Amhara,ET03,SA,Active
79141,Countrywide monitoring,Ethiopia,ETH,Gambela,ET12,Nuwer,ET1201,2,8707,2018-04-30T00:00:00,2018,4,10,Conflict,4335,4372,Gambela,ET12,SA,Active
79190,Countrywide monitoring,Ethiopia,ETH,Harari,ET13,Harari,ET1301,2,1000,2018-04-30T00:00:00,2018,4,10,Conflict,525,475,Oromia,ET04,SA,Active
79223,Countrywide monitoring,Ethiopia,ETH,Oromia,ET04,Arsi,ET0408,2,1083,2018-04-30T00:00:00,2018,4,10,Other reason,528,555,Oromia,ET04,SA,Active
79232,Countrywide monitoring,Ethiopia,ETH,Oromia,ET04,Arsi,ET0408,2,1597,2018-04-30T00:00:00,2018,4,10,Conflict,899,698,Somali,ET05,SA,Active
79213,Countrywide monitoring,Ethiopia,ETH,Harari,ET13,Harari,ET1301,2,3027,2018-04-30T00:00:00,2018,4,10,Conflict,1406,1621,Somali,ET05,SA,Active
79285,Countrywide monitoring,Ethiopia,ETH,Oromia,ET04,Bale,ET0411,2,103,2018-04-30T00:00:00,2018,4,10,Natural disaster,59,44,Oromia,ET04,SA,Active
79267,Countrywide monitoring,Ethiopia,ETH,Oromia,ET04,Arsi,ET0408,2,2761,2018-04-30T00:00:00,2018,4,10,Natural disaster,1374,1387,Oromia,ET04,SA,Active
79366,Countrywide monitoring,Ethiopia,ETH,Somali,ET05,Erer,ET0504,2,26351,2018-04-30T00:00:00,2018,4,10,Natural disaster,13011,13340,Somali,ET05,SA,Active
79321,Countrywide monitoring,Ethiopia,ETH,Somali,ET05,Erer,ET0504,2,598,2018-04-30T00:00:00,2018,4,10,Conflict,282,316,Oromia,ET04,SA,Active
131000,Countrywide monitoring,Ethiopia,ETH,Afar,ET02,Hari /Zone 5,ET0205,2,1596,2018-04-30T00:00:00,2018,4,10,Conflict,837,759,Amhara,ET03,SA,Active
79440,Countrywide monitoring,Ethiopia,ETH,Somali,ET05,Fafan,ET0502,2,105312,2018-04-30T00:00:00,2018,4,10,Conflict,49012,56300,Oromia,ET04,SA,Active
79386,Countrywide monitoring,Ethiopia,ETH,Somali,ET05,Fafan,ET0502,2,1961,2018-04-30T00:00:00,2018,4,10,Conflict,1023,938,Somali,ET05,SA,Active
79393,Countrywide monitoring,Ethiopia,ETH,Somali,ET05,Fafan,ET0502,2,7145,2018-04-30T00:00:00,2018,4,10,Natural disaster,3133,4012,Somali,ET05,SA,Active
131021,Countrywide monitoring,Ethiopia,ETH,Afar,ET02,Hari /Zone 5,ET0205,2,2688,2018-04-30T00:00:00,2018,4,10,Natural disaster,1284,1404,Afar,ET02,SA,Active
131072,Countrywide monitoring,Ethiopia,ETH,Afar,ET02,Kilbati /Zone2,ET0202,2,7452,2018-04-30T00:00:00,2018,4,10,Natural disaster,3881,3571,Afar,ET02,SA,Active
131058,Countrywide monitoring,Ethiopia,ETH,Afar,ET02,Kilbati /Zone2,ET0202,2,2160,2018-04-30T00:00:00,2018,4,10,Other reason,1149,1011,Afar,ET02,SA,Active
131049,Countrywide monitoring,Ethiopia,ETH,Afar,ET02,Kilbati /Zone2,ET0202,2,1678,2018-04-30T00:00:00,2018,4,10,Conflict,910,768,Afar,ET02,SA,Active
131141,Countrywide monitoring,Ethiopia,ETH,Amhara,ET03,Bahir Dar City Admin,ET0314,2,622,2018-04-30T00:00:00,2018,4,10,Conflict,320,302,Amhara,ET03,SA,Active
131191,Countrywide monitoring,Ethiopia,ETH,Oromia,ET04,East Borena,ET0422,2,34132,2018-04-30T00:00:00,2018,4,10,Natural disaster,16592,17540,Oromia,ET04,SA,Active
131199,Countrywide monitoring,Ethiopia,ETH,Oromia,ET04,East Borena,ET0422,2,44953,2018-04-30T00:00:00,2018,4,10,Conflict,22839,22114,Oromia,ET04,SA,Active
131276,Countrywide monitoring,Ethiopia,ETH,Oromia,ET04,East Hararge,ET0410,2,81040,2018-04-30T00:00:00,2018,4,10,Conflict,39177,41863,Oromia,ET04,SA,Active
131282,Countrywide monitoring,Ethiopia,ETH,Oromia,ET04,East Hararge,ET0410,2,99356,2018-04-30T00:00:00,2018,4,10,Conflict,49400,49956,Somali,ET05,SA,Active
131235,Countrywide monitoring,Ethiopia,ETH,Oromia,ET04,East Hararge,ET0410,2,2520,2018-04-30T00:00:00,2018,4,10,Other reason,1247,1273,Oromia,ET04,SA,Active
131361,Countrywide monitoring,Ethiopia,ETH,Somali,ET05,Nogob,ET0510,2,61268,2018-04-30T00:00:00,2018,4,10,Conflict,29353,31915,Somali,ET05,SA,Active
131310,Countrywide monitoring,Ethiopia,ETH,Oromia,ET04,East Shewa,ET0407,2,1304,2018-04-30T00:00:00,2018,4,10,Conflict,588,716,Somali,ET05,SA,Active
131300,Countrywide monitoring,Ethiopia,ETH,Oromia,ET04,East Shewa,ET0407,2,678,2018-04-30T00:00:00,2018,4,10,Natural disaster,285,393,Oromia,ET04,SA,Active
131372,Countrywide monitoring,Ethiopia,ETH,Somali,ET05,Nogob,ET0510,2,114814,2018-04-30T00:00:00,2018,4,10,Conflict,53594,61220,Oromia,ET04,SA,Active
131400,Countrywide monitoring,Ethiopia,ETH,Somali,ET05,Shabelle,ET0506,2,33635,2018-04-30T00:00:00,2018,4,10,Natural disaster,16344,17291,Somali,ET05,SA,Active
131450,Countrywide monitoring,Ethiopia,ETH,Somali,ET05,Siti,ET0501,2,13799,2018-04-30T00:00:00,2018,4,10,Conflict,7554,6245,Oromia,ET04,SA,Active
131496,Countrywide monitoring,Ethiopia,ETH,Somali,ET05,Siti,ET0501,2,60760,2018-04-30T00:00:00,2018,4,10,Natural disaster,31053,29707,Somali,ET05,SA,Active
135200,Countrywide monitoring,Ethiopia,ETH,Dire Dawa,ET15,Dire Dawa urban,ET1501,2,8485,2018-04-30T00:00:00,2018,4,10,Conflict,4234,4251,Oromia,ET04,SA,Active
135187,Countrywide monitoring,Ethiopia,ETH,Dire Dawa,ET15,Dire Dawa urban,ET1501,2,3465,2018-04-30T00:00:00,2018,4,10,Conflict,1725,1740,Somali,ET05,SA,Active
135218,Countrywide monitoring,Ethiopia,ETH,Gambela,ET12,Agnewak,ET1202,2,2430,2018-04-30T00:00:00,2018,4,10,Conflict,1164,1266,Gambela,ET12,SA,Active
135286,Countrywide monitoring,Ethiopia,ETH,Somali,ET05,Afder,ET0508,2,4467,2018-04-30T00:00:00,2018,4,10,Conflict,2177,2290,Oromia,ET04,SA,Active
135254,Countrywide monitoring,Ethiopia,ETH,Gambela,ET12,Itang Special woreda,ET1204,2,1140,2018-04-30T00:00:00,2018,4,10,Conflict,513,627,Gambela,ET12,SA,Active
135312,Countrywide monitoring,Ethiopia,ETH,Somali,ET05,Afder,ET0508,2,49615,2018-04-30T00:00:00,2018,4,10,Natural disaster,24741,24874,Somali,ET05,SA,Active
135346,Countrywide monitoring,Ethiopia,ETH,Somali,ET05,Daawa,ET0511,2,1059,2018-04-30T00:00:00,2018,4,10,Natural disaster,474,585,Somali,ET05,SA,Active
135381,Countrywide monitoring,Ethiopia,ETH,Somali,ET05,Daawa,ET0511,2,32327,2018-04-30T00:00:00,2018,4,10,Conflict,14884,17443,Oromia,ET04,SA,Active
135457,Countrywide monitoring,Ethiopia,ETH,Somali,ET05,Doolo,ET0507,2,87524,2018-04-30T00:00:00,2018,4,10,Natural disaster,44965,42559,Somali,ET05,SA,Active
136848,Countrywide monitoring,Ethiopia,ETH,Oromia,ET04,West Shewa,ET0405,2,86,2018-04-30T00:00:00,2018,4,10,Natural disaster,42,44,Oromia,ET04,SA,Active
136839,Countrywide monitoring,Ethiopia,ETH,Oromia,ET04,West Hararge,ET0409,2,39924,2018-04-30T00:00:00,2018,4,10,Conflict,19629,20295,Oromia,ET04,SA,Active
136878,Countrywide monitoring,Ethiopia,ETH,Oromia,ET04,West Shewa,ET0405,2,774,2018-04-30T00:00:00,2018,4,10,Conflict,364,410,Somali,ET05,SA,Active
138099,Countrywide monitoring,Ethiopia,ETH,Amhara,ET03,Wag Hamra,ET0308,2,389,2018-04-30T00:00:00,2018,4,10,Natural disaster,199,190,Amhara,ET03,SA,Active
138156,Countrywide monitoring,Ethiopia,ETH,Amhara,ET03,West Gojam,ET0307,2,1596,2018-04-30T00:00:00,2018,4,10,Conflict,824,772,Benishangul-Gumuz,ET06,SA,Active
138291,Countrywide monitoring,Ethiopia,ETH,Oromia,ET04,West Arsi,ET0417,2,1400,2018-04-30T00:00:00,2018,4,10,Conflict,708,692,Oromia,ET04,SA,Active
138286,Countrywide monitoring,Ethiopia,ETH,Oromia,ET04,West Arsi,ET0417,2,1152,2018-04-30T00:00:00,2018,4,10,Conflict,637,515,Somali,ET05,SA,Active
138305,Countrywide monitoring,Ethiopia,ETH,Oromia,ET04,West Arsi,ET0417,2,2023,2018-04-30T00:00:00,2018,4,10,Natural disaster,1031,992,Oromia,ET04,SA,Active
140762,Countrywide monitoring,Ethiopia,ETH,Amhara,ET03,East Gojam,ET0306,2,344,2018-04-30T00:00:00,2018,4,10,Natural disaster,156,188,Amhara,ET03,SA,Active
138395,Countrywide monitoring,Ethiopia,ETH,Oromia,ET04,West Hararge,ET0409,2,6509,2018-04-30T00:00:00,2018,4,10,Conflict,3156,3353,Somali,ET05,SA,Active
140798,Countrywide monitoring,Ethiopia,ETH,Amhara,ET03,North Gojam,ET0313,2,1213,2018-04-30T00:00:00,2018,4,10,Conflict,489,724,Amhara,ET03,SA,Active
140917,Countrywide monitoring,Ethiopia,ETH,Amhara,ET03,North Wello,ET0303,2,106,2018-04-30T00:00:00,2018,4,10,Other reason,46,60,Amhara,ET03,SA,Active
140919,Countrywide monitoring,Ethiopia,ETH,Oromia,ET04,East Wellega,ET0402,2,27772,2018-04-30T00:00:00,2018,4,10,Natural disaster,13007,14765,Oromia,ET04,SA,Active
140980,Countrywide monitoring,Ethiopia,ETH,Oromia,ET04,Guji,ET0414,2,708,2018-04-30T00:00:00,2018,4,10,Other reason,336,372,Somali,ET05,SA,Active
140989,Countrywide monitoring,Ethiopia,ETH,Oromia,ET04,Guji,ET0414,2,2967,2018-04-30T00:00:00,2018,4,10,Conflict,1470,1497,Somali,ET05,SA,Active
140969,Countrywide monitoring,Ethiopia,ETH,Oromia,ET04,Guji,ET0414,2,477,2018-04-30T00:00:00,2018,4,10,Other reason,226,251,Oromia,ET04,SA,Active
141089,Countrywide monitoring,Ethiopia,ETH,Oromia,ET04,Jimma,ET0404,2,3984,2018-04-30T00:00:00,2018,4,10,Other reason,1869,2115,Oromia,ET04,SA,Active
141058,Countrywide monitoring,Ethiopia,ETH,Oromia,ET04,Jimma,ET0404,2,59,2018-04-30T00:00:00,2018,4,10,Conflict,32,27,Somali,ET05,SA,Active
141028,Countrywide monitoring,Ethiopia,ETH,Oromia,ET04,Guji,ET0414,2,44398,2018-04-30T00:00:00,2018,4,10,Conflict,21214,23184,Oromia,ET04,SA,Active
146182,Countrywide monitoring,Ethiopia,ETH,Tigray,ET01,Western,ET0105,2,1008,2018-04-30T00:00:00,2018,4,10,Conflict,615,393,Amhara,ET03,SA,Active
147523,Countrywide monitoring,Ethiopia,ETH,Tigray,ET01,Mekelle,ET0107,2,3441,2018-04-30T00:00:00,2018,4,10,Conflict,1913,1528,Oromia,ET04,SA,Active
147520,Countrywide monitoring,Ethiopia,ETH,Tigray,ET01,Mekelle,ET0107,2,3377,2018-04-30T00:00:00,2018,4,10,Conflict,1877,1500,Amhara,ET03,SA,Active
147555,Countrywide monitoring,Ethiopia,ETH,Tigray,ET01,North Western,ET0101,2,293,2018-04-30T00:00:00,2018,4,10,Natural disaster,148,145,Tigray,ET01,SA,Active
147563,Countrywide monitoring,Ethiopia,ETH,Tigray,ET01,North Western,ET0101,2,3452,2018-04-30T00:00:00,2018,4,10,Conflict,2037,1415,Amhara,ET03,SA,Active
147596,Countrywide monitoring,Ethiopia,ETH,Tigray,ET01,South Eastern,ET0106,2,405,2018-04-30T00:00:00,2018,4,10,Conflict,235,170,Oromia,ET04,SA,Active
147587,Countrywide monitoring,Ethiopia,ETH,Tigray,ET01,South Eastern,ET0106,2,108,2018-04-30T00:00:00,2018,4,10,Conflict,61,47,Amhara,ET03,SA,Active
147696,Countrywide monitoring,Ethiopia,ETH,Tigray,ET01,Southern,ET0104,2,3115,2018-04-30T00:00:00,2018,4,10,Conflict,1858,1257,Oromia,ET04,SA,Active
147671,Countrywide monitoring,Ethiopia,ETH,Tigray,ET01,Southern,ET0104,2,542,2018-04-30T00:00:00,2018,4,10,Conflict,348,194,Amhara,ET03,SA,Active
147678,Countrywide monitoring,Ethiopia,ETH,Tigray,ET01,Southern,ET0104,2,1168,2018-04-30T00:00:00,2018,4,10,Natural disaster,673,495,Tigray,ET01,SA,Active
147679,Countrywide monitoring,Ethiopia,ETH,Tigray,ET01,Southern,ET0104,2,1168,2018-06-30T00:00:00,2018,6,11,Natural disaster,673,495,Tigray,ET01,SA,Active
147669,Countrywide monitoring,Ethiopia,ETH,Tigray,ET01,Southern,ET0104,2,516,2018-06-30T00:00:00,2018,6,11,Conflict,330,186,Amhara,ET03,SA,Active
147588,Countrywide monitoring,Ethiopia,ETH,Tigray,ET01,South Eastern,ET0106,2,108,2018-06-30T00:00:00,2018,6,11,Conflict,61,47,Amhara,ET03,SA,Active
147599,Countrywide monitoring,Ethiopia,ETH,Tigray,ET01,South Eastern,ET0106,2,488,2018-06-30T00:00:00,2018,6,11,Conflict,286,202,Oromia,ET04,SA,Active
147556,Countrywide monitoring,Ethiopia,ETH,Tigray,ET01,North Western,ET0101,2,293,2018-06-30T00:00:00,2018,6,11,Natural disaster,148,145,Tigray,ET01,SA,Active
147562,Countrywide monitoring,Ethiopia,ETH,Tigray,ET01,North Western,ET0101,2,3414,2018-06-30T00:00:00,2018,6,11,Conflict,2010,1404,Amhara,ET03,SA,Active
147521,Countrywide monitoring,Ethiopia,ETH,Tigray,ET01,Mekelle,ET0107,2,3377,2018-06-30T00:00:00,2018,6,11,Conflict,1877,1500,Amhara,ET03,SA,Active
147524,Countrywide monitoring,Ethiopia,ETH,Tigray,ET01,Mekelle,ET0107,2,3441,2018-06-30T00:00:00,2018,6,11,Conflict,1913,1528,Oromia,ET04,SA,Active
146183,Countrywide monitoring,Ethiopia,ETH,Tigray,ET01,Western,ET0105,2,1008,2018-06-30T00:00:00,2018,6,11,Conflict,615,393,Amhara,ET03,SA,Active
141032,Countrywide monitoring,Ethiopia,ETH,Oromia,ET04,Guji,ET0414,2,49912,2018-06-30T00:00:00,2018,6,11,Conflict,24203,25709,Oromia,ET04,SA,Active
141062,Countrywide monitoring,Ethiopia,ETH,Oromia,ET04,Jimma,ET0404,2,71,2018-06-30T00:00:00,2018,6,11,Conflict,40,31,Somali,ET05,SA,Active
141088,Countrywide monitoring,Ethiopia,ETH,Oromia,ET04,Jimma,ET0404,2,3983,2018-06-30T00:00:00,2018,6,11,Other reason,2053,1930,Oromia,ET04,SA,Active
140972,Countrywide monitoring,Ethiopia,ETH,Oromia,ET04,Guji,ET0414,2,488,2018-06-30T00:00:00,2018,6,11,Economic reasons,240,248,Somali,ET05,SA,Active
140983,Countrywide monitoring,Ethiopia,ETH,Oromia,ET04,Guji,ET0414,2,1451,2018-06-30T00:00:00,2018,6,11,Conflict,722,729,Somali,ET05,SA,Active
140947,Countrywide monitoring,Ethiopia,ETH,Oromia,ET04,Guji,ET0414,2,164,2018-06-30T00:00:00,2018,6,11,Other reason,82,82,Oromia,ET04,SA,Active
140953,Countrywide monitoring,Ethiopia,ETH,Oromia,ET04,Guji,ET0414,2,319,2018-06-30T00:00:00,2018,6,11,Natural disaster,154,165,Somali,ET05,SA,Active
140795,Countrywide monitoring,Ethiopia,ETH,Amhara,ET03,North Gojam,ET0313,2,1020,2018-06-30T00:00:00,2018,6,11,Conflict,497,523,Amhara,ET03,SA,Active
138379,Countrywide monitoring,Ethiopia,ETH,Oromia,ET04,West Hararge,ET0409,2,2568,2018-06-30T00:00:00,2018,6,11,Conflict,1209,1359,Somali,ET05,SA,Active
140756,Countrywide monitoring,Ethiopia,ETH,Amhara,ET03,East Gojam,ET0306,2,309,2018-06-30T00:00:00,2018,6,11,Natural disaster,113,196,Amhara,ET03,SA,Active
138292,Countrywide monitoring,Ethiopia,ETH,Oromia,ET04,West Arsi,ET0417,2,1631,2018-06-30T00:00:00,2018,6,11,Conflict,743,888,Oromia,ET04,SA,Active
138293,Countrywide monitoring,Ethiopia,ETH,Oromia,ET04,West Arsi,ET0417,2,1633,2018-06-30T00:00:00,2018,6,11,Natural disaster,817,816,Oromia,ET04,SA,Active
138288,Countrywide monitoring,Ethiopia,ETH,Oromia,ET04,West Arsi,ET0417,2,1190,2018-06-30T00:00:00,2018,6,11,Conflict,652,538,Somali,ET05,SA,Active
138148,Countrywide monitoring,Ethiopia,ETH,Amhara,ET03,West Gojam,ET0307,2,954,2018-06-30T00:00:00,2018,6,11,Conflict,479,475,Benishangul-Gumuz,ET06,SA,Active
138142,Countrywide monitoring,Ethiopia,ETH,Amhara,ET03,West Gojam,ET0307,2,453,2018-06-30T00:00:00,2018,6,11,Conflict,249,204,Oromia,ET04,SA,Active
138100,Countrywide monitoring,Ethiopia,ETH,Amhara,ET03,Wag Hamra,ET0308,2,389,2018-06-30T00:00:00,2018,6,11,Natural disaster,199,190,Amhara,ET03,SA,Active
136838,Countrywide monitoring,Ethiopia,ETH,Oromia,ET04,West Hararge,ET0409,2,37462,2018-06-30T00:00:00,2018,6,11,Conflict,18368,19094,Oromia,ET04,SA,Active
136857,Countrywide monitoring,Ethiopia,ETH,Oromia,ET04,West Shewa,ET0405,2,309,2018-06-30T00:00:00,2018,6,11,Conflict,175,134,Somali,ET05,SA,Active
137005,Countrywide monitoring,Ethiopia,ETH,Tigray,ET01,Southern,ET0104,2,3286,2018-06-30T00:00:00,2018,6,11,Conflict,1720,1566,Oromia,ET04,SA,Active
135460,Countrywide monitoring,Ethiopia,ETH,Somali,ET05,Doolo,ET0507,2,89911,2018-06-30T00:00:00,2018,6,11,Natural disaster,43449,46462,Somali,ET05,SA,Active
135385,Countrywide monitoring,Ethiopia,ETH,Somali,ET05,Daawa,ET0511,2,34870,2018-06-30T00:00:00,2018,6,11,Conflict,15699,19171,Oromia,ET04,SA,Active
135359,Countrywide monitoring,Ethiopia,ETH,Somali,ET05,Daawa,ET0511,2,1438,2018-06-30T00:00:00,2018,6,11,Natural disaster,743,695,Somali,ET05,SA,Active
135313,Countrywide monitoring,Ethiopia,ETH,Somali,ET05,Afder,ET0508,2,51494,2018-06-30T00:00:00,2018,6,11,Natural disaster,25558,25936,Somali,ET05,SA,Active
135251,Countrywide monitoring,Ethiopia,ETH,Gambela,ET12,Itang Special woreda,ET1204,2,1136,2018-06-30T00:00:00,2018,6,11,Conflict,516,620,Gambela,ET12,SA,Active
135287,Countrywide monitoring,Ethiopia,ETH,Somali,ET05,Afder,ET0508,2,4469,2018-06-30T00:00:00,2018,6,11,Conflict,2216,2253,Oromia,ET04,SA,Active
135217,Countrywide monitoring,Ethiopia,ETH,Gambela,ET12,Agnewak,ET1202,2,2429,2018-06-30T00:00:00,2018,6,11,Conflict,1176,1253,Gambela,ET12,SA,Active
135188,Countrywide monitoring,Ethiopia,ETH,Dire Dawa,ET15,Dire Dawa urban,ET1501,2,3465,2018-06-30T00:00:00,2018,6,11,Conflict,1725,1740,Somali,ET05,SA,Active
135201,Countrywide monitoring,Ethiopia,ETH,Dire Dawa,ET15,Dire Dawa urban,ET1501,2,8485,2018-06-30T00:00:00,2018,6,11,Conflict,4234,4251,Oromia,ET04,SA,Active
131502,Countrywide monitoring,Ethiopia,ETH,Somali,ET05,Siti,ET0501,2,63692,2018-06-30T00:00:00,2018,6,11,Natural disaster,33807,29885,Somali,ET05,SA,Active
131453,Countrywide monitoring,Ethiopia,ETH,Somali,ET05,Siti,ET0501,2,14995,2018-06-30T00:00:00,2018,6,11,Conflict,8038,6957,Oromia,ET04,SA,Active
131378,Countrywide monitoring,Ethiopia,ETH,Somali,ET05,Nogob,ET0510,2,159306,2018-06-30T00:00:00,2018,6,11,Conflict,74010,85296,Somali,ET05,SA,Active
131408,Countrywide monitoring,Ethiopia,ETH,Somali,ET05,Shabelle,ET0506,2,41536,2018-06-30T00:00:00,2018,6,11,Natural disaster,20275,21261,Somali,ET05,SA,Active
131301,Countrywide monitoring,Ethiopia,ETH,Oromia,ET04,East Shewa,ET0407,2,678,2018-06-30T00:00:00,2018,6,11,Natural disaster,285,393,Oromia,ET04,SA,Active
131365,Countrywide monitoring,Ethiopia,ETH,Somali,ET05,Nogob,ET0510,2,85332,2018-06-30T00:00:00,2018,6,11,Conflict,40837,44495,Oromia,ET04,SA,Active
131356,Countrywide monitoring,Ethiopia,ETH,Oromia,ET04,East Wellega,ET0402,2,27672,2018-06-30T00:00:00,2018,6,11,Natural disaster,13112,14560,Oromia,ET04,SA,Active
131284,Countrywide monitoring,Ethiopia,ETH,Oromia,ET04,East Hararge,ET0410,2,102100,2018-06-30T00:00:00,2018,6,11,Conflict,49185,52915,Somali,ET05,SA,Active
131265,Countrywide monitoring,Ethiopia,ETH,Oromia,ET04,East Hararge,ET0410,2,67760,2018-06-30T00:00:00,2018,6,11,Conflict,33033,34727,Oromia,ET04,SA,Active
131198,Countrywide monitoring,Ethiopia,ETH,Oromia,ET04,East Borena,ET0422,2,39604,2018-06-30T00:00:00,2018,6,11,Natural disaster,20427,19177,Oromia,ET04,SA,Active
131212,Countrywide monitoring,Ethiopia,ETH,Oromia,ET04,East Borena,ET0422,2,74623,2018-06-30T00:00:00,2018,6,11,Conflict,38959,35664,Oromia,ET04,SA,Active
131139,Countrywide monitoring,Ethiopia,ETH,Amhara,ET03,Bahir Dar City Admin,ET0314,2,519,2018-06-30T00:00:00,2018,6,11,Conflict,244,275,Amhara,ET03,SA,Active
131051,Countrywide monitoring,Ethiopia,ETH,Afar,ET02,Kilbati /Zone2,ET0202,2,1680,2018-06-30T00:00:00,2018,6,11,Conflict,865,815,Afar,ET02,SA,Active
131059,Countrywide monitoring,Ethiopia,ETH,Afar,ET02,Kilbati /Zone2,ET0202,2,2160,2018-06-30T00:00:00,2018,6,11,Other reason,1090,1070,Afar,ET02,SA,Active
131074,Countrywide monitoring,Ethiopia,ETH,Afar,ET02,Kilbati /Zone2,ET0202,2,8086,2018-06-30T00:00:00,2018,6,11,Natural disaster,4155,3931,Afar,ET02,SA,Active
131023,Countrywide monitoring,Ethiopia,ETH,Afar,ET02,Hari /Zone 5,ET0205,2,2775,2018-06-30T00:00:00,2018,6,11,Natural disaster,1388,1387,Afar,ET02,SA,Active
131006,Countrywide monitoring,Ethiopia,ETH,Afar,ET02,Hari /Zone 5,ET0205,2,2003,2018-06-30T00:00:00,2018,6,11,Conflict,1068,935,Amhara,ET03,SA,Active
79387,Countrywide monitoring,Ethiopia,ETH,Somali,ET05,Fafan,ET0502,2,1972,2018-06-30T00:00:00,2018,6,11,Conflict,1028,944,Somali,ET05,SA,Active
79437,Countrywide monitoring,Ethiopia,ETH,Somali,ET05,Fafan,ET0502,2,102472,2018-06-30T00:00:00,2018,6,11,Conflict,48355,54117,Oromia,ET04,SA,Active
79411,Countrywide monitoring,Ethiopia,ETH,Somali,ET05,Fafan,ET0502,2,9149,2018-06-30T00:00:00,2018,6,11,Natural disaster,4987,4162,Somali,ET05,SA,Active
79320,Countrywide monitoring,Ethiopia,ETH,Somali,ET05,Erer,ET0504,2,596,2018-06-30T00:00:00,2018,6,11,Conflict,291,305,Oromia,ET04,SA,Active
79357,Countrywide monitoring,Ethiopia,ETH,Somali,ET05,Erer,ET0504,2,25063,2018-06-30T00:00:00,2018,6,11,Natural disaster,12357,12706,Somali,ET05,SA,Active
79265,Countrywide monitoring,Ethiopia,ETH,Oromia,ET04,Arsi,ET0408,2,2672,2018-06-30T00:00:00,2018,6,11,Natural disaster,1305,1367,Oromia,ET04,SA,Active
79236,Countrywide monitoring,Ethiopia,ETH,Oromia,ET04,Arsi,ET0408,2,1689,2018-06-30T00:00:00,2018,6,11,Conflict,951,738,Somali,ET05,SA,Active
79211,Countrywide monitoring,Ethiopia,ETH,Harari,ET13,Harari,ET1301,2,3025,2018-06-30T00:00:00,2018,6,11,Conflict,1370,1655,Somali,ET05,SA,Active
79187,Countrywide monitoring,Ethiopia,ETH,Harari,ET13,Harari,ET1301,2,580,2018-06-30T00:00:00,2018,6,11,Conflict,269,311,Oromia,ET04,SA,Active
79222,Countrywide monitoring,Ethiopia,ETH,Oromia,ET04,Arsi,ET0408,2,1076,2018-06-30T00:00:00,2018,6,11,Other reason,531,545,Oromia,ET04,SA,Active
79143,Countrywide monitoring,Ethiopia,ETH,Gambela,ET12,Nuwer,ET1201,2,9912,2018-06-30T00:00:00,2018,6,11,Conflict,4698,5214,Gambela,ET12,SA,Active
74210,Countrywide monitoring,Ethiopia,ETH,Tigray,ET01,Eastern,ET0103,2,2223,2018-06-30T00:00:00,2018,6,11,Conflict,1330,893,Amhara,ET03,SA,Active
74176,Countrywide monitoring,Ethiopia,ETH,Tigray,ET01,Eastern,ET0103,2,187,2018-06-30T00:00:00,2018,6,11,Conflict,149,38,Oromia,ET04,SA,Active
74192,Countrywide monitoring,Ethiopia,ETH,Tigray,ET01,Eastern,ET0103,2,682,2018-06-30T00:00:00,2018,6,11,Conflict,313,369,Tigray,ET01,SA,Active
74134,Countrywide monitoring,Ethiopia,ETH,Tigray,ET01,Central,ET0102,2,3835,2018-06-30T00:00:00,2018,6,11,Conflict,2275,1560,Amhara,ET03,SA,Active
74145,Countrywide monitoring,Ethiopia,ETH,Tigray,ET01,Central,ET0102,2,6348,2018-06-30T00:00:00,2018,6,11,Conflict,2837,3511,Tigray,ET01,SA,Active
74038,Countrywide monitoring,Ethiopia,ETH,Oromia,ET04,South West Shewa,ET0413,2,180,2018-06-30T00:00:00,2018,6,11,Conflict,108,72,Somali,ET05,SA,Active
73991,Countrywide monitoring,Ethiopia,ETH,Oromia,ET04,Shager City,ET0420,2,114,2018-06-30T00:00:00,2018,6,11,Conflict,62,52,Somali,ET05,SA,Active
73974,Countrywide monitoring,Ethiopia,ETH,Oromia,ET04,North Shewa (OR),ET0406,2,220,2018-06-30T00:00:00,2018,6,11,Conflict,108,112,Somali,ET05,SA,Active
74012,Countrywide monitoring,Ethiopia,ETH,Oromia,ET04,Shager City,ET0420,2,8379,2018-06-30T00:00:00,2018,6,11,Other reason,4228,4151,Oromia,ET04,SA,Active
74008,Countrywide monitoring,Ethiopia,ETH,Oromia,ET04,Shager City,ET0420,2,2058,2018-06-30T00:00:00,2018,6,11,Natural disaster,966,1092,Oromia,ET04,SA,Active
73939,Countrywide monitoring,Ethiopia,ETH,Oromia,ET04,Kelem Wellega,ET0418,2,24310,2018-06-30T00:00:00,2018,6,11,Natural disaster,11716,12594,Oromia,ET04,SA,Active
73918,Countrywide monitoring,Ethiopia,ETH,Oromia,ET04,Kelem Wellega,ET0418,2,28,2018-06-30T00:00:00,2018,6,11,Conflict,19,9,Somali,ET05,SA,Active
73747,Countrywide monitoring,Ethiopia,ETH,Amhara,ET03,Oromia,ET0310,2,180,2018-06-30T00:00:00,2018,6,11,Conflict,91,89,Afar,ET02,SA,Active
73689,Countrywide monitoring,Ethiopia,ETH,Amhara,ET03,North Wello,ET0303,2,120,2018-06-30T00:00:00,2018,6,11,Other reason,48,72,Amhara,ET03,SA,Active
73702,Countrywide monitoring,Ethiopia,ETH,Amhara,ET03,North Wello,ET0303,2,590,2018-06-30T00:00:00,2018,6,11,Conflict,334,256,Oromia,ET04,SA,Active
73803,Countrywide monitoring,Ethiopia,ETH,Amhara,ET03,South Gondar,ET0302,2,175,2018-06-30T00:00:00,2018,6,11,Conflict,98,77,Oromia,ET04,SA,Active
73769,Countrywide monitoring,Ethiopia,ETH,Amhara,ET03,Oromia,ET0310,2,895,2018-06-30T00:00:00,2018,6,11,Natural disaster,423,472,Amhara,ET03,SA,Active
73772,Countrywide monitoring,Ethiopia,ETH,Amhara,ET03,Oromia,ET0310,2,997,2018-06-30T00:00:00,2018,6,11,Conflict,519,478,Amhara,ET03,SA,Active
73858,Countrywide monitoring,Ethiopia,ETH,Amhara,ET03,South Wello,ET0304,2,209,2018-06-30T00:00:00,2018,6,11,Conflict,109,100,Oromia,ET04,SA,Active
73875,Countrywide monitoring,Ethiopia,ETH,Oromia,ET04,Jimma,ET0404,2,5377,2018-06-30T00:00:00,2018,6,11,Natural disaster,2735,2642,Oromia,ET04,SA,Active
44962,Countrywide monitoring,Ethiopia,ETH,Somali,ET05,Liban,ET0509,2,35008,2018-06-30T00:00:00,2018,6,11,Conflict,16892,18116,Somali,ET05,SA,Active
44984,Countrywide monitoring,Ethiopia,ETH,Somali,ET05,Liban,ET0509,2,60983,2018-06-30T00:00:00,2018,6,11,Conflict,30094,30889,Oromia,ET04,SA,Active
44922,Countrywide monitoring,Ethiopia,ETH,Somali,ET05,Korahe,ET0505,2,24295,2018-06-30T00:00:00,2018,6,11,Natural disaster,12357,11938,Somali,ET05,SA,Active
44952,Countrywide monitoring,Ethiopia,ETH,Somali,ET05,Liban,ET0509,2,18078,2018-06-30T00:00:00,2018,6,11,Natural disaster,8878,9200,Somali,ET05,SA,Active
44874,Countrywide monitoring,Ethiopia,ETH,Somali,ET05,Jarar,ET0503,2,49007,2018-06-30T00:00:00,2018,6,11,Natural disaster,24760,24247,Somali,ET05,SA,Active
44866,Countrywide monitoring,Ethiopia,ETH,Oromia,ET04,East Borena,ET0422,2,19604,2018-06-30T00:00:00,2018,6,11,Conflict,10319,9285,Not available,Not available,SA,Active
44855,Countrywide monitoring,Ethiopia,ETH,Oromia,ET04,East Borena,ET0422,2,4224,2018-06-30T00:00:00,2018,6,11,Natural disaster,2352,1872,Not available,Not available,SA,Active
44755,Countrywide monitoring,Ethiopia,ETH,Oromia,ET04,Borena,ET0412,2,44753,2018-06-30T00:00:00,2018,6,11,Conflict,20914,23839,Somali,ET05,SA,Active
44775,Countrywide monitoring,Ethiopia,ETH,Oromia,ET04,Borena,ET0412,2,103732,2018-06-30T00:00:00,2018,6,11,Conflict,47309,56423,Oromia,ET04,SA,Active
44709,Countrywide monitoring,Ethiopia,ETH,Oromia,ET04,Borena,ET0412,2,1085,2018-06-30T00:00:00,2018,6,11,Other reason,521,564,Oromia,ET04,SA,Active
44726,Countrywide monitoring,Ethiopia,ETH,Oromia,ET04,Borena,ET0412,2,7625,2018-06-30T00:00:00,2018,6,11,Natural disaster,3466,4159,Oromia,ET04,SA,Active
44734,Countrywide monitoring,Ethiopia,ETH,Oromia,ET04,Borena,ET0412,2,14531,2018-06-30T00:00:00,2018,6,11,Other reason,6976,7555,Somali,ET05,SA,Active
44693,Countrywide monitoring,Ethiopia,ETH,Oromia,ET04,Bale,ET0411,2,44210,2018-06-30T00:00:00,2018,6,11,Conflict,21236,22974,Oromia,ET04,SA,Active
44702,Countrywide monitoring,Ethiopia,ETH,Oromia,ET04,Bale,ET0411,2,77562,2018-06-30T00:00:00,2018,6,11,Conflict,39494,38068,Somali,ET05,SA,Active
35204,Countrywide monitoring,Ethiopia,ETH,Afar,ET02,Hari /Zone 5,ET0205,2,325,2018-06-30T00:00:00,2018,6,11,Conflict,176,149,Afar,ET02,SA,Active
35188,Countrywide monitoring,Ethiopia,ETH,Afar,ET02,Hari /Zone 5,ET0205,2,186,2018-06-30T00:00:00,2018,6,11,Other reason,99,87,Afar,ET02,SA,Active
35166,Countrywide monitoring,Ethiopia,ETH,Afar,ET02,Gabi /Zone 3,ET0203,2,17882,2018-06-30T00:00:00,2018,6,11,Natural disaster,9002,8880,Afar,ET02,SA,Active
35118,Countrywide monitoring,Ethiopia,ETH,Afar,ET02,Fanti /Zone 4,ET0204,2,3252,2018-06-30T00:00:00,2018,6,11,Other reason,1635,1617,Afar,ET02,SA,Active
35075,Countrywide monitoring,Ethiopia,ETH,Afar,ET02,Awsi /Zone 1,ET0201,2,11974,2018-06-30T00:00:00,2018,6,11,Natural disaster,5902,6072,Afar,ET02,SA,Active
35046,Countrywide monitoring,Ethiopia,ETH,Addis Ababa,ET14,Region 14,ET1401,2,6355,2018-06-30T00:00:00,2018,6,11,Conflict,2996,3359,Somali,ET05,SA,Active
35112,Countrywide monitoring,Ethiopia,ETH,Afar,ET02,Fanti /Zone 4,ET0204,2,3078,2018-06-30T00:00:00,2018,6,11,Natural disaster,1578,1500,Afar,ET02,SA,Active
35114,Countrywide monitoring,Ethiopia,ETH,Afar,ET02,Fanti /Zone 4,ET0204,2,3079,2018-08-30T00:00:00,2018,8,12,Natural disaster,1540,1539,Afar,ET02,SA,Active
35047,Countrywide monitoring,Ethiopia,ETH,Addis Ababa,ET14,Region 14,ET1401,2,6490,2018-08-30T00:00:00,2018,8,12,Conflict,3060,3430,Somali,ET05,SA,Active
35073,Countrywide monitoring,Ethiopia,ETH,Afar,ET02,Awsi /Zone 1,ET0201,2,11967,2018-08-30T00:00:00,2018,8,12,Natural disaster,6133,5834,Afar,ET02,SA,Active
35119,Countrywide monitoring,Ethiopia,ETH,Afar,ET02,Fanti /Zone 4,ET0204,2,3335,2018-08-30T00:00:00,2018,8,12,Other reason,1602,1733,Afar,ET02,SA,Active
35165,Countrywide monitoring,Ethiopia,ETH,Afar,ET02,Gabi /Zone 3,ET0203,2,17880,2018-08-30T00:00:00,2018,8,12,Natural disaster,8897,8983,Afar,ET02,SA,Active
35189,Countrywide monitoring,Ethiopia,ETH,Afar,ET02,Hari /Zone 5,ET0205,2,188,2018-08-30T00:00:00,2018,8,12,Other reason,97,91,Afar,ET02,SA,Active
44703,Countrywide monitoring,Ethiopia,ETH,Oromia,ET04,Bale,ET0411,2,84618,2018-08-30T00:00:00,2018,8,12,Conflict,41773,42845,Somali,ET05,SA,Active
44685,Countrywide monitoring,Ethiopia,ETH,Oromia,ET04,Bale,ET0411,2,28498,2018-08-30T00:00:00,2018,8,12,Conflict,14600,13898,Oromia,ET04,SA,Active
44735,Countrywide monitoring,Ethiopia,ETH,Oromia,ET04,Borena,ET0412,2,14531,2018-08-30T00:00:00,2018,8,12,Other reason,6976,7555,Somali,ET05,SA,Active
44731,Countrywide monitoring,Ethiopia,ETH,Oromia,ET04,Borena,ET0412,2,11056,2018-08-30T00:00:00,2018,8,12,Natural disaster,4796,6260,Oromia,ET04,SA,Active
44710,Countrywide monitoring,Ethiopia,ETH,Oromia,ET04,Borena,ET0412,2,1085,2018-08-30T00:00:00,2018,8,12,Other reason,521,564,Oromia,ET04,SA,Active
44779,Countrywide monitoring,Ethiopia,ETH,Oromia,ET04,Borena,ET0412,2,118053,2018-08-30T00:00:00,2018,8,12,Conflict,53820,64233,Oromia,ET04,SA,Active
44756,Countrywide monitoring,Ethiopia,ETH,Oromia,ET04,Borena,ET0412,2,44753,2018-08-30T00:00:00,2018,8,12,Conflict,20914,23839,Somali,ET05,SA,Active
44856,Countrywide monitoring,Ethiopia,ETH,Oromia,ET04,East Borena,ET0422,2,4224,2018-08-30T00:00:00,2018,8,12,Natural disaster,2352,1872,Not available,Not available,SA,Active
44873,Countrywide monitoring,Ethiopia,ETH,Somali,ET05,Jarar,ET0503,2,46913,2018-08-30T00:00:00,2018,8,12,Natural disaster,23047,23866,Somali,ET05,SA,Active
44928,Countrywide monitoring,Ethiopia,ETH,Somali,ET05,Liban,ET0509,2,1340,2018-08-30T00:00:00,2018,8,12,Natural disaster,689,651,Somali,ET05,SA,Active
44903,Countrywide monitoring,Ethiopia,ETH,Somali,ET05,Korahe,ET0505,2,20497,2018-08-30T00:00:00,2018,8,12,Natural disaster,10293,10204,Somali,ET05,SA,Active
44982,Countrywide monitoring,Ethiopia,ETH,Somali,ET05,Liban,ET0509,2,60680,2018-08-30T00:00:00,2018,8,12,Conflict,30115,30565,Oromia,ET04,SA,Active
44971,Countrywide monitoring,Ethiopia,ETH,Somali,ET05,Liban,ET0509,2,39036,2018-08-30T00:00:00,2018,8,12,Conflict,19944,19092,Somali,ET05,SA,Active
73888,Countrywide monitoring,Ethiopia,ETH,Oromia,ET04,Jimma,ET0404,2,6259,2018-08-30T00:00:00,2018,8,12,Natural disaster,3079,3180,Oromia,ET04,SA,Active
73859,Countrywide monitoring,Ethiopia,ETH,Amhara,ET03,South Wello,ET0304,2,214,2018-08-30T00:00:00,2018,8,12,Conflict,109,105,Oromia,ET04,SA,Active
73771,Countrywide monitoring,Ethiopia,ETH,Amhara,ET03,Oromia,ET0310,2,964,2018-08-30T00:00:00,2018,8,12,Conflict,501,463,Amhara,ET03,SA,Active
73804,Countrywide monitoring,Ethiopia,ETH,Amhara,ET03,South Gondar,ET0302,2,181,2018-08-30T00:00:00,2018,8,12,Conflict,91,90,Oromia,ET04,SA,Active
73708,Countrywide monitoring,Ethiopia,ETH,Amhara,ET03,North Wello,ET0303,2,1295,2018-08-30T00:00:00,2018,8,12,Conflict,657,638,Oromia,ET04,SA,Active
73755,Countrywide monitoring,Ethiopia,ETH,Amhara,ET03,Oromia,ET0310,2,212,2018-08-30T00:00:00,2018,8,12,Conflict,104,108,Afar,ET02,SA,Active
73919,Countrywide monitoring,Ethiopia,ETH,Oromia,ET04,Kelem Wellega,ET0418,2,28,2018-08-30T00:00:00,2018,8,12,Conflict,15,13,Somali,ET05,SA,Active
73938,Countrywide monitoring,Ethiopia,ETH,Oromia,ET04,Kelem Wellega,ET0418,2,23133,2018-08-30T00:00:00,2018,8,12,Natural disaster,12045,11088,Oromia,ET04,SA,Active
74015,Countrywide monitoring,Ethiopia,ETH,Oromia,ET04,Shager City,ET0420,2,13039,2018-08-30T00:00:00,2018,8,12,Other reason,6778,6261,Oromia,ET04,SA,Active
73958,Countrywide monitoring,Ethiopia,ETH,Oromia,ET04,North Shewa (OR),ET0406,2,102,2018-08-30T00:00:00,2018,8,12,Conflict,56,46,Somali,ET05,SA,Active
73993,Countrywide monitoring,Ethiopia,ETH,Oromia,ET04,Shager City,ET0420,2,140,2018-08-30T00:00:00,2018,8,12,Conflict,59,81,Oromia,ET04,SA,Active
74027,Countrywide monitoring,Ethiopia,ETH,Oromia,ET04,South West Shewa,ET0413,2,67,2018-08-30T00:00:00,2018,8,12,Conflict,19,48,Oromia,ET04,SA,Active
74029,Countrywide monitoring,Ethiopia,ETH,Oromia,ET04,South West Shewa,ET0413,2,113,2018-08-30T00:00:00,2018,8,12,Conflict,60,53,Somali,ET05,SA,Active
74006,Countrywide monitoring,Ethiopia,ETH,Oromia,ET04,Shager City,ET0420,2,1936,2018-08-30T00:00:00,2018,8,12,Natural disaster,1123,813,Oromia,ET04,SA,Active
74141,Countrywide monitoring,Ethiopia,ETH,Tigray,ET01,Central,ET0102,2,6320,2018-08-30T00:00:00,2018,8,12,Conflict,2867,3453,Tigray,ET01,SA,Active
74135,Countrywide monitoring,Ethiopia,ETH,Tigray,ET01,Central,ET0102,2,4049,2018-08-30T00:00:00,2018,8,12,Conflict,2429,1620,Amhara,ET03,SA,Active
74193,Countrywide monitoring,Ethiopia,ETH,Tigray,ET01,Eastern,ET0103,2,682,2018-08-30T00:00:00,2018,8,12,Conflict,313,369,Tigray,ET01,SA,Active
74179,Countrywide monitoring,Ethiopia,ETH,Tigray,ET01,Eastern,ET0103,2,251,2018-08-30T00:00:00,2018,8,12,Conflict,211,40,Oromia,ET04,SA,Active
74211,Countrywide monitoring,Ethiopia,ETH,Tigray,ET01,Eastern,ET0103,2,2542,2018-08-30T00:00:00,2018,8,12,Conflict,1531,1011,Amhara,ET03,SA,Active
79142,Countrywide monitoring,Ethiopia,ETH,Gambela,ET12,Nuwer,ET1201,2,9655,2018-08-30T00:00:00,2018,8,12,Conflict,4834,4821,Gambela,ET12,SA,Active
79220,Countrywide monitoring,Ethiopia,ETH,Oromia,ET04,Arsi,ET0408,2,634,2018-08-30T00:00:00,2018,8,12,Other reason,300,334,Oromia,ET04,SA,Active
79212,Countrywide monitoring,Ethiopia,ETH,Harari,ET13,Harari,ET1301,2,3025,2018-08-30T00:00:00,2018,8,12,Conflict,1372,1653,Somali,ET05,SA,Active
79235,Countrywide monitoring,Ethiopia,ETH,Oromia,ET04,Arsi,ET0408,2,1687,2018-08-30T00:00:00,2018,8,12,Conflict,970,717,Somali,ET05,SA,Active
79270,Countrywide monitoring,Ethiopia,ETH,Oromia,ET04,Arsi,ET0408,2,2864,2018-08-30T00:00:00,2018,8,12,Natural disaster,1412,1452,Oromia,ET04,SA,Active
79361,Countrywide monitoring,Ethiopia,ETH,Somali,ET05,Erer,ET0504,2,25895,2018-08-30T00:00:00,2018,8,12,Natural disaster,12573,13322,Somali,ET05,SA,Active
79413,Countrywide monitoring,Ethiopia,ETH,Somali,ET05,Fafan,ET0502,2,9528,2018-08-30T00:00:00,2018,8,12,Natural disaster,4185,5343,Somali,ET05,SA,Active
79426,Countrywide monitoring,Ethiopia,ETH,Somali,ET05,Fafan,ET0502,2,46480,2018-08-30T00:00:00,2018,8,12,Conflict,21691,24789,Somali,ET05,SA,Active
130998,Countrywide monitoring,Ethiopia,ETH,Afar,ET02,Hari /Zone 5,ET0205,2,1487,2018-08-30T00:00:00,2018,8,12,Conflict,815,672,Amhara,ET03,SA,Active
130996,Countrywide monitoring,Ethiopia,ETH,Afar,ET02,Hari /Zone 5,ET0205,2,840,2018-08-30T00:00:00,2018,8,12,Conflict,453,387,Afar,ET02,SA,Active
79448,Countrywide monitoring,Ethiopia,ETH,Somali,ET05,Fafan,ET0502,2,118624,2018-08-30T00:00:00,2018,8,12,Conflict,53800,64824,Oromia,ET04,SA,Active
131024,Countrywide monitoring,Ethiopia,ETH,Afar,ET02,Hari /Zone 5,ET0205,2,2775,2018-08-30T00:00:00,2018,8,12,Natural disaster,1410,1365,Afar,ET02,SA,Active
131075,Countrywide monitoring,Ethiopia,ETH,Afar,ET02,Kilbati /Zone2,ET0202,2,8090,2018-08-30T00:00:00,2018,8,12,Natural disaster,4121,3969,Afar,ET02,SA,Active
131055,Countrywide monitoring,Ethiopia,ETH,Afar,ET02,Kilbati /Zone2,ET0202,2,1780,2018-08-30T00:00:00,2018,8,12,Conflict,980,800,Afar,ET02,SA,Active
131056,Countrywide monitoring,Ethiopia,ETH,Afar,ET02,Kilbati /Zone2,ET0202,2,2159,2018-08-30T00:00:00,2018,8,12,Other reason,1122,1037,Afar,ET02,SA,Active
131140,Countrywide monitoring,Ethiopia,ETH,Amhara,ET03,Bahir Dar City Admin,ET0314,2,593,2018-08-30T00:00:00,2018,8,12,Conflict,278,315,Amhara,ET03,SA,Active
131204,Countrywide monitoring,Ethiopia,ETH,Oromia,ET04,East Borena,ET0422,2,50179,2018-08-30T00:00:00,2018,8,12,Conflict,24399,25780,Oromia,ET04,SA,Active
131206,Countrywide monitoring,Ethiopia,ETH,Oromia,ET04,East Borena,ET0422,2,51198,2018-08-30T00:00:00,2018,8,12,Conflict,26060,25138,Not available,Not available,SA,Active
131194,Countrywide monitoring,Ethiopia,ETH,Oromia,ET04,East Borena,ET0422,2,35069,2018-08-30T00:00:00,2018,8,12,Natural disaster,17557,17512,Oromia,ET04,SA,Active
131279,Countrywide monitoring,Ethiopia,ETH,Oromia,ET04,East Hararge,ET0410,2,91241,2018-08-30T00:00:00,2018,8,12,Conflict,43609,47632,Somali,ET05,SA,Active
131277,Countrywide monitoring,Ethiopia,ETH,Oromia,ET04,East Hararge,ET0410,2,81537,2018-08-30T00:00:00,2018,8,12,Conflict,38142,43395,Oromia,ET04,SA,Active
131366,Countrywide monitoring,Ethiopia,ETH,Somali,ET05,Nogob,ET0510,2,85944,2018-08-30T00:00:00,2018,8,12,Conflict,40944,45000,Oromia,ET04,SA,Active
131302,Countrywide monitoring,Ethiopia,ETH,Oromia,ET04,East Shewa,ET0407,2,678,2018-08-30T00:00:00,2018,8,12,Natural disaster,285,393,Oromia,ET04,SA,Active
131409,Countrywide monitoring,Ethiopia,ETH,Somali,ET05,Shabelle,ET0506,2,61980,2018-08-30T00:00:00,2018,8,12,Natural disaster,28779,33201,Somali,ET05,SA,Active
131385,Countrywide monitoring,Ethiopia,ETH,Somali,ET05,Nogob,ET0510,2,307247,2018-08-30T00:00:00,2018,8,12,Conflict,142761,164486,Somali,ET05,SA,Active
131449,Countrywide monitoring,Ethiopia,ETH,Somali,ET05,Siti,ET0501,2,13657,2018-08-30T00:00:00,2018,8,12,Conflict,7187,6470,Oromia,ET04,SA,Active
131498,Countrywide monitoring,Ethiopia,ETH,Somali,ET05,Siti,ET0501,2,60982,2018-08-30T00:00:00,2018,8,12,Natural disaster,30841,30141,Somali,ET05,SA,Active
135219,Countrywide monitoring,Ethiopia,ETH,Gambela,ET12,Agnewak,ET1202,2,2430,2018-08-30T00:00:00,2018,8,12,Conflict,1213,1217,Gambela,ET12,SA,Active
135204,Countrywide monitoring,Ethiopia,ETH,Dire Dawa,ET15,Dire Dawa urban,ET1501,2,8575,2018-08-30T00:00:00,2018,8,12,Conflict,4268,4307,Oromia,ET04,SA,Active
135289,Countrywide monitoring,Ethiopia,ETH,Somali,ET05,Afder,ET0508,2,4657,2018-08-30T00:00:00,2018,8,12,Conflict,2366,2291,Oromia,ET04,SA,Active
135249,Countrywide monitoring,Ethiopia,ETH,Gambela,ET12,Itang Special woreda,ET1204,2,650,2018-08-30T00:00:00,2018,8,12,Conflict,312,338,Gambela,ET12,SA,Active
135326,Countrywide monitoring,Ethiopia,ETH,Somali,ET05,Afder,ET0508,2,57745,2018-08-30T00:00:00,2018,8,12,Natural disaster,29031,28714,Somali,ET05,SA,Active
135354,Countrywide monitoring,Ethiopia,ETH,Somali,ET05,Daawa,ET0511,2,1290,2018-08-30T00:00:00,2018,8,12,Natural disaster,693,597,Somali,ET05,SA,Active
135389,Countrywide monitoring,Ethiopia,ETH,Somali,ET05,Daawa,ET0511,2,37869,2018-08-30T00:00:00,2018,8,12,Conflict,20245,17624,Oromia,ET04,SA,Active
135471,Countrywide monitoring,Ethiopia,ETH,Somali,ET05,Erer,ET0504,2,585,2018-08-30T00:00:00,2018,8,12,Conflict,282,303,Oromia,ET04,SA,Active
135458,Countrywide monitoring,Ethiopia,ETH,Somali,ET05,Doolo,ET0507,2,88092,2018-08-30T00:00:00,2018,8,12,Natural disaster,43798,44294,Somali,ET05,SA,Active
136990,Countrywide monitoring,Ethiopia,ETH,Somali,ET05,Afder,ET0508,2,2169,2018-08-30T00:00:00,2018,8,12,Conflict,999,1170,Somali,ET05,SA,Active
137024,Countrywide monitoring,Ethiopia,ETH,Tigray,ET01,Western,ET0105,2,771,2018-08-30T00:00:00,2018,8,12,Conflict,497,274,Amhara,ET03,SA,Active
136858,Countrywide monitoring,Ethiopia,ETH,Oromia,ET04,West Shewa,ET0405,2,330,2018-08-30T00:00:00,2018,8,12,Conflict,183,147,Somali,ET05,SA,Active
136840,Countrywide monitoring,Ethiopia,ETH,Oromia,ET04,West Hararge,ET0409,2,43480,2018-08-30T00:00:00,2018,8,12,Conflict,21528,21952,Oromia,ET04,SA,Active
136893,Countrywide monitoring,Ethiopia,ETH,Oromia,ET04,West Wellega,ET0401,2,693,2018-08-30T00:00:00,2018,8,12,Conflict,339,354,Benishangul-Gumuz,ET06,SA,Active
138095,Countrywide monitoring,Ethiopia,ETH,Amhara,ET03,Wag Hamra,ET0308,2,301,2018-08-30T00:00:00,2018,8,12,Natural disaster,158,143,Amhara,ET03,SA,Active
138125,Countrywide monitoring,Ethiopia,ETH,Amhara,ET03,West Gojam,ET0307,2,73,2018-08-30T00:00:00,2018,8,12,Conflict,32,41,Benishangul-Gumuz,ET06,SA,Active
138136,Countrywide monitoring,Ethiopia,ETH,Amhara,ET03,West Gojam,ET0307,2,308,2018-08-30T00:00:00,2018,8,12,Conflict,147,161,Oromia,ET04,SA,Active
138138,Countrywide monitoring,Ethiopia,ETH,Amhara,ET03,West Gojam,ET0307,2,338,2018-08-30T00:00:00,2018,8,12,Conflict,157,181,Amhara,ET03,SA,Active
138298,Countrywide monitoring,Ethiopia,ETH,Oromia,ET04,West Arsi,ET0417,2,1856,2018-08-30T00:00:00,2018,8,12,Natural disaster,915,941,Oromia,ET04,SA,Active
138294,Countrywide monitoring,Ethiopia,ETH,Oromia,ET04,West Arsi,ET0417,2,1714,2018-08-30T00:00:00,2018,8,12,Conflict,868,846,Oromia,ET04,SA,Active
138283,Countrywide monitoring,Ethiopia,ETH,Oromia,ET04,West Arsi,ET0417,2,1144,2018-08-30T00:00:00,2018,8,12,Conflict,631,513,Somali,ET05,SA,Active
138319,Countrywide monitoring,Ethiopia,ETH,Oromia,ET04,West Arsi,ET0417,2,12600,2018-08-30T00:00:00,2018,8,12,Conflict,6216,6384,Central Ethiopia,ET07,SA,Active
140754,Countrywide monitoring,Ethiopia,ETH,Amhara,ET03,East Gojam,ET0306,2,284,2018-08-30T00:00:00,2018,8,12,Natural disaster,134,150,Amhara,ET03,SA,Active
138378,Countrywide monitoring,Ethiopia,ETH,Oromia,ET04,West Hararge,ET0409,2,1855,2018-08-30T00:00:00,2018,8,12,Conflict,913,942,Somali,ET05,SA,Active
140796,Countrywide monitoring,Ethiopia,ETH,Amhara,ET03,North Gojam,ET0313,2,1020,2018-08-30T00:00:00,2018,8,12,Conflict,497,523,Amhara,ET03,SA,Active
140954,Countrywide monitoring,Ethiopia,ETH,Oromia,ET04,Guji,ET0414,2,342,2018-08-30T00:00:00,2018,8,12,Natural disaster,158,184,Somali,ET05,SA,Active
140948,Countrywide monitoring,Ethiopia,ETH,Oromia,ET04,Guji,ET0414,2,164,2018-08-30T00:00:00,2018,8,12,Other reason,82,82,Oromia,ET04,SA,Active
140986,Countrywide monitoring,Ethiopia,ETH,Oromia,ET04,Guji,ET0414,2,1739,2018-08-30T00:00:00,2018,8,12,Conflict,843,896,Somali,ET05,SA,Active
140973,Countrywide monitoring,Ethiopia,ETH,Oromia,ET04,Guji,ET0414,2,488,2018-08-30T00:00:00,2018,8,12,Other reason,240,248,Somali,ET05,SA,Active
140923,Countrywide monitoring,Ethiopia,ETH,Oromia,ET04,East Wellega,ET0402,2,34299,2018-08-30T00:00:00,2018,8,12,Natural disaster,17303,16996,Oromia,ET04,SA,Active
141091,Countrywide monitoring,Ethiopia,ETH,Oromia,ET04,Jimma,ET0404,2,4316,2018-08-30T00:00:00,2018,8,12,Other reason,2024,2292,Oromia,ET04,SA,Active
141064,Countrywide monitoring,Ethiopia,ETH,Oromia,ET04,Jimma,ET0404,2,74,2018-08-30T00:00:00,2018,8,12,Conflict,40,34,Somali,ET05,SA,Active
141033,Countrywide monitoring,Ethiopia,ETH,Oromia,ET04,Guji,ET0414,2,51846,2018-08-30T00:00:00,2018,8,12,Conflict,24560,27286,Oromia,ET04,SA,Active
147518,Countrywide monitoring,Ethiopia,ETH,Tigray,ET01,Mekelle,ET0107,2,2869,2018-08-30T00:00:00,2018,8,12,Conflict,1577,1292,Oromia,ET04,SA,Active
147519,Countrywide monitoring,Ethiopia,ETH,Tigray,ET01,Mekelle,ET0107,2,3146,2018-08-30T00:00:00,2018,8,12,Conflict,1768,1378,Amhara,ET03,SA,Active
147557,Countrywide monitoring,Ethiopia,ETH,Tigray,ET01,North Western,ET0101,2,293,2018-08-30T00:00:00,2018,8,12,Natural disaster,148,145,Tigray,ET01,SA,Active
147564,Countrywide monitoring,Ethiopia,ETH,Tigray,ET01,North Western,ET0101,2,3595,2018-08-30T00:00:00,2018,8,12,Conflict,2167,1428,Amhara,ET03,SA,Active
147600,Countrywide monitoring,Ethiopia,ETH,Tigray,ET01,South Eastern,ET0106,2,488,2018-08-30T00:00:00,2018,8,12,Conflict,285,203,Oromia,ET04,SA,Active
147590,Countrywide monitoring,Ethiopia,ETH,Tigray,ET01,South Eastern,ET0106,2,115,2018-08-30T00:00:00,2018,8,12,Conflict,65,50,Amhara,ET03,SA,Active
147680,Countrywide monitoring,Ethiopia,ETH,Tigray,ET01,Southern,ET0104,2,1168,2018-08-30T00:00:00,2018,8,12,Natural disaster,673,495,Tigray,ET01,SA,Active
147691,Countrywide monitoring,Ethiopia,ETH,Tigray,ET01,Southern,ET0104,2,2499,2018-08-30T00:00:00,2018,8,12,Conflict,1477,1022,Oromia,ET04,SA,Active
147686,Countrywide monitoring,Ethiopia,ETH,Tigray,ET01,Southern,ET0104,2,1326,2018-08-30T00:00:00,2018,8,12,Conflict,795,531,Amhara,ET03,SA,Active
147676,Countrywide monitoring,Ethiopia,ETH,Tigray,ET01,Southern,ET0104,2,1167,2018-10-30T00:00:00,2018,10,13,Natural disaster,673,494,Tigray,ET01,SA,Active
147670,Countrywide monitoring,Ethiopia,ETH,Tigray,ET01,Southern,ET0104,2,529,2018-10-30T00:00:00,2018,10,13,Conflict,339,190,Amhara,ET03,SA,Active
147648,Countrywide monitoring,Ethiopia,ETH,Tigray,ET01,Southern,ET0104,2,45,2018-10-30T00:00:00,2018,10,13,Conflict,28,17,Somali,ET05,SA,Active
147591,Countrywide monitoring,Ethiopia,ETH,Tigray,ET01,South Eastern,ET0106,2,174,2018-10-30T00:00:00,2018,10,13,Conflict,109,65,Amhara,ET03,SA,Active
147605,Countrywide monitoring,Ethiopia,ETH,Tigray,ET01,South Eastern,ET0106,2,769,2018-10-30T00:00:00,2018,10,13,Conflict,462,307,Oromia,ET04,SA,Active
147565,Countrywide monitoring,Ethiopia,ETH,Tigray,ET01,North Western,ET0101,2,4481,2018-10-30T00:00:00,2018,10,13,Conflict,2677,1804,Amhara,ET03,SA,Active
147525,Countrywide monitoring,Ethiopia,ETH,Tigray,ET01,Mekelle,ET0107,2,4210,2018-10-30T00:00:00,2018,10,13,Conflict,2352,1858,Somali,ET05,SA,Active
147537,Countrywide monitoring,Ethiopia,ETH,Tigray,ET01,Mekelle,ET0107,2,12158,2018-10-30T00:00:00,2018,10,13,Conflict,6896,5262,Oromia,ET04,SA,Active
141060,Countrywide monitoring,Ethiopia,ETH,Oromia,ET04,Jimma,ET0404,2,67,2018-10-30T00:00:00,2018,10,13,Conflict,38,29,Somali,ET05,SA,Active
141037,Countrywide monitoring,Ethiopia,ETH,Oromia,ET04,Guji,ET0414,2,59009,2018-10-30T00:00:00,2018,10,13,Conflict,28301,30708,Oromia,ET04,SA,Active
140967,Countrywide monitoring,Ethiopia,ETH,Oromia,ET04,Guji,ET0414,2,469,2018-10-30T00:00:00,2018,10,13,Natural disaster,223,246,Somali,ET05,SA,Active
140985,Countrywide monitoring,Ethiopia,ETH,Oromia,ET04,Guji,ET0414,2,1481,2018-10-30T00:00:00,2018,10,13,Conflict,739,742,Somali,ET05,SA,Active
140979,Countrywide monitoring,Ethiopia,ETH,Oromia,ET04,Guji,ET0414,2,664,2018-10-30T00:00:00,2018,10,13,Economic reasons,320,344,Somali,ET05,SA,Active
140949,Countrywide monitoring,Ethiopia,ETH,Oromia,ET04,Guji,ET0414,2,164,2018-10-30T00:00:00,2018,10,13,Economic reasons,82,82,Oromia,ET04,SA,Active
140927,Countrywide monitoring,Ethiopia,ETH,Oromia,ET04,East Wellega,ET0402,2,43978,2018-10-30T00:00:00,2018,10,13,Natural disaster,21339,22639,Oromia,ET04,SA,Active
140797,Countrywide monitoring,Ethiopia,ETH,Amhara,ET03,North Gojam,ET0313,2,1020,2018-10-30T00:00:00,2018,10,13,Conflict,497,523,Oromia,ET04,SA,Active
138380,Countrywide monitoring,Ethiopia,ETH,Oromia,ET04,West Hararge,ET0409,2,3176,2018-10-30T00:00:00,2018,10,13,Conflict,1526,1650,Somali,ET05,SA,Active
140745,Countrywide monitoring,Ethiopia,ETH,Amhara,ET03,East Gojam,ET0306,2,95,2018-10-30T00:00:00,2018,10,13,Natural disaster,36,59,Amhara,ET03,SA,Active
138299,Countrywide monitoring,Ethiopia,ETH,Oromia,ET04,West Arsi,ET0417,2,1894,2018-10-30T00:00:00,2018,10,13,Natural disaster,952,942,Oromia,ET04,SA,Active
138297,Countrywide monitoring,Ethiopia,ETH,Oromia,ET04,West Arsi,ET0417,2,1770,2018-10-30T00:00:00,2018,10,13,Conflict,953,817,Oromia,ET04,SA,Active
138280,Countrywide monitoring,Ethiopia,ETH,Oromia,ET04,West Arsi,ET0417,2,1073,2018-10-30T00:00:00,2018,10,13,Conflict,574,499,Somali,ET05,SA,Active
138144,Countrywide monitoring,Ethiopia,ETH,Amhara,ET03,West Gojam,ET0307,2,605,2018-10-30T00:00:00,2018,10,13,Conflict,314,291,Amhara,ET03,SA,Active
138146,Countrywide monitoring,Ethiopia,ETH,Amhara,ET03,West Gojam,ET0307,2,885,2018-10-30T00:00:00,2018,10,13,Conflict,376,509,Benishangul-Gumuz,ET06,SA,Active
138149,Countrywide monitoring,Ethiopia,ETH,Amhara,ET03,West Gojam,ET0307,2,959,2018-10-30T00:00:00,2018,10,13,Conflict,357,602,Oromia,ET04,SA,Active
138150,Countrywide monitoring,Ethiopia,ETH,Amhara,ET03,West Gojam,ET0307,2,1242,2018-10-30T00:00:00,2018,10,13,Conflict,575,667,Somali,ET05,SA,Active
138079,Countrywide monitoring,Ethiopia,ETH,Amhara,ET03,Wag Hamra,ET0308,2,152,2018-10-30T00:00:00,2018,10,13,Natural disaster,80,72,Amhara,ET03,SA,Active
136898,Countrywide monitoring,Ethiopia,ETH,Oromia,ET04,West Wellega,ET0401,2,2361,2018-10-30T00:00:00,2018,10,13,Conflict,1179,1182,Benishangul-Gumuz,ET06,SA,Active
136842,Countrywide monitoring,Ethiopia,ETH,Oromia,ET04,West Hararge,ET0409,2,52431,2018-10-30T00:00:00,2018,10,13,Conflict,26685,25746,Oromia,ET04,SA,Active
136859,Countrywide monitoring,Ethiopia,ETH,Oromia,ET04,West Shewa,ET0405,2,334,2018-10-30T00:00:00,2018,10,13,Conflict,184,150,Somali,ET05,SA,Active
137025,Countrywide monitoring,Ethiopia,ETH,Tigray,ET01,Western,ET0105,2,820,2018-10-30T00:00:00,2018,10,13,Conflict,530,290,Amhara,ET03,SA,Active
137007,Countrywide monitoring,Ethiopia,ETH,Tigray,ET01,Southern,ET0104,2,6503,2018-10-30T00:00:00,2018,10,13,Conflict,3866,2637,Oromia,ET04,SA,Active
138041,Countrywide monitoring,Ethiopia,ETH,Amhara,ET03,South Wello,ET0304,2,456,2018-10-30T00:00:00,2018,10,13,Conflict,229,227,Oromia,ET04,SA,Active
136991,Countrywide monitoring,Ethiopia,ETH,Somali,ET05,Afder,ET0508,2,2169,2018-10-30T00:00:00,2018,10,13,Conflict,999,1170,Somali,ET05,SA,Active
135461,Countrywide monitoring,Ethiopia,ETH,Somali,ET05,Doolo,ET0507,2,90069,2018-10-30T00:00:00,2018,10,13,Natural disaster,45234,44835,Somali,ET05,SA,Active
135468,Countrywide monitoring,Ethiopia,ETH,Somali,ET05,Erer,ET0504,2,561,2018-10-30T00:00:00,2018,10,13,Conflict,284,277,Oromia,ET04,SA,Active
135369,Countrywide monitoring,Ethiopia,ETH,Somali,ET05,Daawa,ET0511,2,9279,2018-10-30T00:00:00,2018,10,13,Conflict,4127,5152,Somali,ET05,SA,Active
135377,Countrywide monitoring,Ethiopia,ETH,Somali,ET05,Daawa,ET0511,2,28802,2018-10-30T00:00:00,2018,10,13,Conflict,13328,15474,Oromia,ET04,SA,Active
135351,Countrywide monitoring,Ethiopia,ETH,Somali,ET05,Daawa,ET0511,2,1265,2018-10-30T00:00:00,2018,10,13,Natural disaster,582,683,Oromia,ET04,SA,Active
135325,Countrywide monitoring,Ethiopia,ETH,Somali,ET05,Afder,ET0508,2,57647,2018-10-30T00:00:00,2018,10,13,Natural disaster,28490,29157,Somali,ET05,SA,Active
135250,Countrywide monitoring,Ethiopia,ETH,Gambela,ET12,Itang Special woreda,ET1204,2,711,2018-10-30T00:00:00,2018,10,13,Conflict,366,345,Oromia,ET04,SA,Active
135221,Countrywide monitoring,Ethiopia,ETH,Gambela,ET12,Agnewak,ET1202,2,2712,2018-10-30T00:00:00,2018,10,13,Conflict,1262,1450,Gambela,ET12,SA,Active
135288,Countrywide monitoring,Ethiopia,ETH,Somali,ET05,Afder,ET0508,2,4544,2018-10-30T00:00:00,2018,10,13,Conflict,2066,2478,Oromia,ET04,SA,Active
135283,Countrywide monitoring,Ethiopia,ETH,Gambela,ET12,Nuwer,ET1201,2,3745,2018-10-30T00:00:00,2018,10,13,Natural disaster,1953,1792,Gambela,ET12,SA,Active
135205,Countrywide monitoring,Ethiopia,ETH,Dire Dawa,ET15,Dire Dawa urban,ET1501,2,9775,2018-10-30T00:00:00,2018,10,13,Conflict,4030,5745,Oromia,ET04,SA,Active
135185,Countrywide monitoring,Ethiopia,ETH,Dire Dawa,ET15,Dire Dawa urban,ET1501,2,2784,2018-10-30T00:00:00,2018,10,13,Conflict,1363,1421,Dire Dawa,ET15,SA,Active
131497,Countrywide monitoring,Ethiopia,ETH,Somali,ET05,Siti,ET0501,2,60957,2018-10-30T00:00:00,2018,10,13,Natural disaster,31169,29788,Somali,ET05,SA,Active
131448,Countrywide monitoring,Ethiopia,ETH,Somali,ET05,Siti,ET0501,2,13561,2018-10-30T00:00:00,2018,10,13,Conflict,7110,6451,Oromia,ET04,SA,Active
131382,Countrywide monitoring,Ethiopia,ETH,Somali,ET05,Nogob,ET0510,2,262343,2018-10-30T00:00:00,2018,10,13,Conflict,121220,141123,Oromia,ET04,SA,Active
131406,Countrywide monitoring,Ethiopia,ETH,Somali,ET05,Shabelle,ET0506,2,37208,2018-10-30T00:00:00,2018,10,13,Natural disaster,17728,19480,Somali,ET05,SA,Active
131299,Countrywide monitoring,Ethiopia,ETH,Oromia,ET04,East Shewa,ET0407,2,674,2018-10-30T00:00:00,2018,10,13,Natural disaster,275,399,Oromia,ET04,SA,Active
131286,Countrywide monitoring,Ethiopia,ETH,Oromia,ET04,East Hararge,ET0410,2,103274,2018-10-30T00:00:00,2018,10,13,Conflict,50190,53084,Oromia,ET04,SA,Active
131287,Countrywide monitoring,Ethiopia,ETH,Oromia,ET04,East Hararge,ET0410,2,103421,2018-10-30T00:00:00,2018,10,13,Conflict,50380,53041,Somali,ET05,SA,Active
131185,Countrywide monitoring,Ethiopia,ETH,Oromia,ET04,East Borena,ET0422,2,28402,2018-10-30T00:00:00,2018,10,13,Natural disaster,14087,14315,Somali,ET05,SA,Active
131181,Countrywide monitoring,Ethiopia,ETH,Oromia,ET04,East Borena,ET0422,2,24905,2018-10-30T00:00:00,2018,10,13,Conflict,13031,11874,Somali,ET05,SA,Active
131052,Countrywide monitoring,Ethiopia,ETH,Afar,ET02,Kilbati /Zone2,ET0202,2,1680,2018-10-30T00:00:00,2018,10,13,Conflict,896,784,Afar,ET02,SA,Active
131002,Countrywide monitoring,Ethiopia,ETH,Afar,ET02,Hari /Zone 5,ET0205,2,1841,2018-10-30T00:00:00,2018,10,13,Conflict,1005,836,Amhara,ET03,SA,Active
131020,Countrywide monitoring,Ethiopia,ETH,Afar,ET02,Hari /Zone 5,ET0205,2,2635,2018-10-30T00:00:00,2018,10,13,Natural disaster,1364,1271,Afar,ET02,SA,Active
131132,Countrywide monitoring,Ethiopia,ETH,Amhara,ET03,Bahir Dar City Admin,ET0314,2,96,2018-10-30T00:00:00,2018,10,13,Conflict,48,48,Somali,ET05,SA,Active
131138,Countrywide monitoring,Ethiopia,ETH,Amhara,ET03,Bahir Dar City Admin,ET0314,2,428,2018-10-30T00:00:00,2018,10,13,Conflict,204,224,Oromia,ET04,SA,Active
131085,Countrywide monitoring,Ethiopia,ETH,Afar,ET02,Kilbati /Zone2,ET0202,2,9666,2018-10-30T00:00:00,2018,10,13,Natural disaster,4971,4695,Afar,ET02,SA,Active
79458,Countrywide monitoring,Ethiopia,ETH,Somali,ET05,Fafan,ET0502,2,142816,2018-10-30T00:00:00,2018,10,13,Conflict,64970,77846,Oromia,ET04,SA,Active
79432,Countrywide monitoring,Ethiopia,ETH,Somali,ET05,Fafan,ET0502,2,68007,2018-10-30T00:00:00,2018,10,13,Conflict,31667,36340,Somali,ET05,SA,Active
79398,Countrywide monitoring,Ethiopia,ETH,Somali,ET05,Fafan,ET0502,2,8397,2018-10-30T00:00:00,2018,10,13,Natural disaster,4334,4063,Somali,ET05,SA,Active
79358,Countrywide monitoring,Ethiopia,ETH,Somali,ET05,Erer,ET0504,2,25412,2018-10-30T00:00:00,2018,10,13,Natural disaster,12540,12872,Somali,ET05,SA,Active
79237,Countrywide monitoring,Ethiopia,ETH,Oromia,ET04,Arsi,ET0408,2,1731,2018-10-30T00:00:00,2018,10,13,Conflict,997,734,Somali,ET05,SA,Active
79281,Countrywide monitoring,Ethiopia,ETH,Oromia,ET04,Arsi,ET0408,2,3624,2018-10-30T00:00:00,2018,10,13,Natural disaster,1849,1775,Oromia,ET04,SA,Active
79303,Countrywide monitoring,Ethiopia,ETH,Oromia,ET04,Bale,ET0411,2,8700,2018-10-30T00:00:00,2018,10,13,Economic reasons,4350,4350,Oromia,ET04,SA,Active
79191,Countrywide monitoring,Ethiopia,ETH,Harari,ET13,Harari,ET1301,2,1755,2018-10-30T00:00:00,2018,10,13,Conflict,886,869,Somali,ET05,SA,Active
79154,Countrywide monitoring,Ethiopia,ETH,Gambela,ET12,Nuwer,ET1201,2,13905,2018-10-30T00:00:00,2018,10,13,Conflict,7153,6752,Gambela,ET12,SA,Active
74222,Countrywide monitoring,Ethiopia,ETH,Tigray,ET01,Eastern,ET0103,2,4810,2018-10-30T00:00:00,2018,10,13,Conflict,2955,1855,Amhara,ET03,SA,Active
74199,Countrywide monitoring,Ethiopia,ETH,Tigray,ET01,Eastern,ET0103,2,692,2018-10-30T00:00:00,2018,10,13,Conflict,321,371,Tigray,ET01,SA,Active
74200,Countrywide monitoring,Ethiopia,ETH,Tigray,ET01,Eastern,ET0103,2,745,2018-10-30T00:00:00,2018,10,13,Conflict,498,247,Oromia,ET04,SA,Active
74137,Countrywide monitoring,Ethiopia,ETH,Tigray,ET01,Central,ET0102,2,6027,2018-10-30T00:00:00,2018,10,13,Conflict,3643,2384,Amhara,ET03,SA,Active
74144,Countrywide monitoring,Ethiopia,ETH,Tigray,ET01,Central,ET0102,2,6333,2018-10-30T00:00:00,2018,10,13,Conflict,2880,3453,Tigray,ET01,SA,Active
74103,Countrywide monitoring,Ethiopia,ETH,Tigray,ET01,Central,ET0102,2,36,2018-10-30T00:00:00,2018,10,13,Conflict,24,12,Somali,ET05,SA,Active
74104,Countrywide monitoring,Ethiopia,ETH,Tigray,ET01,Central,ET0102,2,53,2018-10-30T00:00:00,2018,10,13,Conflict,27,26,Oromia,ET04,SA,Active
74023,Countrywide monitoring,Ethiopia,ETH,Oromia,ET04,Shager City,ET0420,2,17482,2018-10-30T00:00:00,2018,10,13,Natural disaster,8576,8906,Amhara,ET03,SA,Active
74039,Countrywide monitoring,Ethiopia,ETH,Oromia,ET04,South West Shewa,ET0413,2,181,2018-10-30T00:00:00,2018,10,13,Conflict,80,101,Somali,ET05,SA,Active
73989,Countrywide monitoring,Ethiopia,ETH,Oromia,ET04,Shager City,ET0420,2,83,2018-10-30T00:00:00,2018,10,13,Conflict,39,44,Somali,ET05,SA,Active
73959,Countrywide monitoring,Ethiopia,ETH,Oromia,ET04,North Shewa (OR),ET0406,2,102,2018-10-30T00:00:00,2018,10,13,Conflict,53,49,Oromia,ET04,SA,Active
74004,Countrywide monitoring,Ethiopia,ETH,Oromia,ET04,Shager City,ET0420,2,769,2018-10-30T00:00:00,2018,10,13,Conflict,399,370,Oromia,ET04,SA,Active
74005,Countrywide monitoring,Ethiopia,ETH,Oromia,ET04,Shager City,ET0420,2,1250,2018-10-30T00:00:00,2018,10,13,Natural disaster,650,600,Gambela,ET12,SA,Active
74001,Countrywide monitoring,Ethiopia,ETH,Oromia,ET04,Shager City,ET0420,2,281,2018-10-30T00:00:00,2018,10,13,Natural disaster,157,124,Oromia,ET04,SA,Active
73942,Countrywide monitoring,Ethiopia,ETH,Oromia,ET04,Kelem Wellega,ET0418,2,27328,2018-10-30T00:00:00,2018,10,13,Natural disaster,14240,13088,Oromia,ET04,SA,Active
73920,Countrywide monitoring,Ethiopia,ETH,Oromia,ET04,Kelem Wellega,ET0418,2,28,2018-10-30T00:00:00,2018,10,13,Conflict,23,5,Somali,ET05,SA,Active
73915,Countrywide monitoring,Ethiopia,ETH,Oromia,ET04,Jimma,ET0404,2,15527,2018-10-30T00:00:00,2018,10,13,Other reason,7779,7748,Oromia,ET04,SA,Active
73752,Countrywide monitoring,Ethiopia,ETH,Amhara,ET03,Oromia,ET0310,2,194,2018-10-30T00:00:00,2018,10,13,Conflict,95,99,Afar,ET02,SA,Active
73719,Countrywide monitoring,Ethiopia,ETH,Amhara,ET03,North Wello,ET0303,2,2713,2018-10-30T00:00:00,2018,10,13,Conflict,1348,1365,Oromia,ET04,SA,Active
73693,Countrywide monitoring,Ethiopia,ETH,Amhara,ET03,North Wello,ET0303,2,182,2018-10-30T00:00:00,2018,10,13,Conflict,182,0,Tigray,ET01,SA,Active
73812,Countrywide monitoring,Ethiopia,ETH,Amhara,ET03,South Gondar,ET0302,2,1716,2018-10-30T00:00:00,2018,10,13,Conflict,911,805,Oromia,ET04,SA,Active
73765,Countrywide monitoring,Ethiopia,ETH,Amhara,ET03,Oromia,ET0310,2,855,2018-10-30T00:00:00,2018,10,13,Conflict,429,426,Amhara,ET03,SA,Active
73860,Countrywide monitoring,Ethiopia,ETH,Amhara,ET03,South Wello,ET0304,2,223,2018-10-30T00:00:00,2018,10,13,Conflict,109,114,Somali,ET05,SA,Active
73901,Countrywide monitoring,Ethiopia,ETH,Oromia,ET04,Jimma,ET0404,2,9133,2018-10-30T00:00:00,2018,10,13,Natural disaster,4664,4469,Oromia,ET04,SA,Active
44991,Countrywide monitoring,Ethiopia,ETH,Somali,ET05,Liban,ET0509,2,70695,2018-10-30T00:00:00,2018,10,13,Conflict,34908,35787,Oromia,ET04,SA,Active
44956,Countrywide monitoring,Ethiopia,ETH,Somali,ET05,Liban,ET0509,2,28766,2018-10-30T00:00:00,2018,10,13,Conflict,14016,14750,Somali,ET05,SA,Active
45036,Countrywide monitoring,Ethiopia,ETH,Somali,ET05,Nogob,ET0510,2,4718,2018-10-30T00:00:00,2018,10,13,Conflict,2124,2594,Not available,Not available,SA,Active
45044,Countrywide monitoring,Ethiopia,ETH,Somali,ET05,Nogob,ET0510,2,28784,2018-10-30T00:00:00,2018,10,13,Conflict,13927,14857,Somali,ET05,SA,Active
44911,Countrywide monitoring,Ethiopia,ETH,Somali,ET05,Korahe,ET0505,2,21565,2018-10-30T00:00:00,2018,10,13,Natural disaster,11146,10419,Somali,ET05,SA,Active
44937,Countrywide monitoring,Ethiopia,ETH,Somali,ET05,Liban,ET0509,2,1813,2018-10-30T00:00:00,2018,10,13,Natural disaster,917,896,Somali,ET05,SA,Active
44872,Countrywide monitoring,Ethiopia,ETH,Somali,ET05,Jarar,ET0503,2,46788,2018-10-30T00:00:00,2018,10,13,Natural disaster,23186,23602,Somali,ET05,SA,Active
44857,Countrywide monitoring,Ethiopia,ETH,Oromia,ET04,East Borena,ET0422,2,4876,2018-10-30T00:00:00,2018,10,13,Natural disaster,2438,2438,Oromia,ET04,SA,Active
44858,Countrywide monitoring,Ethiopia,ETH,Oromia,ET04,East Borena,ET0422,2,5297,2018-10-30T00:00:00,2018,10,13,Conflict,2716,2581,Oromia,ET04,SA,Active
44852,Countrywide monitoring,Ethiopia,ETH,Oromia,ET04,East Borena,ET0422,2,1556,2018-10-30T00:00:00,2018,10,13,Conflict,816,740,Amhara,ET03,SA,Active
44853,Countrywide monitoring,Ethiopia,ETH,Oromia,ET04,East Borena,ET0422,2,3600,2018-10-30T00:00:00,2018,10,13,Natural disaster,1860,1740,Amhara,ET03,SA,Active
44770,Countrywide monitoring,Ethiopia,ETH,Oromia,ET04,Borena,ET0412,2,97532,2018-10-30T00:00:00,2018,10,13,Conflict,44223,53309,Somali,ET05,SA,Active
44789,Countrywide monitoring,Ethiopia,ETH,Oromia,ET04,Borena,ET0412,2,137559,2018-10-30T00:00:00,2018,10,13,Conflict,62111,75448,Oromia,ET04,SA,Active
44705,Countrywide monitoring,Ethiopia,ETH,Oromia,ET04,Bale,ET0411,2,97698,2018-10-30T00:00:00,2018,10,13,Conflict,49125,48573,Somali,ET05,SA,Active
44732,Countrywide monitoring,Ethiopia,ETH,Oromia,ET04,Borena,ET0412,2,12035,2018-10-30T00:00:00,2018,10,13,Natural disaster,5528,6507,Oromia,ET04,SA,Active
44686,Countrywide monitoring,Ethiopia,ETH,Oromia,ET04,Bale,ET0411,2,31606,2018-10-30T00:00:00,2018,10,13,Conflict,15650,15956,Oromia,ET04,SA,Active
35193,Countrywide monitoring,Ethiopia,ETH,Afar,ET02,Hari /Zone 5,ET0205,2,220,2018-10-30T00:00:00,2018,10,13,Conflict,106,114,Afar,ET02,SA,Active
35160,Countrywide monitoring,Ethiopia,ETH,Afar,ET02,Gabi /Zone 3,ET0203,2,16628,2018-10-30T00:00:00,2018,10,13,Natural disaster,8400,8228,Afar,ET02,SA,Active
35128,Countrywide monitoring,Ethiopia,ETH,Afar,ET02,Fanti /Zone 4,ET0204,2,5831,2018-10-30T00:00:00,2018,10,13,Natural disaster,2998,2833,Afar,ET02,SA,Active
35067,Countrywide monitoring,Ethiopia,ETH,Afar,ET02,Awsi /Zone 1,ET0201,2,9836,2018-10-30T00:00:00,2018,10,13,Natural disaster,4957,4879,Afar,ET02,SA,Active
35048,Countrywide monitoring,Ethiopia,ETH,Addis Ababa,ET14,Region 14,ET1401,2,6490,2018-10-30T00:00:00,2018,10,13,Conflict,3060,3430,Somali,ET05,SA,Active
35049,Countrywide monitoring,Ethiopia,ETH,Addis Ababa,ET14,Region 14,ET1401,2,6583,2018-12-31T00:00:00,2018,12,14,Conflict,3153,3430,Addis Ababa,ET14,SA,Active
35071,Countrywide monitoring,Ethiopia,ETH,Afar,ET02,Awsi /Zone 1,ET0201,2,10784,2018-12-31T00:00:00,2018,12,14,Natural disaster,5322,5462,Afar,ET02,SA,Active
35127,Countrywide monitoring,Ethiopia,ETH,Afar,ET02,Fanti /Zone 4,ET0204,2,5763,2018-12-31T00:00:00,2018,12,14,Natural disaster,2936,2827,Afar,ET02,SA,Active
35139,Countrywide monitoring,Ethiopia,ETH,Afar,ET02,Gabi /Zone 3,ET0203,2,5024,2018-12-31T00:00:00,2018,12,14,Natural disaster,2564,2460,Somali,ET05,SA,Active
35169,Countrywide monitoring,Ethiopia,ETH,Afar,ET02,Gabi /Zone 3,ET0203,2,18818,2018-12-31T00:00:00,2018,12,14,Natural disaster,9319,9499,Afar,ET02,SA,Active
35194,Countrywide monitoring,Ethiopia,ETH,Afar,ET02,Hari /Zone 5,ET0205,2,221,2018-12-31T00:00:00,2018,12,14,Conflict,114,107,Afar,ET02,SA,Active
44697,Countrywide monitoring,Ethiopia,ETH,Oromia,ET04,Bale,ET0411,2,59803,2018-12-31T00:00:00,2018,12,14,Conflict,29413,30390,Oromia,ET04,SA,Active
44698,Countrywide monitoring,Ethiopia,ETH,Oromia,ET04,Bale,ET0411,2,62335,2018-12-31T00:00:00,2018,12,14,Conflict,30875,31460,Somali,ET05,SA,Active
44717,Countrywide monitoring,Ethiopia,ETH,Oromia,ET04,Borena,ET0412,2,2653,2018-12-31T00:00:00,2018,12,14,Natural disaster,1140,1513,Oromia,ET04,SA,Active
44793,Countrywide monitoring,Ethiopia,ETH,Oromia,ET04,Borena,ET0412,2,184097,2018-12-31T00:00:00,2018,12,14,Conflict,86064,98033,Oromia,ET04,SA,Active
44794,Countrywide monitoring,Ethiopia,ETH,Oromia,ET04,Buno Bedele,ET0416,2,1250,2018-12-31T00:00:00,2018,12,14,Natural disaster,650,600,Oromia,ET04,SA,Active
44774,Countrywide monitoring,Ethiopia,ETH,Oromia,ET04,Borena,ET0412,2,101946,2018-12-31T00:00:00,2018,12,14,Conflict,46291,55655,Somali,ET05,SA,Active
44862,Countrywide monitoring,Ethiopia,ETH,Oromia,ET04,East Borena,ET0422,2,17400,2018-12-31T00:00:00,2018,12,14,Natural disaster,8348,9052,Oromia,ET04,SA,Active
44871,Countrywide monitoring,Ethiopia,ETH,Somali,ET05,Jarar,ET0503,2,45230,2018-12-31T00:00:00,2018,12,14,Natural disaster,22515,22715,Somali,ET05,SA,Active
44935,Countrywide monitoring,Ethiopia,ETH,Somali,ET05,Liban,ET0509,2,1805,2018-12-31T00:00:00,2018,12,14,Natural disaster,850,955,Somali,ET05,SA,Active
44907,Countrywide monitoring,Ethiopia,ETH,Somali,ET05,Korahe,ET0505,2,21083,2018-12-31T00:00:00,2018,12,14,Natural disaster,10878,10205,Somali,ET05,SA,Active
45035,Countrywide monitoring,Ethiopia,ETH,Somali,ET05,Nogob,ET0510,2,1824,2018-12-31T00:00:00,2018,12,14,Natural disaster,897,927,Somali,ET05,SA,Active
44961,Countrywide monitoring,Ethiopia,ETH,Somali,ET05,Liban,ET0509,2,33808,2018-12-31T00:00:00,2018,12,14,Conflict,16252,17556,Somali,ET05,SA,Active
44976,Countrywide monitoring,Ethiopia,ETH,Somali,ET05,Liban,ET0509,2,40779,2018-12-31T00:00:00,2018,12,14,Conflict,19412,21367,Oromia,ET04,SA,Active
73887,Countrywide monitoring,Ethiopia,ETH,Oromia,ET04,Jimma,ET0404,2,6097,2018-12-31T00:00:00,2018,12,14,Other reason,2843,3254,Oromia,ET04,SA,Active
73871,Countrywide monitoring,Ethiopia,ETH,Amhara,ET03,South Wello,ET0304,2,415,2018-12-31T00:00:00,2018,12,14,Conflict,190,225,Somali,ET05,SA,Active
73766,Countrywide monitoring,Ethiopia,ETH,Amhara,ET03,Oromia,ET0310,2,871,2018-12-31T00:00:00,2018,12,14,Conflict,453,418,Amhara,ET03,SA,Active
73817,Countrywide monitoring,Ethiopia,ETH,Amhara,ET03,South Gondar,ET0302,2,3384,2018-12-31T00:00:00,2018,12,14,Conflict,1713,1671,Oromia,ET04,SA,Active
73697,Countrywide monitoring,Ethiopia,ETH,Amhara,ET03,North Wello,ET0303,2,284,2018-12-31T00:00:00,2018,12,14,Conflict,284,0,Tigray,ET01,SA,Active
73717,Countrywide monitoring,Ethiopia,ETH,Amhara,ET03,North Wello,ET0303,2,2331,2018-12-31T00:00:00,2018,12,14,Conflict,1147,1184,Oromia,ET04,SA,Active
73753,Countrywide monitoring,Ethiopia,ETH,Amhara,ET03,Oromia,ET0310,2,194,2018-12-31T00:00:00,2018,12,14,Conflict,95,99,Afar,ET02,SA,Active
73903,Countrywide monitoring,Ethiopia,ETH,Oromia,ET04,Jimma,ET0404,2,9256,2018-12-31T00:00:00,2018,12,14,Natural disaster,4504,4752,Oromia,ET04,SA,Active
73921,Countrywide monitoring,Ethiopia,ETH,Oromia,ET04,Kelem Wellega,ET0418,2,28,2018-12-31T00:00:00,2018,12,14,Conflict,21,7,Somali,ET05,SA,Active
73943,Countrywide monitoring,Ethiopia,ETH,Oromia,ET04,Kelem Wellega,ET0418,2,28520,2018-12-31T00:00:00,2018,12,14,Natural disaster,14438,14082,Oromia,ET04,SA,Active
73951,Countrywide monitoring,Ethiopia,ETH,Oromia,ET04,North Shewa (OR),ET0406,2,38,2018-12-31T00:00:00,2018,12,14,Conflict,17,21,Somali,ET05,SA,Active
73953,Countrywide monitoring,Ethiopia,ETH,Oromia,ET04,North Shewa (OR),ET0406,2,70,2018-12-31T00:00:00,2018,12,14,Conflict,36,34,Oromia,ET04,SA,Active
73992,Countrywide monitoring,Ethiopia,ETH,Oromia,ET04,Shager City,ET0420,2,123,2018-12-31T00:00:00,2018,12,14,Conflict,63,60,Somali,ET05,SA,Active
74020,Countrywide monitoring,Ethiopia,ETH,Oromia,ET04,Shager City,ET0420,2,16310,2018-12-31T00:00:00,2018,12,14,Natural disaster,7610,8700,Oromia,ET04,SA,Active
74033,Countrywide monitoring,Ethiopia,ETH,Oromia,ET04,South West Shewa,ET0413,2,176,2018-12-31T00:00:00,2018,12,14,Conflict,79,97,Oromia,ET04,SA,Active
74117,Countrywide monitoring,Ethiopia,ETH,Tigray,ET01,Central,ET0102,2,234,2018-12-31T00:00:00,2018,12,14,Conflict,135,99,Somali,ET05,SA,Active
74143,Countrywide monitoring,Ethiopia,ETH,Tigray,ET01,Central,ET0102,2,6323,2018-12-31T00:00:00,2018,12,14,Conflict,2911,3412,Tigray,ET01,SA,Active
74153,Countrywide monitoring,Ethiopia,ETH,Tigray,ET01,Central,ET0102,2,8083,2018-12-31T00:00:00,2018,12,14,Conflict,4509,3574,Amhara,ET03,SA,Active
74194,Countrywide monitoring,Ethiopia,ETH,Tigray,ET01,Eastern,ET0103,2,682,2018-12-31T00:00:00,2018,12,14,Conflict,313,369,Tigray,ET01,SA,Active
74171,Countrywide monitoring,Ethiopia,ETH,Tigray,ET01,Eastern,ET0103,2,81,2018-12-31T00:00:00,2018,12,14,Conflict,48,33,Harari,ET13,SA,Active
74172,Countrywide monitoring,Ethiopia,ETH,Tigray,ET01,Eastern,ET0103,2,83,2018-12-31T00:00:00,2018,12,14,Conflict,64,19,Somali,ET05,SA,Active
74219,Countrywide monitoring,Ethiopia,ETH,Tigray,ET01,Eastern,ET0103,2,4259,2018-12-31T00:00:00,2018,12,14,Conflict,2727,1532,Amhara,ET03,SA,Active
74226,Countrywide monitoring,Ethiopia,ETH,Tigray,ET01,Eastern,ET0103,2,7372,2018-12-31T00:00:00,2018,12,14,Conflict,4646,2726,Oromia,ET04,SA,Active
79153,Countrywide monitoring,Ethiopia,ETH,Gambela,ET12,Nuwer,ET1201,2,13817,2018-12-31T00:00:00,2018,12,14,Conflict,7591,6226,Gambela,ET12,SA,Active
79194,Countrywide monitoring,Ethiopia,ETH,Harari,ET13,Harari,ET1301,2,2044,2018-12-31T00:00:00,2018,12,14,Conflict,1031,1013,Somali,ET05,SA,Active
79304,Countrywide monitoring,Ethiopia,ETH,Oromia,ET04,Bale,ET0411,2,8700,2018-12-31T00:00:00,2018,12,14,Economic reasons,4350,4350,Oromia,ET04,SA,Active
79280,Countrywide monitoring,Ethiopia,ETH,Oromia,ET04,Arsi,ET0408,2,3567,2018-12-31T00:00:00,2018,12,14,Natural disaster,1773,1794,Oromia,ET04,SA,Active
79238,Countrywide monitoring,Ethiopia,ETH,Oromia,ET04,Arsi,ET0408,2,1786,2018-12-31T00:00:00,2018,12,14,Conflict,1031,755,Somali,ET05,SA,Active
79355,Countrywide monitoring,Ethiopia,ETH,Somali,ET05,Erer,ET0504,2,24024,2018-12-31T00:00:00,2018,12,14,Natural disaster,11637,12387,Somali,ET05,SA,Active
79331,Countrywide monitoring,Ethiopia,ETH,Somali,ET05,Erer,ET0504,2,1252,2018-12-31T00:00:00,2018,12,14,Conflict,607,645,Oromia,ET04,SA,Active
79400,Countrywide monitoring,Ethiopia,ETH,Somali,ET05,Fafan,ET0502,2,8428,2018-12-31T00:00:00,2018,12,14,Natural disaster,4064,4364,Somali,ET05,SA,Active
79435,Countrywide monitoring,Ethiopia,ETH,Somali,ET05,Fafan,ET0502,2,81474,2018-12-31T00:00:00,2018,12,14,Conflict,38024,43450,Somali,ET05,SA,Active
79452,Countrywide monitoring,Ethiopia,ETH,Somali,ET05,Fafan,ET0502,2,125114,2018-12-31T00:00:00,2018,12,14,Conflict,57321,67793,Oromia,ET04,SA,Active
131080,Countrywide monitoring,Ethiopia,ETH,Afar,ET02,Kilbati /Zone2,ET0202,2,9265,2018-12-31T00:00:00,2018,12,14,Natural disaster,4900,4365,Afar,ET02,SA,Active
131142,Countrywide monitoring,Ethiopia,ETH,Amhara,ET03,Bahir Dar City Admin,ET0314,2,836,2018-12-31T00:00:00,2018,12,14,Conflict,438,398,Amhara,ET03,SA,Active
131016,Countrywide monitoring,Ethiopia,ETH,Afar,ET02,Hari /Zone 5,ET0205,2,2572,2018-12-31T00:00:00,2018,12,14,Natural disaster,1321,1251,Afar,ET02,SA,Active
131003,Countrywide monitoring,Ethiopia,ETH,Afar,ET02,Hari /Zone 5,ET0205,2,1852,2018-12-31T00:00:00,2018,12,14,Conflict,960,892,Amhara,ET03,SA,Active
131043,Countrywide monitoring,Ethiopia,ETH,Afar,ET02,Kilbati /Zone2,ET0202,2,1344,2018-12-31T00:00:00,2018,12,14,Conflict,728,616,Afar,ET02,SA,Active
131179,Countrywide monitoring,Ethiopia,ETH,Oromia,ET04,East Borena,ET0422,2,21236,2018-12-31T00:00:00,2018,12,14,Conflict,10366,10870,Oromia,ET04,SA,Active
131164,Countrywide monitoring,Ethiopia,ETH,Amhara,ET03,Central Gondar,ET0311,2,1020,2018-12-31T00:00:00,2018,12,14,Conflict,497,523,Amhara,ET03,SA,Active
131217,Countrywide monitoring,Ethiopia,ETH,Oromia,ET04,East Hararge,ET0410,2,210,2018-12-31T00:00:00,2018,12,14,Natural disaster,107,103,Oromia,ET04,SA,Active
131294,Countrywide monitoring,Ethiopia,ETH,Oromia,ET04,East Hararge,ET0410,2,150994,2018-12-31T00:00:00,2018,12,14,Conflict,73035,77959,Oromia,ET04,SA,Active
131281,Countrywide monitoring,Ethiopia,ETH,Oromia,ET04,East Hararge,ET0410,2,96684,2018-12-31T00:00:00,2018,12,14,Conflict,47286,49398,Somali,ET05,SA,Active
131298,Countrywide monitoring,Ethiopia,ETH,Oromia,ET04,East Shewa,ET0407,2,648,2018-12-31T00:00:00,2018,12,14,Natural disaster,273,375,Oromia,ET04,SA,Active
131363,Countrywide monitoring,Ethiopia,ETH,Somali,ET05,Nogob,ET0510,2,71603,2018-12-31T00:00:00,2018,12,14,Conflict,34277,37326,Oromia,ET04,SA,Active
131355,Countrywide monitoring,Ethiopia,ETH,Oromia,ET04,East Wellega,ET0402,2,27597,2018-12-31T00:00:00,2018,12,14,Natural disaster,13754,13843,Oromia,ET04,SA,Active
131405,Countrywide monitoring,Ethiopia,ETH,Somali,ET05,Shabelle,ET0506,2,36369,2018-12-31T00:00:00,2018,12,14,Natural disaster,17526,18843,Somali,ET05,SA,Active
131377,Countrywide monitoring,Ethiopia,ETH,Somali,ET05,Nogob,ET0510,2,158682,2018-12-31T00:00:00,2018,12,14,Conflict,73950,84732,Somali,ET05,SA,Active
131481,Countrywide monitoring,Ethiopia,ETH,Somali,ET05,Siti,ET0501,2,48633,2018-12-31T00:00:00,2018,12,14,Natural disaster,24808,23825,Somali,ET05,SA,Active
131523,Countrywide monitoring,Ethiopia,ETH,South Ethiopia People,ET08,Amaro,ET0808,2,5306,2018-12-31T00:00:00,2018,12,14,Conflict,3031,2275,Oromia,ET04,SA,Active
135202,Countrywide monitoring,Ethiopia,ETH,Dire Dawa,ET15,Dire Dawa urban,ET1501,2,8490,2018-12-31T00:00:00,2018,12,14,Conflict,4030,4460,Oromia,ET04,SA,Active
135184,Countrywide monitoring,Ethiopia,ETH,Dire Dawa,ET15,Dire Dawa urban,ET1501,2,2755,2018-12-31T00:00:00,2018,12,14,Conflict,1305,1450,Dire Dawa,ET15,SA,Active
135284,Countrywide monitoring,Ethiopia,ETH,Gambela,ET12,Nuwer,ET1201,2,3746,2018-12-31T00:00:00,2018,12,14,Natural disaster,1980,1766,Gambela,ET12,SA,Active
135290,Countrywide monitoring,Ethiopia,ETH,Somali,ET05,Afder,ET0508,2,5089,2018-12-31T00:00:00,2018,12,14,Conflict,2439,2650,Oromia,ET04,SA,Active
135262,Countrywide monitoring,Ethiopia,ETH,Gambela,ET12,Itang Special woreda,ET1204,2,3907,2018-12-31T00:00:00,2018,12,14,Conflict,1901,2006,Gambela,ET12,SA,Active
135228,Countrywide monitoring,Ethiopia,ETH,Gambela,ET12,Agnewak,ET1202,2,3219,2018-12-31T00:00:00,2018,12,14,Conflict,1672,1547,Gambela,ET12,SA,Active
135322,Countrywide monitoring,Ethiopia,ETH,Somali,ET05,Afder,ET0508,2,56335,2018-12-31T00:00:00,2018,12,14,Natural disaster,27703,28632,Somali,ET05,SA,Active
135310,Countrywide monitoring,Ethiopia,ETH,Somali,ET05,Afder,ET0508,2,34628,2018-12-31T00:00:00,2018,12,14,Conflict,17981,16647,Somali,ET05,SA,Active
135356,Countrywide monitoring,Ethiopia,ETH,Somali,ET05,Daawa,ET0511,2,1417,2018-12-31T00:00:00,2018,12,14,Conflict,679,738,Somali,ET05,SA,Active
135348,Countrywide monitoring,Ethiopia,ETH,Somali,ET05,Daawa,ET0511,2,1247,2018-12-31T00:00:00,2018,12,14,Natural disaster,590,657,Somali,ET05,SA,Active
135376,Countrywide monitoring,Ethiopia,ETH,Somali,ET05,Daawa,ET0511,2,28766,2018-12-31T00:00:00,2018,12,14,Conflict,14044,14722,Oromia,ET04,SA,Active
135433,Countrywide monitoring,Ethiopia,ETH,Somali,ET05,Doolo,ET0507,2,4895,2018-12-31T00:00:00,2018,12,14,Conflict,2388,2507,Somali,ET05,SA,Active
135462,Countrywide monitoring,Ethiopia,ETH,Somali,ET05,Doolo,ET0507,2,90405,2018-12-31T00:00:00,2018,12,14,Natural disaster,46848,43557,Somali,ET05,SA,Active
138042,Countrywide monitoring,Ethiopia,ETH,Amhara,ET03,South Wello,ET0304,2,479,2018-12-31T00:00:00,2018,12,14,Conflict,229,250,Oromia,ET04,SA,Active
137009,Countrywide monitoring,Ethiopia,ETH,Tigray,ET01,Southern,ET0104,2,9305,2018-12-31T00:00:00,2018,12,14,Conflict,5457,3848,Oromia,ET04,SA,Active
136927,Countrywide monitoring,Ethiopia,ETH,Oromia,ET04,West Wellega,ET0401,2,141752,2018-12-31T00:00:00,2018,12,14,Conflict,72447,69305,Benishangul-Gumuz,ET06,SA,Active
136860,Countrywide monitoring,Ethiopia,ETH,Oromia,ET04,West Shewa,ET0405,2,342,2018-12-31T00:00:00,2018,12,14,Conflict,190,152,Somali,ET05,SA,Active
136846,Countrywide monitoring,Ethiopia,ETH,Oromia,ET04,West Hararge,ET0409,2,63921,2018-12-31T00:00:00,2018,12,14,Conflict,32232,31689,Oromia,ET04,SA,Active
136896,Countrywide monitoring,Ethiopia,ETH,Oromia,ET04,West Wellega,ET0401,2,2021,2018-12-31T00:00:00,2018,12,14,Conflict,1000,1021,Oromia,ET04,SA,Active
138080,Countrywide monitoring,Ethiopia,ETH,Amhara,ET03,Wag Hamra,ET0308,2,152,2018-12-31T00:00:00,2018,12,14,Natural disaster,80,72,Amhara,ET03,SA,Active
138135,Countrywide monitoring,Ethiopia,ETH,Amhara,ET03,West Gojam,ET0307,2,306,2018-12-31T00:00:00,2018,12,14,Conflict,134,172,Oromia,ET04,SA,Active
138159,Countrywide monitoring,Ethiopia,ETH,Amhara,ET03,West Gojam,ET0307,2,1803,2018-12-31T00:00:00,2018,12,14,Conflict,844,959,Benishangul-Gumuz,ET06,SA,Active
138143,Countrywide monitoring,Ethiopia,ETH,Amhara,ET03,West Gojam,ET0307,2,581,2018-12-31T00:00:00,2018,12,14,Conflict,287,294,Amhara,ET03,SA,Active
138126,Countrywide monitoring,Ethiopia,ETH,Amhara,ET03,West Gojam,ET0307,2,109,2018-12-31T00:00:00,2018,12,14,Conflict,99,10,Somali,ET05,SA,Active
138184,Countrywide monitoring,Ethiopia,ETH,Amhara,ET03,West Gondar,ET0312,2,524,2018-12-31T00:00:00,2018,12,14,Conflict,252,272,Amhara,ET03,SA,Active
138281,Countrywide monitoring,Ethiopia,ETH,Oromia,ET04,West Arsi,ET0417,2,1073,2018-12-31T00:00:00,2018,12,14,Conflict,583,490,Somali,ET05,SA,Active
138300,Countrywide monitoring,Ethiopia,ETH,Oromia,ET04,West Arsi,ET0417,2,1916,2018-12-31T00:00:00,2018,12,14,Conflict,1024,892,Oromia,ET04,SA,Active
138301,Countrywide monitoring,Ethiopia,ETH,Oromia,ET04,West Arsi,ET0417,2,1963,2018-12-31T00:00:00,2018,12,14,Natural disaster,998,965,Oromia,ET04,SA,Active
138337,Countrywide monitoring,Ethiopia,ETH,Oromia,ET04,West Guji,ET0415,2,2848,2018-12-31T00:00:00,2018,12,14,Conflict,1504,1344,Oromia,ET04,SA,Active
138344,Countrywide monitoring,Ethiopia,ETH,Oromia,ET04,West Guji,ET0415,2,12210,2018-12-31T00:00:00,2018,12,14,Natural disaster,6045,6165,Oromia,ET04,SA,Active
138400,Countrywide monitoring,Ethiopia,ETH,Oromia,ET04,West Hararge,ET0409,2,7287,2018-12-31T00:00:00,2018,12,14,Natural disaster,3894,3393,Somali,ET05,SA,Active
140748,Countrywide monitoring,Ethiopia,ETH,Amhara,ET03,East Gojam,ET0306,2,102,2018-12-31T00:00:00,2018,12,14,Natural disaster,51,51,Amhara,ET03,SA,Active
138381,Countrywide monitoring,Ethiopia,ETH,Oromia,ET04,West Hararge,ET0409,2,3480,2018-12-31T00:00:00,2018,12,14,Conflict,1683,1797,Somali,ET05,SA,Active
140832,Countrywide monitoring,Ethiopia,ETH,Amhara,ET03,North Shewa (AM),ET0305,2,128,2018-12-31T00:00:00,2018,12,14,Conflict,60,68,Oromia,ET04,SA,Active
140929,Countrywide monitoring,Ethiopia,ETH,Oromia,ET04,East Wellega,ET0402,2,44274,2018-12-31T00:00:00,2018,12,14,Conflict,21576,22698,Oromia,ET04,SA,Active
140934,Countrywide monitoring,Ethiopia,ETH,Oromia,ET04,East Wellega,ET0402,2,54418,2018-12-31T00:00:00,2018,12,14,Conflict,26572,27846,Benishangul-Gumuz,ET06,SA,Active
140959,Countrywide monitoring,Ethiopia,ETH,Oromia,ET04,Guji,ET0414,2,418,2018-12-31T00:00:00,2018,12,14,Natural disaster,201,217,Somali,ET05,SA,Active
140970,Countrywide monitoring,Ethiopia,ETH,Oromia,ET04,Guji,ET0414,2,479,2018-12-31T00:00:00,2018,12,14,Economic reasons,226,253,Somali,ET05,SA,Active
141043,Countrywide monitoring,Ethiopia,ETH,Oromia,ET04,Guji,ET0414,2,69670,2018-12-31T00:00:00,2018,12,14,Conflict,33460,36210,Oromia,ET04,SA,Active
140998,Countrywide monitoring,Ethiopia,ETH,Oromia,ET04,Guji,ET0414,2,5290,2018-12-31T00:00:00,2018,12,14,Conflict,2587,2703,Somali,ET05,SA,Active
141071,Countrywide monitoring,Ethiopia,ETH,Oromia,ET04,Jimma,ET0404,2,101,2018-12-31T00:00:00,2018,12,14,Conflict,49,52,Somali,ET05,SA,Active
147541,Countrywide monitoring,Ethiopia,ETH,Tigray,ET01,Mekelle,ET0107,2,25292,2018-12-31T00:00:00,2018,12,14,Conflict,14850,10442,Oromia,ET04,SA,Active
146184,Countrywide monitoring,Ethiopia,ETH,Tigray,ET01,Western,ET0105,2,1193,2018-12-31T00:00:00,2018,12,14,Conflict,778,415,Amhara,ET03,SA,Active
147566,Countrywide monitoring,Ethiopia,ETH,Tigray,ET01,North Western,ET0101,2,5869,2018-12-31T00:00:00,2018,12,14,Conflict,3389,2480,Amhara,ET03,SA,Active
147614,Countrywide monitoring,Ethiopia,ETH,Tigray,ET01,South Eastern,ET0106,2,1606,2018-12-31T00:00:00,2018,12,14,Conflict,1001,605,Oromia,ET04,SA,Active
147589,Countrywide monitoring,Ethiopia,ETH,Tigray,ET01,South Eastern,ET0106,2,111,2018-12-31T00:00:00,2018,12,14,Conflict,67,44,Amhara,ET03,SA,Active
147658,Countrywide monitoring,Ethiopia,ETH,Tigray,ET01,Southern,ET0104,2,198,2018-12-31T00:00:00,2018,12,14,Conflict,129,69,Amhara,ET03,SA,Active
147664,Countrywide monitoring,Ethiopia,ETH,Tigray,ET01,Southern,ET0104,2,254,2018-12-31T00:00:00,2018,12,14,Conflict,147,107,Somali,ET05,SA,Active
147681,Countrywide monitoring,Ethiopia,ETH,Tigray,ET01,Southern,ET0104,2,1168,2018-12-31T00:00:00,2018,12,14,Natural disaster,673,495,Tigray,ET01,SA,Active
150239,Countrywide monitoring,Ethiopia,ETH,South Ethiopia People,ET08,Burji,ET0810,2,1721,2018-12-31T00:00:00,2018,12,14,Conflict,914,807,Oromia,ET04,SA,Active
150263,Countrywide monitoring,Ethiopia,ETH,South Ethiopia People,ET08,Gamo,ET0802,2,2196,2018-12-31T00:00:00,2018,12,14,Conflict,1116,1080,Oromia,ET04,SA,Active
147685,Countrywide monitoring,Ethiopia,ETH,Tigray,ET01,Southern,ET0104,2,1287,2019-02-28T00:00:00,2019,2,15,Conflict,780,507,Not available,Not available,SA,Active
147689,Countrywide monitoring,Ethiopia,ETH,Tigray,ET01,Southern,ET0104,2,1859,2019-02-28T00:00:00,2019,2,15,Natural disaster,939,920,Tigray,ET01,SA,Active
147660,Countrywide monitoring,Ethiopia,ETH,Tigray,ET01,Southern,ET0104,2,219,2019-02-28T00:00:00,2019,2,15,Conflict,132,87,Somali,ET05,SA,Active
147653,Countrywide monitoring,Ethiopia,ETH,Tigray,ET01,Southern,ET0104,2,145,2019-02-28T00:00:00,2019,2,15,Conflict,97,48,Amhara,ET03,SA,Active
147601,Countrywide monitoring,Ethiopia,ETH,Tigray,ET01,South Eastern,ET0106,2,491,2019-02-28T00:00:00,2019,2,15,Conflict,289,202,Not available,Not available,SA,Active
147615,Countrywide monitoring,Ethiopia,ETH,Tigray,ET01,South Eastern,ET0106,2,1614,2019-02-28T00:00:00,2019,2,15,Conflict,952,662,Oromia,ET04,SA,Active
147567,Countrywide monitoring,Ethiopia,ETH,Tigray,ET01,North Western,ET0101,2,8436,2019-02-28T00:00:00,2019,2,15,Conflict,4866,3570,Not available,Not available,SA,Active
147553,Countrywide monitoring,Ethiopia,ETH,Tigray,ET01,North Western,ET0101,2,98,2019-02-28T00:00:00,2019,2,15,Conflict,62,36,Amhara,ET03,SA,Active
146185,Countrywide monitoring,Ethiopia,ETH,Tigray,ET01,Western,ET0105,2,1958,2019-02-28T00:00:00,2019,2,15,Conflict,1144,814,Not available,Not available,SA,Active
147538,Countrywide monitoring,Ethiopia,ETH,Tigray,ET01,Mekelle,ET0107,2,18137,2019-02-28T00:00:00,2019,2,15,Conflict,10210,7927,Oromia,ET04,SA,Active
147531,Countrywide monitoring,Ethiopia,ETH,Tigray,ET01,Mekelle,ET0107,2,7998,2019-02-28T00:00:00,2019,2,15,Conflict,4501,3497,Somali,ET05,SA,Active
141070,Countrywide monitoring,Ethiopia,ETH,Oromia,ET04,Jimma,ET0404,2,87,2019-02-28T00:00:00,2019,2,15,Conflict,39,48,Somali,ET05,SA,Active
141097,Countrywide monitoring,Ethiopia,ETH,Oromia,ET04,Jimma,ET0404,2,4794,2019-02-28T00:00:00,2019,2,15,Other reason,2398,2396,Oromia,ET04,SA,Active
141011,Countrywide monitoring,Ethiopia,ETH,Oromia,ET04,Guji,ET0414,2,8115,2019-02-28T00:00:00,2019,2,15,Conflict,3829,4286,Somali,ET05,SA,Active
141038,Countrywide monitoring,Ethiopia,ETH,Oromia,ET04,Guji,ET0414,2,59684,2019-02-28T00:00:00,2019,2,15,Conflict,28057,31627,Oromia,ET04,SA,Active
140966,Countrywide monitoring,Ethiopia,ETH,Oromia,ET04,Guji,ET0414,2,467,2019-02-28T00:00:00,2019,2,15,Economic reasons,219,248,Somali,ET05,SA,Active
140962,Countrywide monitoring,Ethiopia,ETH,Oromia,ET04,Guji,ET0414,2,449,2019-02-28T00:00:00,2019,2,15,Natural disaster,213,236,Somali,ET05,SA,Active
140950,Countrywide monitoring,Ethiopia,ETH,Oromia,ET04,Guji,ET0414,2,164,2019-02-28T00:00:00,2019,2,15,Economic reasons,82,82,Oromia,ET04,SA,Active
140833,Countrywide monitoring,Ethiopia,ETH,Amhara,ET03,North Shewa (AM),ET0305,2,128,2019-02-28T00:00:00,2019,2,15,Conflict,60,68,Oromia,ET04,SA,Active
140810,Countrywide monitoring,Ethiopia,ETH,Amhara,ET03,North Gondar,ET0301,2,78,2019-02-28T00:00:00,2019,2,15,Conflict,78,0,Tigray,ET01,SA,Active
140788,Countrywide monitoring,Ethiopia,ETH,Amhara,ET03,North Gojam,ET0313,2,169,2019-02-28T00:00:00,2019,2,15,Conflict,167,2,Tigray,ET01,SA,Active
140799,Countrywide monitoring,Ethiopia,ETH,Amhara,ET03,North Gojam,ET0313,2,3344,2019-02-28T00:00:00,2019,2,15,Conflict,1743,1601,Not available,Not available,SA,Active
138393,Countrywide monitoring,Ethiopia,ETH,Oromia,ET04,West Hararge,ET0409,2,6417,2019-02-28T00:00:00,2019,2,15,Conflict,3131,3286,Somali,ET05,SA,Active
140749,Countrywide monitoring,Ethiopia,ETH,Amhara,ET03,East Gojam,ET0306,2,109,2019-02-28T00:00:00,2019,2,15,Natural disaster,53,56,Amhara,ET03,SA,Active
140751,Countrywide monitoring,Ethiopia,ETH,Amhara,ET03,East Gojam,ET0306,2,124,2019-02-28T00:00:00,2019,2,15,Conflict,65,59,Benishangul-Gumuz,ET06,SA,Active
138343,Countrywide monitoring,Ethiopia,ETH,Oromia,ET04,West Guji,ET0415,2,10644,2019-02-28T00:00:00,2019,2,15,Natural disaster,5410,5234,Oromia,ET04,SA,Active
138338,Countrywide monitoring,Ethiopia,ETH,Oromia,ET04,West Guji,ET0415,2,3388,2019-02-28T00:00:00,2019,2,15,Conflict,1667,1721,Not available,Not available,SA,Active
138341,Countrywide monitoring,Ethiopia,ETH,Oromia,ET04,West Guji,ET0415,2,8023,2019-02-28T00:00:00,2019,2,15,Natural disaster,3560,4463,Not available,Not available,SA,Active
138336,Countrywide monitoring,Ethiopia,ETH,Oromia,ET04,West Guji,ET0415,2,1286,2019-02-28T00:00:00,2019,2,15,Conflict,602,684,Oromia,ET04,SA,Active
138326,Countrywide monitoring,Ethiopia,ETH,Oromia,ET04,West Arsi,ET0417,2,18119,2019-02-28T00:00:00,2019,2,15,Conflict,8755,9364,Oromia,ET04,SA,Active
138295,Countrywide monitoring,Ethiopia,ETH,Oromia,ET04,West Arsi,ET0417,2,1721,2019-02-28T00:00:00,2019,2,15,Natural disaster,867,854,Oromia,ET04,SA,Active
138256,Countrywide monitoring,Ethiopia,ETH,Oromia,ET04,West Arsi,ET0417,2,442,2019-02-28T00:00:00,2019,2,15,Conflict,259,183,Somali,ET05,SA,Active
138196,Countrywide monitoring,Ethiopia,ETH,Amhara,ET03,West Gondar,ET0312,2,1360,2019-02-28T00:00:00,2019,2,15,Conflict,690,670,Not available,Not available,SA,Active
138137,Countrywide monitoring,Ethiopia,ETH,Amhara,ET03,West Gojam,ET0307,2,313,2019-02-28T00:00:00,2019,2,15,Conflict,149,164,Amhara,ET03,SA,Active
138147,Countrywide monitoring,Ethiopia,ETH,Amhara,ET03,West Gojam,ET0307,2,939,2019-02-28T00:00:00,2019,2,15,Conflict,522,417,Oromia,ET04,SA,Active
138145,Countrywide monitoring,Ethiopia,ETH,Amhara,ET03,West Gojam,ET0307,2,751,2019-02-28T00:00:00,2019,2,15,Conflict,399,352,Not available,Not available,SA,Active
138162,Countrywide monitoring,Ethiopia,ETH,Amhara,ET03,West Gojam,ET0307,2,6381,2019-02-28T00:00:00,2019,2,15,Conflict,3182,3199,Benishangul-Gumuz,ET06,SA,Active
138081,Countrywide monitoring,Ethiopia,ETH,Amhara,ET03,Wag Hamra,ET0308,2,152,2019-02-28T00:00:00,2019,2,15,Natural disaster,80,72,Amhara,ET03,SA,Active
138123,Countrywide monitoring,Ethiopia,ETH,Amhara,ET03,West Gojam,ET0307,2,31,2019-02-28T00:00:00,2019,2,15,Conflict,23,8,Somali,ET05,SA,Active
136868,Countrywide monitoring,Ethiopia,ETH,Oromia,ET04,West Shewa,ET0405,2,360,2019-02-28T00:00:00,2019,2,15,Conflict,171,189,Somali,ET05,SA,Active
136841,Countrywide monitoring,Ethiopia,ETH,Oromia,ET04,West Hararge,ET0409,2,50589,2019-02-28T00:00:00,2019,2,15,Conflict,25347,25242,Oromia,ET04,SA,Active
137010,Countrywide monitoring,Ethiopia,ETH,Tigray,ET01,Southern,ET0104,2,9669,2019-02-28T00:00:00,2019,2,15,Conflict,5484,4185,Oromia,ET04,SA,Active
138054,Countrywide monitoring,Ethiopia,ETH,Amhara,ET03,South Wello,ET0304,2,1246,2019-02-28T00:00:00,2019,2,15,Conflict,597,649,Oromia,ET04,SA,Active
136989,Countrywide monitoring,Ethiopia,ETH,Somali,ET05,Afder,ET0508,2,1998,2019-02-28T00:00:00,2019,2,15,Conflict,929,1069,Somali,ET05,SA,Active
135459,Countrywide monitoring,Ethiopia,ETH,Somali,ET05,Doolo,ET0507,2,89514,2019-02-28T00:00:00,2019,2,15,Natural disaster,43817,45697,Somali,ET05,SA,Active
135434,Countrywide monitoring,Ethiopia,ETH,Somali,ET05,Doolo,ET0507,2,6745,2019-02-28T00:00:00,2019,2,15,Conflict,3182,3563,Somali,ET05,SA,Active
135390,Countrywide monitoring,Ethiopia,ETH,Somali,ET05,Daawa,ET0511,2,38078,2019-02-28T00:00:00,2019,2,15,Conflict,17404,20674,Oromia,ET04,SA,Active
135350,Countrywide monitoring,Ethiopia,ETH,Somali,ET05,Daawa,ET0511,2,1253,2019-02-28T00:00:00,2019,2,15,Natural disaster,583,670,Not available,Not available,SA,Active
135357,Countrywide monitoring,Ethiopia,ETH,Somali,ET05,Daawa,ET0511,2,1417,2019-02-28T00:00:00,2019,2,15,Conflict,679,738,Somali,ET05,SA,Active
135317,Countrywide monitoring,Ethiopia,ETH,Somali,ET05,Afder,ET0508,2,53017,2019-02-28T00:00:00,2019,2,15,Natural disaster,25817,27200,Somali,ET05,SA,Active
135225,Countrywide monitoring,Ethiopia,ETH,Gambela,ET12,Agnewak,ET1202,2,3010,2019-02-28T00:00:00,2019,2,15,Conflict,1464,1546,Gambela,ET12,SA,Active
135260,Countrywide monitoring,Ethiopia,ETH,Gambela,ET12,Itang Special woreda,ET1204,2,3670,2019-02-28T00:00:00,2019,2,15,Conflict,2033,1637,Not available,Not available,SA,Active
135291,Countrywide monitoring,Ethiopia,ETH,Somali,ET05,Afder,ET0508,2,5089,2019-02-28T00:00:00,2019,2,15,Conflict,2313,2776,Oromia,ET04,SA,Active
135280,Countrywide monitoring,Ethiopia,ETH,Gambela,ET12,Nuwer,ET1201,2,3505,2019-02-28T00:00:00,2019,2,15,Natural disaster,1739,1766,Gambela,ET12,SA,Active
135195,Countrywide monitoring,Ethiopia,ETH,Dire Dawa,ET15,Dire Dawa urban,ET1501,2,6065,2019-02-28T00:00:00,2019,2,15,Conflict,2911,3154,Dire Dawa,ET15,SA,Active
135203,Countrywide monitoring,Ethiopia,ETH,Dire Dawa,ET15,Dire Dawa urban,ET1501,2,8490,2019-02-28T00:00:00,2019,2,15,Conflict,4030,4460,Oromia,ET04,SA,Active
131493,Countrywide monitoring,Ethiopia,ETH,Somali,ET05,Siti,ET0501,2,60159,2019-02-28T00:00:00,2019,2,15,Natural disaster,30625,29534,Somali,ET05,SA,Active
131451,Countrywide monitoring,Ethiopia,ETH,Somali,ET05,Siti,ET0501,2,14038,2019-02-28T00:00:00,2019,2,15,Conflict,7400,6638,Oromia,ET04,SA,Active
131466,Countrywide monitoring,Ethiopia,ETH,Somali,ET05,Siti,ET0501,2,23710,2019-02-28T00:00:00,2019,2,15,Conflict,11812,11898,Somali,ET05,SA,Active
131383,Countrywide monitoring,Ethiopia,ETH,Somali,ET05,Nogob,ET0510,2,278084,2019-02-28T00:00:00,2019,2,15,Conflict,128604,149480,Not available,Not available,SA,Active
131368,Countrywide monitoring,Ethiopia,ETH,Somali,ET05,Nogob,ET0510,2,95059,2019-02-28T00:00:00,2019,2,15,Conflict,44244,50815,Oromia,ET04,SA,Active
131403,Countrywide monitoring,Ethiopia,ETH,Somali,ET05,Shabelle,ET0506,2,36217,2019-02-28T00:00:00,2019,2,15,Natural disaster,16803,19414,Somali,ET05,SA,Active
131354,Countrywide monitoring,Ethiopia,ETH,Oromia,ET04,East Wellega,ET0402,2,27094,2019-02-28T00:00:00,2019,2,15,Natural disaster,12431,14663,Oromia,ET04,SA,Active
131293,Countrywide monitoring,Ethiopia,ETH,Oromia,ET04,East Hararge,ET0410,2,134759,2019-02-28T00:00:00,2019,2,15,Conflict,66481,68278,Oromia,ET04,SA,Active
131304,Countrywide monitoring,Ethiopia,ETH,Oromia,ET04,East Shewa,ET0407,2,708,2019-02-28T00:00:00,2019,2,15,Natural disaster,309,399,Oromia,ET04,SA,Active
131283,Countrywide monitoring,Ethiopia,ETH,Oromia,ET04,East Hararge,ET0410,2,100492,2019-02-28T00:00:00,2019,2,15,Conflict,49227,51265,Somali,ET05,SA,Active
131218,Countrywide monitoring,Ethiopia,ETH,Oromia,ET04,East Hararge,ET0410,2,226,2019-02-28T00:00:00,2019,2,15,Natural disaster,116,110,Oromia,ET04,SA,Active
131200,Countrywide monitoring,Ethiopia,ETH,Oromia,ET04,East Borena,ET0422,2,45293,2019-02-28T00:00:00,2019,2,15,Conflict,23223,22070,Not available,Not available,SA,Active
131165,Countrywide monitoring,Ethiopia,ETH,Amhara,ET03,Central Gondar,ET0311,2,1020,2019-02-28T00:00:00,2019,2,15,Conflict,497,523,Not available,Not available,SA,Active
131178,Countrywide monitoring,Ethiopia,ETH,Oromia,ET04,East Borena,ET0422,2,20768,2019-02-28T00:00:00,2019,2,15,Natural disaster,10436,10332,Not available,Not available,SA,Active
131045,Countrywide monitoring,Ethiopia,ETH,Afar,ET02,Kilbati /Zone2,ET0202,2,1596,2019-02-28T00:00:00,2019,2,15,Conflict,840,756,Afar,ET02,SA,Active
131014,Countrywide monitoring,Ethiopia,ETH,Afar,ET02,Hari /Zone 5,ET0205,2,2493,2019-02-28T00:00:00,2019,2,15,Natural disaster,1286,1207,Afar,ET02,SA,Active
131078,Countrywide monitoring,Ethiopia,ETH,Afar,ET02,Kilbati /Zone2,ET0202,2,9031,2019-02-28T00:00:00,2019,2,15,Natural disaster,4568,4463,Afar,ET02,SA,Active
79463,Countrywide monitoring,Ethiopia,ETH,Somali,ET05,Fafan,ET0502,2,163937,2019-02-28T00:00:00,2019,2,15,Conflict,76146,87791,Oromia,ET04,SA,Active
79477,Countrywide monitoring,Ethiopia,ETH,Somali,ET05,Jarar,ET0503,2,277,2019-02-28T00:00:00,2019,2,15,Conflict,136,141,Somali,ET05,SA,Active
131001,Countrywide monitoring,Ethiopia,ETH,Afar,ET02,Hari /Zone 5,ET0205,2,1728,2019-02-28T00:00:00,2019,2,15,Conflict,911,817,Amhara,ET03,SA,Active
79431,Countrywide monitoring,Ethiopia,ETH,Somali,ET05,Fafan,ET0502,2,63889,2019-02-28T00:00:00,2019,2,15,Conflict,29988,33901,Somali,ET05,SA,Active
79402,Countrywide monitoring,Ethiopia,ETH,Somali,ET05,Fafan,ET0502,2,8431,2019-02-28T00:00:00,2019,2,15,Natural disaster,4385,4046,Somali,ET05,SA,Active
79376,Countrywide monitoring,Ethiopia,ETH,Somali,ET05,Erer,ET0504,2,32017,2019-02-28T00:00:00,2019,2,15,Natural disaster,16267,15750,Somali,ET05,SA,Active
79333,Countrywide monitoring,Ethiopia,ETH,Somali,ET05,Erer,ET0504,2,1295,2019-02-28T00:00:00,2019,2,15,Conflict,644,651,Oromia,ET04,SA,Active
79307,Countrywide monitoring,Ethiopia,ETH,Oromia,ET04,Bale,ET0411,2,10201,2019-02-28T00:00:00,2019,2,15,Economic reasons,5026,5175,Oromia,ET04,SA,Active
79241,Countrywide monitoring,Ethiopia,ETH,Oromia,ET04,Arsi,ET0408,2,1809,2019-02-28T00:00:00,2019,2,15,Conflict,1033,776,Somali,ET05,SA,Active
79266,Countrywide monitoring,Ethiopia,ETH,Oromia,ET04,Arsi,ET0408,2,2701,2019-02-28T00:00:00,2019,2,15,Natural disaster,1340,1361,Oromia,ET04,SA,Active
79195,Countrywide monitoring,Ethiopia,ETH,Harari,ET13,Harari,ET1301,2,2194,2019-02-28T00:00:00,2019,2,15,Conflict,1082,1112,Somali,ET05,SA,Active
79146,Countrywide monitoring,Ethiopia,ETH,Gambela,ET12,Nuwer,ET1201,2,10556,2019-02-28T00:00:00,2019,2,15,Conflict,5625,4931,Gambela,ET12,SA,Active
74208,Countrywide monitoring,Ethiopia,ETH,Tigray,ET01,Eastern,ET0103,2,1630,2019-02-28T00:00:00,2019,2,15,Conflict,1074,556,Not available,Not available,SA,Active
74229,Countrywide monitoring,Ethiopia,ETH,Tigray,ET01,Eastern,ET0103,2,10892,2019-02-28T00:00:00,2019,2,15,Conflict,6745,4147,Oromia,ET04,SA,Active
74206,Countrywide monitoring,Ethiopia,ETH,Tigray,ET01,Eastern,ET0103,2,1163,2019-02-28T00:00:00,2019,2,15,Conflict,751,412,Amhara,ET03,SA,Active
74175,Countrywide monitoring,Ethiopia,ETH,Tigray,ET01,Eastern,ET0103,2,173,2019-02-28T00:00:00,2019,2,15,Conflict,136,37,Somali,ET05,SA,Active
74195,Countrywide monitoring,Ethiopia,ETH,Tigray,ET01,Eastern,ET0103,2,682,2019-02-28T00:00:00,2019,2,15,Conflict,313,369,Tigray,ET01,SA,Active
74154,Countrywide monitoring,Ethiopia,ETH,Tigray,ET01,Central,ET0102,2,10197,2019-02-28T00:00:00,2019,2,15,Conflict,5840,4357,Not available,Not available,SA,Active
74142,Countrywide monitoring,Ethiopia,ETH,Tigray,ET01,Central,ET0102,2,6320,2019-02-28T00:00:00,2019,2,15,Conflict,2911,3409,Tigray,ET01,SA,Active
74019,Countrywide monitoring,Ethiopia,ETH,Oromia,ET04,Shager City,ET0420,2,16114,2019-02-28T00:00:00,2019,2,15,Natural disaster,7993,8121,Oromia,ET04,SA,Active
74035,Countrywide monitoring,Ethiopia,ETH,Oromia,ET04,South West Shewa,ET0413,2,179,2019-02-28T00:00:00,2019,2,15,Conflict,107,72,Somali,ET05,SA,Active
73996,Countrywide monitoring,Ethiopia,ETH,Oromia,ET04,Shager City,ET0420,2,213,2019-02-28T00:00:00,2019,2,15,Conflict,105,108,Somali,ET05,SA,Active
73946,Countrywide monitoring,Ethiopia,ETH,Oromia,ET04,Kelem Wellega,ET0418,2,31517,2019-02-28T00:00:00,2019,2,15,Natural disaster,15661,15856,Oromia,ET04,SA,Active
73962,Countrywide monitoring,Ethiopia,ETH,Oromia,ET04,North Shewa (OR),ET0406,2,128,2019-02-28T00:00:00,2019,2,15,Conflict,51,77,Somali,ET05,SA,Active
73922,Countrywide monitoring,Ethiopia,ETH,Oromia,ET04,Kelem Wellega,ET0418,2,28,2019-02-28T00:00:00,2019,2,15,Conflict,22,6,Somali,ET05,SA,Active
73754,Countrywide monitoring,Ethiopia,ETH,Amhara,ET03,Oromia,ET0310,2,194,2019-02-28T00:00:00,2019,2,15,Conflict,95,99,Afar,ET02,SA,Active
73715,Countrywide monitoring,Ethiopia,ETH,Amhara,ET03,North Wello,ET0303,2,2161,2019-02-28T00:00:00,2019,2,15,Conflict,1060,1101,Oromia,ET04,SA,Active
73698,Countrywide monitoring,Ethiopia,ETH,Amhara,ET03,North Wello,ET0303,2,314,2019-02-28T00:00:00,2019,2,15,Conflict,200,114,Tigray,ET01,SA,Active
73694,Countrywide monitoring,Ethiopia,ETH,Amhara,ET03,North Wello,ET0303,2,196,2019-02-28T00:00:00,2019,2,15,Conflict,100,96,Not available,Not available,SA,Active
73813,Countrywide monitoring,Ethiopia,ETH,Amhara,ET03,South Gondar,ET0302,2,2104,2019-02-28T00:00:00,2019,2,15,Conflict,1104,1000,Oromia,ET04,SA,Active
73809,Countrywide monitoring,Ethiopia,ETH,Amhara,ET03,South Gondar,ET0302,2,1263,2019-02-28T00:00:00,2019,2,15,Conflict,640,623,Not available,Not available,SA,Active
73767,Countrywide monitoring,Ethiopia,ETH,Amhara,ET03,Oromia,ET0310,2,871,2019-02-28T00:00:00,2019,2,15,Conflict,453,418,Amhara,ET03,SA,Active
73873,Countrywide monitoring,Ethiopia,ETH,Amhara,ET03,South Wello,ET0304,2,428,2019-02-28T00:00:00,2019,2,15,Conflict,193,235,Somali,ET05,SA,Active
73902,Countrywide monitoring,Ethiopia,ETH,Oromia,ET04,Jimma,ET0404,2,9169,2019-02-28T00:00:00,2019,2,15,Natural disaster,4774,4395,Oromia,ET04,SA,Active
44989,Countrywide monitoring,Ethiopia,ETH,Somali,ET05,Liban,ET0509,2,68593,2019-02-28T00:00:00,2019,2,15,Conflict,33652,34941,Oromia,ET04,SA,Active
44957,Countrywide monitoring,Ethiopia,ETH,Somali,ET05,Liban,ET0509,2,29190,2019-02-28T00:00:00,2019,2,15,Conflict,14157,15033,Not available,Not available,SA,Active
44910,Countrywide monitoring,Ethiopia,ETH,Somali,ET05,Korahe,ET0505,2,21546,2019-02-28T00:00:00,2019,2,15,Natural disaster,10653,10893,Somali,ET05,SA,Active
44938,Countrywide monitoring,Ethiopia,ETH,Somali,ET05,Liban,ET0509,2,1829,2019-02-28T00:00:00,2019,2,15,Natural disaster,919,910,Somali,ET05,SA,Active
44870,Countrywide monitoring,Ethiopia,ETH,Somali,ET05,Jarar,ET0503,2,43596,2019-02-28T00:00:00,2019,2,15,Natural disaster,22481,21115,Somali,ET05,SA,Active
44763,Countrywide monitoring,Ethiopia,ETH,Oromia,ET04,Borena,ET0412,2,86130,2019-02-28T00:00:00,2019,2,15,Conflict,42243,43887,Oromia,ET04,SA,Active
44764,Countrywide monitoring,Ethiopia,ETH,Oromia,ET04,Borena,ET0412,2,86355,2019-02-28T00:00:00,2019,2,15,Conflict,43273,43082,Not available,Not available,SA,Active
44795,Countrywide monitoring,Ethiopia,ETH,Oromia,ET04,Buno Bedele,ET0416,2,1250,2019-02-28T00:00:00,2019,2,15,Natural disaster,650,600,Oromia,ET04,SA,Active
44714,Countrywide monitoring,Ethiopia,ETH,Oromia,ET04,Borena,ET0412,2,2141,2019-02-28T00:00:00,2019,2,15,Natural disaster,1002,1139,Oromia,ET04,SA,Active
44696,Countrywide monitoring,Ethiopia,ETH,Oromia,ET04,Bale,ET0411,2,54687,2019-02-28T00:00:00,2019,2,15,Conflict,27057,27630,Somali,ET05,SA,Active
44690,Countrywide monitoring,Ethiopia,ETH,Oromia,ET04,Bale,ET0411,2,37602,2019-02-28T00:00:00,2019,2,15,Conflict,19641,17961,Not available,Not available,SA,Active
44692,Countrywide monitoring,Ethiopia,ETH,Oromia,ET04,Bale,ET0411,2,42877,2019-02-28T00:00:00,2019,2,15,Conflict,21531,21346,Oromia,ET04,SA,Active
35190,Countrywide monitoring,Ethiopia,ETH,Afar,ET02,Hari /Zone 5,ET0205,2,197,2019-02-28T00:00:00,2019,2,15,Conflict,101,96,Afar,ET02,SA,Active
35170,Countrywide monitoring,Ethiopia,ETH,Afar,ET02,Gabi /Zone 3,ET0203,2,19057,2019-02-28T00:00:00,2019,2,15,Natural disaster,9422,9635,Afar,ET02,SA,Active
35130,Countrywide monitoring,Ethiopia,ETH,Afar,ET02,Fanti /Zone 4,ET0204,2,5926,2019-02-28T00:00:00,2019,2,15,Natural disaster,3106,2820,Afar,ET02,SA,Active
35065,Countrywide monitoring,Ethiopia,ETH,Afar,ET02,Awsi /Zone 1,ET0201,2,9409,2019-02-28T00:00:00,2019,2,15,Natural disaster,4932,4477,Afar,ET02,SA,Active
35051,Countrywide monitoring,Ethiopia,ETH,Addis Ababa,ET14,Region 14,ET1401,2,7370,2019-02-28T00:00:00,2019,2,15,Conflict,4125,3245,Somali,ET05,SA,Active
35050,Countrywide monitoring,Ethiopia,ETH,Addis Ababa,ET14,Region 14,ET1401,2,7278,2019-04-30T00:00:00,2019,4,16,Conflict,4033,3245,Not available,Not available,SA,Active
35066,Countrywide monitoring,Ethiopia,ETH,Afar,ET02,Awsi /Zone 1,ET0201,2,9450,2019-04-30T00:00:00,2019,4,16,Natural disaster,4920,4530,Not available,Not available,SA,Active
35122,Countrywide monitoring,Ethiopia,ETH,Afar,ET02,Fanti /Zone 4,ET0204,2,4968,2019-04-30T00:00:00,2019,4,16,Natural disaster,2477,2491,Not available,Not available,SA,Active
35171,Countrywide monitoring,Ethiopia,ETH,Afar,ET02,Gabi /Zone 3,ET0203,2,19225,2019-04-30T00:00:00,2019,4,16,Natural disaster,9494,9731,Not available,Not available,SA,Active
44722,Countrywide monitoring,Ethiopia,ETH,Oromia,ET04,Borena,ET0412,2,4528,2019-04-30T00:00:00,2019,4,16,Natural disaster,2336,2192,Not available,Not available,SA,Active
44706,Countrywide monitoring,Ethiopia,ETH,Oromia,ET04,Bale,ET0411,2,135567,2019-04-30T00:00:00,2019,4,16,Conflict,67678,67889,Not available,Not available,SA,Active
44785,Countrywide monitoring,Ethiopia,ETH,Oromia,ET04,Borena,ET0412,2,128338,2019-04-30T00:00:00,2019,4,16,Conflict,62226,66112,Not available,Not available,SA,Active
44868,Countrywide monitoring,Ethiopia,ETH,Somali,ET05,Jarar,ET0503,2,42856,2019-04-30T00:00:00,2019,4,16,Natural disaster,20075,22781,Not available,Not available,SA,Active
44936,Countrywide monitoring,Ethiopia,ETH,Somali,ET05,Liban,ET0509,2,1812,2019-04-30T00:00:00,2019,4,16,Natural disaster,879,933,Not available,Not available,SA,Active
44912,Countrywide monitoring,Ethiopia,ETH,Somali,ET05,Korahe,ET0505,2,21846,2019-04-30T00:00:00,2019,4,16,Natural disaster,10912,10934,Not available,Not available,SA,Active
45004,Countrywide monitoring,Ethiopia,ETH,Somali,ET05,Liban,ET0509,2,102226,2019-04-30T00:00:00,2019,4,16,Conflict,49768,52458,Not available,Not available,SA,Active
73883,Countrywide monitoring,Ethiopia,ETH,Oromia,ET04,Jimma,ET0404,2,5872,2019-04-30T00:00:00,2019,4,16,Natural disaster,2864,3008,Not available,Not available,SA,Active
73770,Countrywide monitoring,Ethiopia,ETH,Amhara,ET03,Oromia,ET0310,2,906,2019-04-30T00:00:00,2019,4,16,Conflict,433,473,Not available,Not available,SA,Active
73819,Countrywide monitoring,Ethiopia,ETH,Amhara,ET03,South Gondar,ET0302,2,3608,2019-04-30T00:00:00,2019,4,16,Conflict,1852,1756,Not available,Not available,SA,Active
73718,Countrywide monitoring,Ethiopia,ETH,Amhara,ET03,North Wello,ET0303,2,2475,2019-04-30T00:00:00,2019,4,16,Conflict,1323,1152,Not available,Not available,SA,Active
73923,Countrywide monitoring,Ethiopia,ETH,Oromia,ET04,Kelem Wellega,ET0418,2,28,2019-04-30T00:00:00,2019,4,16,Conflict,22,6,Not available,Not available,SA,Active
73963,Countrywide monitoring,Ethiopia,ETH,Oromia,ET04,North Shewa (OR),ET0406,2,128,2019-04-30T00:00:00,2019,4,16,Conflict,73,55,Not available,Not available,SA,Active
73944,Countrywide monitoring,Ethiopia,ETH,Oromia,ET04,Kelem Wellega,ET0418,2,30604,2019-04-30T00:00:00,2019,4,16,Natural disaster,15193,15411,Not available,Not available,SA,Active
73994,Countrywide monitoring,Ethiopia,ETH,Oromia,ET04,Shager City,ET0420,2,156,2019-04-30T00:00:00,2019,4,16,Conflict,75,81,Not available,Not available,SA,Active
74036,Countrywide monitoring,Ethiopia,ETH,Oromia,ET04,South West Shewa,ET0413,2,179,2019-04-30T00:00:00,2019,4,16,Conflict,107,72,Not available,Not available,SA,Active
74025,Countrywide monitoring,Ethiopia,ETH,Oromia,ET04,Shager City,ET0420,2,18345,2019-04-30T00:00:00,2019,4,16,Natural disaster,8624,9721,Not available,Not available,SA,Active
74162,Countrywide monitoring,Ethiopia,ETH,Tigray,ET01,Central,ET0102,2,17779,2019-04-30T00:00:00,2019,4,16,Conflict,9619,8160,Not available,Not available,SA,Active
79150,Countrywide monitoring,Ethiopia,ETH,Gambela,ET12,Nuwer,ET1201,2,12268,2019-04-30T00:00:00,2019,4,16,Conflict,6299,5969,Not available,Not available,SA,Active
74234,Countrywide monitoring,Ethiopia,ETH,Tigray,ET01,Eastern,ET0103,2,16891,2019-04-30T00:00:00,2019,4,16,Conflict,10479,6412,Not available,Not available,SA,Active
79198,Countrywide monitoring,Ethiopia,ETH,Harari,ET13,Harari,ET1301,2,2365,2019-04-30T00:00:00,2019,4,16,Conflict,1197,1168,Not available,Not available,SA,Active
79242,Countrywide monitoring,Ethiopia,ETH,Oromia,ET04,Arsi,ET0408,2,1823,2019-04-30T00:00:00,2019,4,16,Conflict,1044,779,Not available,Not available,SA,Active
79276,Countrywide monitoring,Ethiopia,ETH,Oromia,ET04,Arsi,ET0408,2,3053,2019-04-30T00:00:00,2019,4,16,Natural disaster,1509,1544,Not available,Not available,SA,Active
79313,Countrywide monitoring,Ethiopia,ETH,Oromia,ET04,Bale,ET0411,2,10689,2019-04-30T00:00:00,2019,4,16,Economic reasons,5289,5400,Not available,Not available,SA,Active
79332,Countrywide monitoring,Ethiopia,ETH,Somali,ET05,Erer,ET0504,2,1273,2019-04-30T00:00:00,2019,4,16,Conflict,634,639,Not available,Not available,SA,Active
79370,Countrywide monitoring,Ethiopia,ETH,Somali,ET05,Erer,ET0504,2,26829,2019-04-30T00:00:00,2019,4,16,Natural disaster,13665,13164,Not available,Not available,SA,Active
79397,Countrywide monitoring,Ethiopia,ETH,Somali,ET05,Fafan,ET0502,2,8394,2019-04-30T00:00:00,2019,4,16,Natural disaster,3947,4447,Not available,Not available,SA,Active
79478,Countrywide monitoring,Ethiopia,ETH,Somali,ET05,Jarar,ET0503,2,277,2019-04-30T00:00:00,2019,4,16,Conflict,127,150,Not available,Not available,SA,Active
79464,Countrywide monitoring,Ethiopia,ETH,Somali,ET05,Fafan,ET0502,2,232030,2019-04-30T00:00:00,2019,4,16,Conflict,105093,126937,Not available,Not available,SA,Active
131088,Countrywide monitoring,Ethiopia,ETH,Afar,ET02,Kilbati /Zone2,ET0202,2,10116,2019-04-30T00:00:00,2019,4,16,Natural disaster,5318,4798,Not available,Not available,SA,Active
131107,Countrywide monitoring,Ethiopia,ETH,Amhara,ET03,Awi,ET0309,2,1235,2019-04-30T00:00:00,2019,4,16,Conflict,675,560,Not available,Not available,SA,Active
131015,Countrywide monitoring,Ethiopia,ETH,Afar,ET02,Hari /Zone 5,ET0205,2,2506,2019-04-30T00:00:00,2019,4,16,Natural disaster,1288,1218,Not available,Not available,SA,Active
131013,Countrywide monitoring,Ethiopia,ETH,Afar,ET02,Hari /Zone 5,ET0205,2,2231,2019-04-30T00:00:00,2019,4,16,Conflict,1183,1048,Not available,Not available,SA,Active
131046,Countrywide monitoring,Ethiopia,ETH,Afar,ET02,Kilbati /Zone2,ET0202,2,1596,2019-04-30T00:00:00,2019,4,16,Conflict,840,756,Not available,Not available,SA,Active
131150,Countrywide monitoring,Ethiopia,ETH,Amhara,ET03,Bahir Dar City Admin,ET0314,2,4197,2019-04-30T00:00:00,2019,4,16,Conflict,2146,2051,Not available,Not available,SA,Active
131189,Countrywide monitoring,Ethiopia,ETH,Oromia,ET04,East Borena,ET0422,2,30738,2019-04-30T00:00:00,2019,4,16,Natural disaster,15653,15085,Not available,Not available,SA,Active
131207,Countrywide monitoring,Ethiopia,ETH,Oromia,ET04,East Borena,ET0422,2,53080,2019-04-30T00:00:00,2019,4,16,Conflict,26880,26200,Not available,Not available,SA,Active
131296,Countrywide monitoring,Ethiopia,ETH,Oromia,ET04,East Hararge,ET0410,2,240215,2019-04-30T00:00:00,2019,4,16,Conflict,117655,122560,Not available,Not available,SA,Active
131303,Countrywide monitoring,Ethiopia,ETH,Oromia,ET04,East Shewa,ET0407,2,702,2019-04-30T00:00:00,2019,4,16,Natural disaster,309,393,Not available,Not available,SA,Active
131404,Countrywide monitoring,Ethiopia,ETH,Somali,ET05,Shabelle,ET0506,2,36269,2019-04-30T00:00:00,2019,4,16,Natural disaster,17149,19120,Not available,Not available,SA,Active
131384,Countrywide monitoring,Ethiopia,ETH,Somali,ET05,Nogob,ET0510,2,290967,2019-04-30T00:00:00,2019,4,16,Conflict,137567,153400,Not available,Not available,SA,Active
131495,Countrywide monitoring,Ethiopia,ETH,Somali,ET05,Siti,ET0501,2,60556,2019-04-30T00:00:00,2019,4,16,Natural disaster,31067,29489,Not available,Not available,SA,Active
131475,Countrywide monitoring,Ethiopia,ETH,Somali,ET05,Siti,ET0501,2,39758,2019-04-30T00:00:00,2019,4,16,Conflict,19998,19760,Not available,Not available,SA,Active
135206,Countrywide monitoring,Ethiopia,ETH,Dire Dawa,ET15,Dire Dawa urban,ET1501,2,10337,2019-04-30T00:00:00,2019,4,16,Conflict,4892,5445,Not available,Not available,SA,Active
135261,Countrywide monitoring,Ethiopia,ETH,Gambela,ET12,Itang Special woreda,ET1204,2,3774,2019-04-30T00:00:00,2019,4,16,Conflict,1953,1821,Not available,Not available,SA,Active
135273,Countrywide monitoring,Ethiopia,ETH,Gambela,ET12,Nuwer,ET1201,2,1788,2019-04-30T00:00:00,2019,4,16,Natural disaster,881,907,Not available,Not available,SA,Active
135227,Countrywide monitoring,Ethiopia,ETH,Gambela,ET12,Agnewak,ET1202,2,3053,2019-04-30T00:00:00,2019,4,16,Conflict,1562,1491,Not available,Not available,SA,Active
135319,Countrywide monitoring,Ethiopia,ETH,Somali,ET05,Afder,ET0508,2,53920,2019-04-30T00:00:00,2019,4,16,Natural disaster,26971,26949,Not available,Not available,SA,Active
135297,Countrywide monitoring,Ethiopia,ETH,Somali,ET05,Afder,ET0508,2,7290,2019-04-30T00:00:00,2019,4,16,Conflict,3491,3799,Not available,Not available,SA,Active
135349,Countrywide monitoring,Ethiopia,ETH,Somali,ET05,Daawa,ET0511,2,1247,2019-04-30T00:00:00,2019,4,16,Natural disaster,569,678,Not available,Not available,SA,Active
135395,Countrywide monitoring,Ethiopia,ETH,Somali,ET05,Daawa,ET0511,2,40179,2019-04-30T00:00:00,2019,4,16,Conflict,18705,21474,Not available,Not available,SA,Active
135436,Countrywide monitoring,Ethiopia,ETH,Somali,ET05,Doolo,ET0507,2,8180,2019-04-30T00:00:00,2019,4,16,Conflict,4377,3803,Not available,Not available,SA,Active
135464,Countrywide monitoring,Ethiopia,ETH,Somali,ET05,Doolo,ET0507,2,90823,2019-04-30T00:00:00,2019,4,16,Natural disaster,45755,45068,Not available,Not available,SA,Active
137011,Countrywide monitoring,Ethiopia,ETH,Tigray,ET01,Southern,ET0104,2,14849,2019-04-30T00:00:00,2019,4,16,Conflict,8338,6511,Not available,Not available,SA,Active
136845,Countrywide monitoring,Ethiopia,ETH,Oromia,ET04,West Hararge,ET0409,2,62092,2019-04-30T00:00:00,2019,4,16,Conflict,31427,30665,Not available,Not available,SA,Active
136869,Countrywide monitoring,Ethiopia,ETH,Oromia,ET04,West Shewa,ET0405,2,360,2019-04-30T00:00:00,2019,4,16,Conflict,238,122,Not available,Not available,SA,Active
138082,Countrywide monitoring,Ethiopia,ETH,Amhara,ET03,Wag Hamra,ET0308,2,152,2019-04-30T00:00:00,2019,4,16,Natural disaster,80,72,Not available,Not available,SA,Active
138065,Countrywide monitoring,Ethiopia,ETH,Amhara,ET03,South Wello,ET0304,2,2344,2019-04-30T00:00:00,2019,4,16,Conflict,1122,1222,Not available,Not available,SA,Active
138163,Countrywide monitoring,Ethiopia,ETH,Amhara,ET03,West Gojam,ET0307,2,6737,2019-04-30T00:00:00,2019,4,16,Conflict,3469,3268,Not available,Not available,SA,Active
138302,Countrywide monitoring,Ethiopia,ETH,Oromia,ET04,West Arsi,ET0417,2,1963,2019-04-30T00:00:00,2019,4,16,Natural disaster,1003,960,Not available,Not available,SA,Active
138332,Countrywide monitoring,Ethiopia,ETH,Oromia,ET04,West Arsi,ET0417,2,23013,2019-04-30T00:00:00,2019,4,16,Conflict,11123,11890,Not available,Not available,SA,Active
140752,Countrywide monitoring,Ethiopia,ETH,Amhara,ET03,East Gojam,ET0306,2,182,2019-04-30T00:00:00,2019,4,16,Conflict,99,83,Not available,Not available,SA,Active
140750,Countrywide monitoring,Ethiopia,ETH,Amhara,ET03,East Gojam,ET0306,2,109,2019-04-30T00:00:00,2019,4,16,Natural disaster,53,56,Not available,Not available,SA,Active
140807,Countrywide monitoring,Ethiopia,ETH,Amhara,ET03,North Gojam,ET0313,2,67751,2019-04-30T00:00:00,2019,4,16,Conflict,32259,35492,Not available,Not available,SA,Active
140978,Countrywide monitoring,Ethiopia,ETH,Oromia,ET04,Guji,ET0414,2,590,2019-04-30T00:00:00,2019,4,16,Economic reasons,272,318,Not available,Not available,SA,Active
140981,Countrywide monitoring,Ethiopia,ETH,Oromia,ET04,Guji,ET0414,2,1227,2019-04-30T00:00:00,2019,4,16,Natural disaster,586,641,Not available,Not available,SA,Active
140920,Countrywide monitoring,Ethiopia,ETH,Oromia,ET04,East Wellega,ET0402,2,32415,2019-04-30T00:00:00,2019,4,16,Natural disaster,15218,17197,Not available,Not available,SA,Active
140809,Countrywide monitoring,Ethiopia,ETH,Amhara,ET03,North Gondar,ET0301,2,61,2019-04-30T00:00:00,2019,4,16,Conflict,61,0,Not available,Not available,SA,Active
140862,Countrywide monitoring,Ethiopia,ETH,Amhara,ET03,North Shewa (AM),ET0305,2,387,2019-04-30T00:00:00,2019,4,16,Conflict,184,203,Not available,Not available,SA,Active
141040,Countrywide monitoring,Ethiopia,ETH,Oromia,ET04,Guji,ET0414,2,62650,2019-04-30T00:00:00,2019,4,16,Conflict,30151,32499,Not available,Not available,SA,Active
141066,Countrywide monitoring,Ethiopia,ETH,Oromia,ET04,Jimma,ET0404,2,75,2019-04-30T00:00:00,2019,4,16,Conflict,37,38,Not available,Not available,SA,Active
141090,Countrywide monitoring,Ethiopia,ETH,Oromia,ET04,Jimma,ET0404,2,4143,2019-04-30T00:00:00,2019,4,16,Other reason,1922,2221,Not available,Not available,SA,Active
147546,Countrywide monitoring,Ethiopia,ETH,Tigray,ET01,Mekelle,ET0107,2,30165,2019-04-30T00:00:00,2019,4,16,Conflict,18087,12078,Not available,Not available,SA,Active
146186,Countrywide monitoring,Ethiopia,ETH,Tigray,ET01,Western,ET0105,2,2619,2019-04-30T00:00:00,2019,4,16,Conflict,1523,1096,Not available,Not available,SA,Active
147575,Countrywide monitoring,Ethiopia,ETH,Tigray,ET01,North Western,ET0101,2,9766,2019-04-30T00:00:00,2019,4,16,Conflict,6021,3745,Not available,Not available,SA,Active
147619,Countrywide monitoring,Ethiopia,ETH,Tigray,ET01,South Eastern,ET0106,2,2473,2019-04-30T00:00:00,2019,4,16,Conflict,1475,998,Not available,Not available,SA,Active
147622,Countrywide monitoring,Ethiopia,ETH,Tigray,ET01,South Eastern,ET0106,2,3066,2019-06-30T00:00:00,2019,6,17,Conflict,1808,1258,Oromia,ET04,SA,Active
147661,Countrywide monitoring,Ethiopia,ETH,Tigray,ET01,Southern,ET0104,2,231,2019-06-30T00:00:00,2019,6,17,Conflict,128,103,Somali,ET05,SA,Active
147571,Countrywide monitoring,Ethiopia,ETH,Tigray,ET01,North Western,ET0101,2,9479,2019-06-30T00:00:00,2019,6,17,Conflict,4608,4871,Amhara,ET03,SA,Active
147586,Countrywide monitoring,Ethiopia,ETH,Tigray,ET01,South Eastern,ET0106,2,97,2019-06-30T00:00:00,2019,6,17,Conflict,69,28,Amhara,ET03,SA,Active
146187,Countrywide monitoring,Ethiopia,ETH,Tigray,ET01,Western,ET0105,2,2656,2019-06-30T00:00:00,2019,6,17,Conflict,1409,1247,Amhara,ET03,SA,Active
147540,Countrywide monitoring,Ethiopia,ETH,Tigray,ET01,Mekelle,ET0107,2,25127,2019-06-30T00:00:00,2019,6,17,Conflict,15295,9832,Oromia,ET04,SA,Active
147528,Countrywide monitoring,Ethiopia,ETH,Tigray,ET01,Mekelle,ET0107,2,6253,2019-06-30T00:00:00,2019,6,17,Conflict,3752,2501,Amhara,ET03,SA,Active
141104,Countrywide monitoring,Ethiopia,ETH,Oromia,ET04,Jimma,ET0404,2,5348,2019-06-30T00:00:00,2019,6,17,Other reason,2677,2671,Oromia,ET04,SA,Active
141067,Countrywide monitoring,Ethiopia,ETH,Oromia,ET04,Jimma,ET0404,2,75,2019-06-30T00:00:00,2019,6,17,Conflict,37,38,Somali,ET05,SA,Active
141036,Countrywide monitoring,Ethiopia,ETH,Oromia,ET04,Guji,ET0414,2,58070,2019-06-30T00:00:00,2019,6,17,Conflict,27508,30562,Oromia,ET04,SA,Active
141002,Countrywide monitoring,Ethiopia,ETH,Oromia,ET04,Guji,ET0414,2,6078,2019-06-30T00:00:00,2019,6,17,Conflict,2908,3170,Somali,ET05,SA,Active
140863,Countrywide monitoring,Ethiopia,ETH,Amhara,ET03,North Shewa (AM),ET0305,2,399,2019-06-30T00:00:00,2019,6,17,Conflict,185,214,Oromia,ET04,SA,Active
140840,Countrywide monitoring,Ethiopia,ETH,Amhara,ET03,North Shewa (AM),ET0305,2,171,2019-06-30T00:00:00,2019,6,17,Conflict,85,86,Not available,Not available,SA,Active
140913,Countrywide monitoring,Ethiopia,ETH,Amhara,ET03,North Wello,ET0303,2,101,2019-06-30T00:00:00,2019,6,17,Conflict,101,0,Tigray,ET01,SA,Active
140905,Countrywide monitoring,Ethiopia,ETH,Amhara,ET03,North Wello,ET0303,2,68,2019-06-30T00:00:00,2019,6,17,Conflict,36,32,Somali,ET05,SA,Active
140974,Countrywide monitoring,Ethiopia,ETH,Oromia,ET04,Guji,ET0414,2,496,2019-06-30T00:00:00,2019,6,17,Economic reasons,240,256,Somali,ET05,SA,Active
140961,Countrywide monitoring,Ethiopia,ETH,Oromia,ET04,Guji,ET0414,2,448,2019-06-30T00:00:00,2019,6,17,Natural disaster,213,235,Somali,ET05,SA,Active
140951,Countrywide monitoring,Ethiopia,ETH,Oromia,ET04,Guji,ET0414,2,164,2019-06-30T00:00:00,2019,6,17,Economic reasons,82,82,Oromia,ET04,SA,Active
140925,Countrywide monitoring,Ethiopia,ETH,Oromia,ET04,East Wellega,ET0402,2,36748,2019-06-30T00:00:00,2019,6,17,Natural disaster,18291,18457,Oromia,ET04,SA,Active
140808,Countrywide monitoring,Ethiopia,ETH,Amhara,ET03,North Gojam,ET0313,2,77613,2019-06-30T00:00:00,2019,6,17,Conflict,37145,40468,Amhara,ET03,SA,Active
140814,Countrywide monitoring,Ethiopia,ETH,Amhara,ET03,North Gondar,ET0301,2,2439,2019-06-30T00:00:00,2019,6,17,Conflict,1024,1415,Tigray,ET01,SA,Active
140760,Countrywide monitoring,Ethiopia,ETH,Amhara,ET03,East Gojam,ET0306,2,326,2019-06-30T00:00:00,2019,6,17,Conflict,153,173,Benishangul-Gumuz,ET06,SA,Active
138401,Countrywide monitoring,Ethiopia,ETH,Oromia,ET04,West Hararge,ET0409,2,7529,2019-06-30T00:00:00,2019,6,17,Conflict,3643,3886,Somali,ET05,SA,Active
140746,Countrywide monitoring,Ethiopia,ETH,Amhara,ET03,East Gojam,ET0306,2,95,2019-06-30T00:00:00,2019,6,17,Natural disaster,46,49,Amhara,ET03,SA,Active
138303,Countrywide monitoring,Ethiopia,ETH,Oromia,ET04,West Arsi,ET0417,2,1972,2019-06-30T00:00:00,2019,6,17,Natural disaster,1010,962,Oromia,ET04,SA,Active
138320,Countrywide monitoring,Ethiopia,ETH,Oromia,ET04,West Arsi,ET0417,2,13534,2019-06-30T00:00:00,2019,6,17,Conflict,7205,6329,Oromia,ET04,SA,Active
138275,Countrywide monitoring,Ethiopia,ETH,Oromia,ET04,West Arsi,ET0417,2,768,2019-06-30T00:00:00,2019,6,17,Conflict,387,381,Central Ethiopia,ET07,SA,Active
138271,Countrywide monitoring,Ethiopia,ETH,Oromia,ET04,West Arsi,ET0417,2,635,2019-06-30T00:00:00,2019,6,17,Conflict,366,269,Somali,ET05,SA,Active
138160,Countrywide monitoring,Ethiopia,ETH,Amhara,ET03,West Gojam,ET0307,2,5061,2019-06-30T00:00:00,2019,6,17,Conflict,2269,2792,Benishangul-Gumuz,ET06,SA,Active
138151,Countrywide monitoring,Ethiopia,ETH,Amhara,ET03,West Gojam,ET0307,2,1343,2019-06-30T00:00:00,2019,6,17,Conflict,704,639,Oromia,ET04,SA,Active
138128,Countrywide monitoring,Ethiopia,ETH,Amhara,ET03,West Gojam,ET0307,2,255,2019-06-30T00:00:00,2019,6,17,Conflict,135,120,Amhara,ET03,SA,Active
136870,Countrywide monitoring,Ethiopia,ETH,Oromia,ET04,West Shewa,ET0405,2,360,2019-06-30T00:00:00,2019,6,17,Conflict,238,122,Somali,ET05,SA,Active
136843,Countrywide monitoring,Ethiopia,ETH,Oromia,ET04,West Hararge,ET0409,2,58677,2019-06-30T00:00:00,2019,6,17,Conflict,29263,29414,Oromia,ET04,SA,Active
137012,Countrywide monitoring,Ethiopia,ETH,Tigray,ET01,Southern,ET0104,2,14975,2019-06-30T00:00:00,2019,6,17,Conflict,8550,6425,Oromia,ET04,SA,Active
138053,Countrywide monitoring,Ethiopia,ETH,Amhara,ET03,South Wello,ET0304,2,1189,2019-06-30T00:00:00,2019,6,17,Conflict,595,594,Oromia,ET04,SA,Active
136995,Countrywide monitoring,Ethiopia,ETH,Somali,ET05,Afder,ET0508,2,2485,2019-06-30T00:00:00,2019,6,17,Conflict,1191,1294,Somali,ET05,SA,Active
135463,Countrywide monitoring,Ethiopia,ETH,Somali,ET05,Doolo,ET0507,2,90636,2019-06-30T00:00:00,2019,6,17,Natural disaster,46326,44310,Somali,ET05,SA,Active
135435,Countrywide monitoring,Ethiopia,ETH,Somali,ET05,Doolo,ET0507,2,8173,2019-06-30T00:00:00,2019,6,17,Conflict,3677,4496,Somali,ET05,SA,Active
135396,Countrywide monitoring,Ethiopia,ETH,Somali,ET05,Daawa,ET0511,2,40366,2019-06-30T00:00:00,2019,6,17,Conflict,19413,20953,Oromia,ET04,SA,Active
135358,Countrywide monitoring,Ethiopia,ETH,Somali,ET05,Daawa,ET0511,2,1437,2019-06-30T00:00:00,2019,6,17,Natural disaster,692,745,Somali,ET05,SA,Active
135321,Countrywide monitoring,Ethiopia,ETH,Somali,ET05,Afder,ET0508,2,54336,2019-06-30T00:00:00,2019,6,17,Natural disaster,26296,28040,Somali,ET05,SA,Active
135245,Countrywide monitoring,Ethiopia,ETH,Gambela,ET12,Agnewak,ET1202,2,7800,2019-06-30T00:00:00,2019,6,17,Conflict,3838,3962,Gambela,ET12,SA,Active
135275,Countrywide monitoring,Ethiopia,ETH,Gambela,ET12,Nuwer,ET1201,2,2658,2019-06-30T00:00:00,2019,6,17,Natural disaster,1270,1388,Gambela,ET12,SA,Active
135263,Countrywide monitoring,Ethiopia,ETH,Gambela,ET12,Itang Special woreda,ET1204,2,4567,2019-06-30T00:00:00,2019,6,17,Conflict,2376,2191,Gambela,ET12,SA,Active
135293,Countrywide monitoring,Ethiopia,ETH,Somali,ET05,Afder,ET0508,2,6844,2019-06-30T00:00:00,2019,6,17,Conflict,3163,3681,Oromia,ET04,SA,Active
135196,Countrywide monitoring,Ethiopia,ETH,Dire Dawa,ET15,Dire Dawa urban,ET1501,2,6390,2019-06-30T00:00:00,2019,6,17,Conflict,2956,3434,Oromia,ET04,SA,Active
135181,Countrywide monitoring,Ethiopia,ETH,Dire Dawa,ET15,Dire Dawa urban,ET1501,2,1536,2019-06-30T00:00:00,2019,6,17,Conflict,746,790,Dire Dawa,ET15,SA,Active
131494,Countrywide monitoring,Ethiopia,ETH,Somali,ET05,Siti,ET0501,2,60500,2019-06-30T00:00:00,2019,6,17,Natural disaster,30832,29668,Somali,ET05,SA,Active
131468,Countrywide monitoring,Ethiopia,ETH,Somali,ET05,Siti,ET0501,2,24541,2019-06-30T00:00:00,2019,6,17,Conflict,12138,12403,Somali,ET05,SA,Active
131459,Countrywide monitoring,Ethiopia,ETH,Somali,ET05,Siti,ET0501,2,15871,2019-06-30T00:00:00,2019,6,17,Conflict,8170,7701,Oromia,ET04,SA,Active
131379,Countrywide monitoring,Ethiopia,ETH,Somali,ET05,Nogob,ET0510,2,177712,2019-06-30T00:00:00,2019,6,17,Conflict,82522,95190,Somali,ET05,SA,Active
131371,Countrywide monitoring,Ethiopia,ETH,Somali,ET05,Nogob,ET0510,2,113191,2019-06-30T00:00:00,2019,6,17,Conflict,50265,62926,Oromia,ET04,SA,Active
131407,Countrywide monitoring,Ethiopia,ETH,Somali,ET05,Shabelle,ET0506,2,38088,2019-06-30T00:00:00,2019,6,17,Natural disaster,17615,20473,Somali,ET05,SA,Active
131305,Countrywide monitoring,Ethiopia,ETH,Oromia,ET04,East Shewa,ET0407,2,714,2019-06-30T00:00:00,2019,6,17,Natural disaster,309,405,Somali,ET05,SA,Active
131201,Countrywide monitoring,Ethiopia,ETH,Oromia,ET04,East Borena,ET0422,2,45604,2019-06-30T00:00:00,2019,6,17,Conflict,23118,22486,Oromia,ET04,SA,Active
131193,Countrywide monitoring,Ethiopia,ETH,Oromia,ET04,East Borena,ET0422,2,34510,2019-06-30T00:00:00,2019,6,17,Natural disaster,17273,17237,Oromia,ET04,SA,Active
131151,Countrywide monitoring,Ethiopia,ETH,Amhara,ET03,Bahir Dar City Admin,ET0314,2,4974,2019-06-30T00:00:00,2019,6,17,Conflict,2576,2398,Amhara,ET03,SA,Active
131278,Countrywide monitoring,Ethiopia,ETH,Oromia,ET04,East Hararge,ET0410,2,90068,2019-06-30T00:00:00,2019,6,17,Conflict,44106,45962,Somali,ET05,SA,Active
131295,Countrywide monitoring,Ethiopia,ETH,Oromia,ET04,East Hararge,ET0410,2,173311,2019-06-30T00:00:00,2019,6,17,Conflict,86688,86623,Oromia,ET04,SA,Active
131223,Countrywide monitoring,Ethiopia,ETH,Oromia,ET04,East Hararge,ET0410,2,428,2019-06-30T00:00:00,2019,6,17,Natural disaster,207,221,Somali,ET05,SA,Active
131044,Countrywide monitoring,Ethiopia,ETH,Afar,ET02,Kilbati /Zone2,ET0202,2,1540,2019-06-30T00:00:00,2019,6,17,Conflict,840,700,Afar,ET02,SA,Active
131026,Countrywide monitoring,Ethiopia,ETH,Afar,ET02,Hari /Zone 5,ET0205,2,2820,2019-06-30T00:00:00,2019,6,17,Natural disaster,1443,1377,Afar,ET02,SA,Active
131106,Countrywide monitoring,Ethiopia,ETH,Amhara,ET03,Awi,ET0309,2,1197,2019-06-30T00:00:00,2019,6,17,Conflict,622,575,Benishangul-Gumuz,ET06,SA,Active
131090,Countrywide monitoring,Ethiopia,ETH,Afar,ET02,Kilbati /Zone2,ET0202,2,10858,2019-06-30T00:00:00,2019,6,17,Natural disaster,5634,5224,Afar,ET02,SA,Active
79457,Countrywide monitoring,Ethiopia,ETH,Somali,ET05,Fafan,ET0502,2,140527,2019-06-30T00:00:00,2019,6,17,Conflict,69526,71001,Oromia,ET04,SA,Active
79469,Countrywide monitoring,Ethiopia,ETH,Somali,ET05,Jarar,ET0503,2,259,2019-06-30T00:00:00,2019,6,17,Conflict,108,151,Somali,ET05,SA,Active
130999,Countrywide monitoring,Ethiopia,ETH,Afar,ET02,Hari /Zone 5,ET0205,2,1565,2019-06-30T00:00:00,2019,6,17,Conflict,807,758,Amhara,ET03,SA,Active
130997,Countrywide monitoring,Ethiopia,ETH,Afar,ET02,Hari /Zone 5,ET0205,2,897,2019-06-30T00:00:00,2019,6,17,Conflict,467,430,Afar,ET02,SA,Active
79396,Countrywide monitoring,Ethiopia,ETH,Somali,ET05,Fafan,ET0502,2,8361,2019-06-30T00:00:00,2019,6,17,Natural disaster,3947,4414,Somali,ET05,SA,Active
79434,Countrywide monitoring,Ethiopia,ETH,Somali,ET05,Fafan,ET0502,2,72694,2019-06-30T00:00:00,2019,6,17,Conflict,35430,37264,Somali,ET05,SA,Active
79371,Countrywide monitoring,Ethiopia,ETH,Somali,ET05,Erer,ET0504,2,26943,2019-06-30T00:00:00,2019,6,17,Natural disaster,13700,13243,Somali,ET05,SA,Active
79337,Countrywide monitoring,Ethiopia,ETH,Somali,ET05,Erer,ET0504,2,1322,2019-06-30T00:00:00,2019,6,17,Conflict,646,676,Oromia,ET04,SA,Active
79309,Countrywide monitoring,Ethiopia,ETH,Oromia,ET04,Bale,ET0411,2,10315,2019-06-30T00:00:00,2019,6,17,Economic reasons,5177,5138,Oromia,ET04,SA,Active
79274,Countrywide monitoring,Ethiopia,ETH,Oromia,ET04,Arsi,ET0408,2,2988,2019-06-30T00:00:00,2019,6,17,Natural disaster,1464,1524,Oromia,ET04,SA,Active
79246,Countrywide monitoring,Ethiopia,ETH,Oromia,ET04,Arsi,ET0408,2,1838,2019-06-30T00:00:00,2019,6,17,Conflict,1053,785,Somali,ET05,SA,Active
79199,Countrywide monitoring,Ethiopia,ETH,Harari,ET13,Harari,ET1301,2,2433,2019-06-30T00:00:00,2019,6,17,Conflict,1231,1202,Somali,ET05,SA,Active
79160,Countrywide monitoring,Ethiopia,ETH,Gambela,ET12,Nuwer,ET1201,2,16016,2019-06-30T00:00:00,2019,6,17,Conflict,8621,7395,Gambela,ET12,SA,Active
74215,Countrywide monitoring,Ethiopia,ETH,Tigray,ET01,Eastern,ET0103,2,3012,2019-06-30T00:00:00,2019,6,17,Conflict,2004,1008,Amhara,ET03,SA,Active
74231,Countrywide monitoring,Ethiopia,ETH,Tigray,ET01,Eastern,ET0103,2,12768,2019-06-30T00:00:00,2019,6,17,Conflict,7962,4806,Oromia,ET04,SA,Active
74157,Countrywide monitoring,Ethiopia,ETH,Tigray,ET01,Central,ET0102,2,11368,2019-06-30T00:00:00,2019,6,17,Conflict,6544,4824,Amhara,ET03,SA,Active
74147,Countrywide monitoring,Ethiopia,ETH,Tigray,ET01,Central,ET0102,2,6372,2019-06-30T00:00:00,2019,6,17,Conflict,3069,3303,Tigray,ET01,SA,Active
74196,Countrywide monitoring,Ethiopia,ETH,Tigray,ET01,Eastern,ET0103,2,682,2019-06-30T00:00:00,2019,6,17,Conflict,313,369,Tigray,ET01,SA,Active
74111,Countrywide monitoring,Ethiopia,ETH,Tigray,ET01,Central,ET0102,2,170,2019-06-30T00:00:00,2019,6,17,Conflict,94,76,Oromia,ET04,SA,Active
74050,Countrywide monitoring,Ethiopia,ETH,Oromia,ET04,South West Shewa,ET0413,2,224,2019-06-30T00:00:00,2019,6,17,Conflict,129,95,Somali,ET05,SA,Active
73995,Countrywide monitoring,Ethiopia,ETH,Oromia,ET04,Shager City,ET0420,2,156,2019-06-30T00:00:00,2019,6,17,Conflict,75,81,Somali,ET05,SA,Active
74016,Countrywide monitoring,Ethiopia,ETH,Oromia,ET04,Shager City,ET0420,2,14855,2019-06-30T00:00:00,2019,6,17,Natural disaster,7812,7043,Oromia,ET04,SA,Active
73945,Countrywide monitoring,Ethiopia,ETH,Oromia,ET04,Kelem Wellega,ET0418,2,30604,2019-06-30T00:00:00,2019,6,17,Natural disaster,15193,15411,Oromia,ET04,SA,Active
73964,Countrywide monitoring,Ethiopia,ETH,Oromia,ET04,North Shewa (OR),ET0406,2,128,2019-06-30T00:00:00,2019,6,17,Conflict,73,55,Somali,ET05,SA,Active
73924,Countrywide monitoring,Ethiopia,ETH,Oromia,ET04,Kelem Wellega,ET0418,2,28,2019-06-30T00:00:00,2019,6,17,Conflict,22,6,Somali,ET05,SA,Active
73714,Countrywide monitoring,Ethiopia,ETH,Amhara,ET03,North Wello,ET0303,2,2156,2019-06-30T00:00:00,2019,6,17,Conflict,1130,1026,Oromia,ET04,SA,Active
73737,Countrywide monitoring,Ethiopia,ETH,Amhara,ET03,Oromia,ET0310,2,118,2019-06-30T00:00:00,2019,6,17,Conflict,63,55,Oromia,ET04,SA,Active
73792,Countrywide monitoring,Ethiopia,ETH,Amhara,ET03,South Gondar,ET0302,2,53,2019-06-30T00:00:00,2019,6,17,Conflict,34,19,Somali,ET05,SA,Active
73759,Countrywide monitoring,Ethiopia,ETH,Amhara,ET03,Oromia,ET0310,2,682,2019-06-30T00:00:00,2019,6,17,Conflict,348,334,Amhara,ET03,SA,Active
73884,Countrywide monitoring,Ethiopia,ETH,Oromia,ET04,Jimma,ET0404,2,5872,2019-06-30T00:00:00,2019,6,17,Natural disaster,2864,3008,Oromia,ET04,SA,Active
73874,Countrywide monitoring,Ethiopia,ETH,Amhara,ET03,South Wello,ET0304,2,438,2019-06-30T00:00:00,2019,6,17,Conflict,222,216,Amhara,ET03,SA,Active
73866,Countrywide monitoring,Ethiopia,ETH,Amhara,ET03,South Wello,ET0304,2,351,2019-06-30T00:00:00,2019,6,17,Conflict,171,180,Somali,ET05,SA,Active
73821,Countrywide monitoring,Ethiopia,ETH,Amhara,ET03,South Gondar,ET0302,2,3732,2019-06-30T00:00:00,2019,6,17,Conflict,1888,1844,Oromia,ET04,SA,Active
44960,Countrywide monitoring,Ethiopia,ETH,Somali,ET05,Liban,ET0509,2,33411,2019-06-30T00:00:00,2019,6,17,Conflict,16539,16872,Somali,ET05,SA,Active
44986,Countrywide monitoring,Ethiopia,ETH,Somali,ET05,Liban,ET0509,2,66300,2019-06-30T00:00:00,2019,6,17,Conflict,32865,33435,Oromia,ET04,SA,Active
44932,Countrywide monitoring,Ethiopia,ETH,Somali,ET05,Liban,ET0509,2,1625,2019-06-30T00:00:00,2019,6,17,Natural disaster,843,782,Somali,ET05,SA,Active
44920,Countrywide monitoring,Ethiopia,ETH,Somali,ET05,Korahe,ET0505,2,22870,2019-06-30T00:00:00,2019,6,17,Natural disaster,11100,11770,Somali,ET05,SA,Active
44869,Countrywide monitoring,Ethiopia,ETH,Somali,ET05,Jarar,ET0503,2,43050,2019-06-30T00:00:00,2019,6,17,Natural disaster,19977,23073,Somali,ET05,SA,Active
44850,Countrywide monitoring,Ethiopia,ETH,Oromia,ET04,East Borena,ET0422,2,825,2019-06-30T00:00:00,2019,6,17,Conflict,450,375,Not available,Not available,SA,Active
44766,Countrywide monitoring,Ethiopia,ETH,Oromia,ET04,Borena,ET0412,2,92016,2019-06-30T00:00:00,2019,6,17,Conflict,43273,48743,Somali,ET05,SA,Active
44753,Countrywide monitoring,Ethiopia,ETH,Oromia,ET04,Borena,ET0412,2,41957,2019-06-30T00:00:00,2019,6,17,Conflict,19817,22140,Oromia,ET04,SA,Active
44723,Countrywide monitoring,Ethiopia,ETH,Oromia,ET04,Borena,ET0412,2,5336,2019-06-30T00:00:00,2019,6,17,Natural disaster,2568,2768,Oromia,ET04,SA,Active
44691,Countrywide monitoring,Ethiopia,ETH,Oromia,ET04,Bale,ET0411,2,42596,2019-06-30T00:00:00,2019,6,17,Conflict,21913,20683,Oromia,ET04,SA,Active
44704,Countrywide monitoring,Ethiopia,ETH,Oromia,ET04,Bale,ET0411,2,92262,2019-06-30T00:00:00,2019,6,17,Conflict,46081,46181,Somali,ET05,SA,Active
35172,Countrywide monitoring,Ethiopia,ETH,Afar,ET02,Gabi /Zone 3,ET0203,2,19323,2019-06-30T00:00:00,2019,6,17,Natural disaster,9505,9818,Afar,ET02,SA,Active
35124,Countrywide monitoring,Ethiopia,ETH,Afar,ET02,Fanti /Zone 4,ET0204,2,5190,2019-06-30T00:00:00,2019,6,17,Natural disaster,2671,2519,Afar,ET02,SA,Active
35136,Countrywide monitoring,Ethiopia,ETH,Afar,ET02,Gabi /Zone 3,ET0203,2,767,2019-06-30T00:00:00,2019,6,17,Conflict,368,399,Afar,ET02,SA,Active
35053,Countrywide monitoring,Ethiopia,ETH,Addis Ababa,ET14,Region 14,ET1401,2,7649,2019-06-30T00:00:00,2019,6,17,Conflict,4264,3385,Somali,ET05,SA,Active
35084,Countrywide monitoring,Ethiopia,ETH,Afar,ET02,Awsi /Zone 1,ET0201,2,15185,2019-06-30T00:00:00,2019,6,17,Natural disaster,7789,7396,Afar,ET02,SA,Active
35088,Countrywide monitoring,Ethiopia,ETH,Afar,ET02,Awsi /Zone 1,ET0201,2,15612,2019-08-30T00:00:00,2019,8,18,Natural disaster,7983,7629,Afar,ET02,SA,Active
35057,Countrywide monitoring,Ethiopia,ETH,Afar,ET02,Awsi /Zone 1,ET0201,2,1305,2019-08-30T00:00:00,2019,8,18,Conflict,660,645,Afar,ET02,SA,Active
35052,Countrywide monitoring,Ethiopia,ETH,Addis Ababa,ET14,Region 14,ET1401,2,7603,2019-08-30T00:00:00,2019,8,18,Conflict,4218,3385,Somali,ET05,SA,Active
35137,Countrywide monitoring,Ethiopia,ETH,Afar,ET02,Gabi /Zone 3,ET0203,2,864,2019-08-30T00:00:00,2019,8,18,Conflict,444,420,Afar,ET02,SA,Active
35117,Countrywide monitoring,Ethiopia,ETH,Afar,ET02,Fanti /Zone 4,ET0204,2,3185,2019-08-30T00:00:00,2019,8,18,Natural disaster,1654,1531,Afar,ET02,SA,Active
35157,Countrywide monitoring,Ethiopia,ETH,Afar,ET02,Gabi /Zone 3,ET0203,2,14596,2019-08-30T00:00:00,2019,8,18,Natural disaster,7388,7208,Afar,ET02,SA,Active
44688,Countrywide monitoring,Ethiopia,ETH,Oromia,ET04,Bale,ET0411,2,32270,2019-08-30T00:00:00,2019,8,18,Conflict,16231,16039,Somali,ET05,SA,Active
35197,Countrywide monitoring,Ethiopia,ETH,Afar,ET02,Hari /Zone 5,ET0205,2,274,2019-08-30T00:00:00,2019,8,18,Conflict,141,133,Afar,ET02,SA,Active
44712,Countrywide monitoring,Ethiopia,ETH,Oromia,ET04,Borena,ET0412,2,1909,2019-08-30T00:00:00,2019,8,18,Natural disaster,880,1029,Oromia,ET04,SA,Active
44746,Countrywide monitoring,Ethiopia,ETH,Oromia,ET04,Borena,ET0412,2,29956,2019-08-30T00:00:00,2019,8,18,Conflict,14379,15577,Oromia,ET04,SA,Active
44771,Countrywide monitoring,Ethiopia,ETH,Oromia,ET04,Borena,ET0412,2,97558,2019-08-30T00:00:00,2019,8,18,Conflict,45988,51570,Somali,ET05,SA,Active
44847,Countrywide monitoring,Ethiopia,ETH,Oromia,ET04,East Borena,ET0422,2,675,2019-08-30T00:00:00,2019,8,18,Conflict,360,315,Not available,Not available,SA,Active
44860,Countrywide monitoring,Ethiopia,ETH,Oromia,ET04,East Borena,ET0422,2,14676,2019-08-30T00:00:00,2019,8,18,Natural disaster,7525,7151,Oromia,ET04,SA,Active
44867,Countrywide monitoring,Ethiopia,ETH,Somali,ET05,Jarar,ET0503,2,41699,2019-08-30T00:00:00,2019,8,18,Natural disaster,19552,22147,Somali,ET05,SA,Active
44934,Countrywide monitoring,Ethiopia,ETH,Somali,ET05,Liban,ET0509,2,1730,2019-08-30T00:00:00,2019,8,18,Natural disaster,850,880,Somali,ET05,SA,Active
44916,Countrywide monitoring,Ethiopia,ETH,Somali,ET05,Korahe,ET0505,2,22604,2019-08-30T00:00:00,2019,8,18,Natural disaster,11368,11236,Somali,ET05,SA,Active
44983,Countrywide monitoring,Ethiopia,ETH,Somali,ET05,Liban,ET0509,2,60924,2019-08-30T00:00:00,2019,8,18,Conflict,29943,30981,Oromia,ET04,SA,Active
44959,Countrywide monitoring,Ethiopia,ETH,Somali,ET05,Liban,ET0509,2,30856,2019-08-30T00:00:00,2019,8,18,Conflict,15384,15472,Somali,ET05,SA,Active
73867,Countrywide monitoring,Ethiopia,ETH,Amhara,ET03,South Wello,ET0304,2,352,2019-08-30T00:00:00,2019,8,18,Conflict,171,181,Somali,ET05,SA,Active
73886,Countrywide monitoring,Ethiopia,ETH,Oromia,ET04,Jimma,ET0404,2,6094,2019-08-30T00:00:00,2019,8,18,Other reason,2800,3294,Oromia,ET04,SA,Active
73893,Countrywide monitoring,Ethiopia,ETH,Oromia,ET04,Jimma,ET0404,2,8552,2019-08-30T00:00:00,2019,8,18,Natural disaster,4030,4522,Oromia,ET04,SA,Active
73795,Countrywide monitoring,Ethiopia,ETH,Amhara,ET03,South Gondar,ET0302,2,88,2019-08-30T00:00:00,2019,8,18,Conflict,53,35,Somali,ET05,SA,Active
73820,Countrywide monitoring,Ethiopia,ETH,Amhara,ET03,South Gondar,ET0302,2,3722,2019-08-30T00:00:00,2019,8,18,Conflict,1894,1828,Oromia,ET04,SA,Active
73742,Countrywide monitoring,Ethiopia,ETH,Amhara,ET03,Oromia,ET0310,2,122,2019-08-30T00:00:00,2019,8,18,Conflict,56,66,Oromia,ET04,SA,Active
73735,Countrywide monitoring,Ethiopia,ETH,Amhara,ET03,Oromia,ET0310,2,115,2019-08-30T00:00:00,2019,8,18,Conflict,60,55,Amhara,ET03,SA,Active
73711,Countrywide monitoring,Ethiopia,ETH,Amhara,ET03,North Wello,ET0303,2,2150,2019-08-30T00:00:00,2019,8,18,Conflict,1126,1024,Oromia,ET04,SA,Active
73925,Countrywide monitoring,Ethiopia,ETH,Oromia,ET04,Kelem Wellega,ET0418,2,28,2019-08-30T00:00:00,2019,8,18,Conflict,21,7,Somali,ET05,SA,Active
73965,Countrywide monitoring,Ethiopia,ETH,Oromia,ET04,North Shewa (OR),ET0406,2,128,2019-08-30T00:00:00,2019,8,18,Conflict,73,55,Somali,ET05,SA,Active
73947,Countrywide monitoring,Ethiopia,ETH,Oromia,ET04,Kelem Wellega,ET0418,2,31659,2019-08-30T00:00:00,2019,8,18,Natural disaster,15790,15869,Oromia,ET04,SA,Active
73999,Countrywide monitoring,Ethiopia,ETH,Oromia,ET04,Shager City,ET0420,2,237,2019-08-30T00:00:00,2019,8,18,Conflict,117,120,Somali,ET05,SA,Active
74041,Countrywide monitoring,Ethiopia,ETH,Oromia,ET04,South West Shewa,ET0413,2,223,2019-08-30T00:00:00,2019,8,18,Conflict,109,114,Somali,ET05,SA,Active
74018,Countrywide monitoring,Ethiopia,ETH,Oromia,ET04,Shager City,ET0420,2,16036,2019-08-30T00:00:00,2019,8,18,Natural disaster,7689,8347,Oromia,ET04,SA,Active
74114,Countrywide monitoring,Ethiopia,ETH,Tigray,ET01,Central,ET0102,2,214,2019-08-30T00:00:00,2019,8,18,Conflict,123,91,Oromia,ET04,SA,Active
74197,Countrywide monitoring,Ethiopia,ETH,Tigray,ET01,Eastern,ET0103,2,682,2019-08-30T00:00:00,2019,8,18,Conflict,313,369,Tigray,ET01,SA,Active
74150,Countrywide monitoring,Ethiopia,ETH,Tigray,ET01,Central,ET0102,2,6376,2019-08-30T00:00:00,2019,8,18,Conflict,3066,3310,Tigray,ET01,SA,Active
74160,Countrywide monitoring,Ethiopia,ETH,Tigray,ET01,Central,ET0102,2,11507,2019-08-30T00:00:00,2019,8,18,Conflict,6676,4831,Amhara,ET03,SA,Active
74213,Countrywide monitoring,Ethiopia,ETH,Tigray,ET01,Eastern,ET0103,2,2764,2019-08-30T00:00:00,2019,8,18,Conflict,1873,891,Amhara,ET03,SA,Active
79149,Countrywide monitoring,Ethiopia,ETH,Gambela,ET12,Nuwer,ET1201,2,12157,2019-08-30T00:00:00,2019,8,18,Conflict,6396,5761,Gambela,ET12,SA,Active
74235,Countrywide monitoring,Ethiopia,ETH,Tigray,ET01,Eastern,ET0103,2,17008,2019-08-30T00:00:00,2019,8,18,Conflict,10715,6293,Oromia,ET04,SA,Active
79196,Countrywide monitoring,Ethiopia,ETH,Harari,ET13,Harari,ET1301,2,2194,2019-08-30T00:00:00,2019,8,18,Conflict,1117,1077,Somali,ET05,SA,Active
79177,Countrywide monitoring,Ethiopia,ETH,Harari,ET13,Harari,ET1301,2,234,2019-08-30T00:00:00,2019,8,18,Conflict,117,117,Harari,ET13,SA,Active
79251,Countrywide monitoring,Ethiopia,ETH,Oromia,ET04,Arsi,ET0408,2,1867,2019-08-30T00:00:00,2019,8,18,Conflict,1071,796,Somali,ET05,SA,Active
79268,Countrywide monitoring,Ethiopia,ETH,Oromia,ET04,Arsi,ET0408,2,2817,2019-08-30T00:00:00,2019,8,18,Natural disaster,1416,1401,Oromia,ET04,SA,Active
79300,Countrywide monitoring,Ethiopia,ETH,Oromia,ET04,Bale,ET0411,2,6798,2019-08-30T00:00:00,2019,8,18,Economic reasons,3350,3448,Oromia,ET04,SA,Active
79292,Countrywide monitoring,Ethiopia,ETH,Oromia,ET04,Bale,ET0411,2,3900,2019-08-30T00:00:00,2019,8,18,Conflict,1980,1920,Oromia,ET04,SA,Active
79360,Countrywide monitoring,Ethiopia,ETH,Somali,ET05,Erer,ET0504,2,25704,2019-08-30T00:00:00,2019,8,18,Natural disaster,12761,12943,Somali,ET05,SA,Active
79336,Countrywide monitoring,Ethiopia,ETH,Somali,ET05,Erer,ET0504,2,1315,2019-08-30T00:00:00,2019,8,18,Conflict,677,638,Oromia,ET04,SA,Active
79429,Countrywide monitoring,Ethiopia,ETH,Somali,ET05,Fafan,ET0502,2,57565,2019-08-30T00:00:00,2019,8,18,Conflict,29541,28024,Somali,ET05,SA,Active
79399,Countrywide monitoring,Ethiopia,ETH,Somali,ET05,Fafan,ET0502,2,8399,2019-08-30T00:00:00,2019,8,18,Natural disaster,3820,4579,Somali,ET05,SA,Active
79471,Countrywide monitoring,Ethiopia,ETH,Somali,ET05,Jarar,ET0503,2,276,2019-08-30T00:00:00,2019,8,18,Conflict,124,152,Somali,ET05,SA,Active
79446,Countrywide monitoring,Ethiopia,ETH,Somali,ET05,Fafan,ET0502,2,112356,2019-08-30T00:00:00,2019,8,18,Conflict,56820,55536,Oromia,ET04,SA,Active
131092,Countrywide monitoring,Ethiopia,ETH,Afar,ET02,Kilbati /Zone2,ET0202,2,10979,2019-08-30T00:00:00,2019,8,18,Natural disaster,5684,5295,Afar,ET02,SA,Active
131143,Countrywide monitoring,Ethiopia,ETH,Amhara,ET03,Bahir Dar City Admin,ET0314,2,1619,2019-08-30T00:00:00,2019,8,18,Conflict,813,806,Amhara,ET03,SA,Active
131116,Countrywide monitoring,Ethiopia,ETH,Amhara,ET03,Awi,ET0309,2,3098,2019-08-30T00:00:00,2019,8,18,Conflict,1490,1608,Benishangul-Gumuz,ET06,SA,Active
131029,Countrywide monitoring,Ethiopia,ETH,Afar,ET02,Hari /Zone 5,ET0205,2,3156,2019-08-30T00:00:00,2019,8,18,Natural disaster,1610,1546,Afar,ET02,SA,Active
131004,Countrywide monitoring,Ethiopia,ETH,Afar,ET02,Hari /Zone 5,ET0205,2,1872,2019-08-30T00:00:00,2019,8,18,Conflict,958,914,Amhara,ET03,SA,Active
131048,Countrywide monitoring,Ethiopia,ETH,Afar,ET02,Kilbati /Zone2,ET0202,2,1652,2019-08-30T00:00:00,2019,8,18,Conflict,896,756,Afar,ET02,SA,Active
131224,Countrywide monitoring,Ethiopia,ETH,Oromia,ET04,East Hararge,ET0410,2,428,2019-08-30T00:00:00,2019,8,18,Natural disaster,207,221,Somali,ET05,SA,Active
131268,Countrywide monitoring,Ethiopia,ETH,Oromia,ET04,East Hararge,ET0410,2,69683,2019-08-30T00:00:00,2019,8,18,Conflict,34480,35203,Somali,ET05,SA,Active
131275,Countrywide monitoring,Ethiopia,ETH,Oromia,ET04,East Hararge,ET0410,2,77106,2019-08-30T00:00:00,2019,8,18,Conflict,38612,38494,Oromia,ET04,SA,Active
131192,Countrywide monitoring,Ethiopia,ETH,Oromia,ET04,East Borena,ET0422,2,34440,2019-08-30T00:00:00,2019,8,18,Conflict,17676,16764,Oromia,ET04,SA,Active
131306,Countrywide monitoring,Ethiopia,ETH,Oromia,ET04,East Shewa,ET0407,2,714,2019-08-30T00:00:00,2019,8,18,Natural disaster,309,405,Oromia,ET04,SA,Active
131367,Countrywide monitoring,Ethiopia,ETH,Somali,ET05,Nogob,ET0510,2,92090,2019-08-30T00:00:00,2019,8,18,Conflict,42524,49566,Oromia,ET04,SA,Active
131359,Countrywide monitoring,Ethiopia,ETH,Somali,ET05,Nogob,ET0510,2,57753,2019-08-30T00:00:00,2019,8,18,Conflict,26346,31407,Somali,ET05,SA,Active
131432,Countrywide monitoring,Ethiopia,ETH,Somali,ET05,Siti,ET0501,2,3938,2019-08-30T00:00:00,2019,8,18,Conflict,1977,1961,Somali,ET05,SA,Active
131402,Countrywide monitoring,Ethiopia,ETH,Somali,ET05,Shabelle,ET0506,2,35295,2019-08-30T00:00:00,2019,8,18,Natural disaster,16814,18481,Somali,ET05,SA,Active
131460,Countrywide monitoring,Ethiopia,ETH,Somali,ET05,Siti,ET0501,2,16089,2019-08-30T00:00:00,2019,8,18,Conflict,7974,8115,Oromia,ET04,SA,Active
131492,Countrywide monitoring,Ethiopia,ETH,Somali,ET05,Siti,ET0501,2,59370,2019-08-30T00:00:00,2019,8,18,Natural disaster,29796,29574,Somali,ET05,SA,Active
135197,Countrywide monitoring,Ethiopia,ETH,Dire Dawa,ET15,Dire Dawa urban,ET1501,2,6390,2019-08-30T00:00:00,2019,8,18,Conflict,2956,3434,Oromia,ET04,SA,Active
135224,Countrywide monitoring,Ethiopia,ETH,Gambela,ET12,Agnewak,ET1202,2,2855,2019-08-30T00:00:00,2019,8,18,Conflict,1320,1535,Gambela,ET12,SA,Active
135259,Countrywide monitoring,Ethiopia,ETH,Gambela,ET12,Itang Special woreda,ET1204,2,3300,2019-08-30T00:00:00,2019,8,18,Conflict,1558,1742,Gambela,ET12,SA,Active
135274,Countrywide monitoring,Ethiopia,ETH,Gambela,ET12,Nuwer,ET1201,2,1817,2019-08-30T00:00:00,2019,8,18,Natural disaster,989,828,Gambela,ET12,SA,Active
135320,Countrywide monitoring,Ethiopia,ETH,Somali,ET05,Afder,ET0508,2,54012,2019-08-30T00:00:00,2019,8,18,Natural disaster,26693,27319,Somali,ET05,SA,Active
135296,Countrywide monitoring,Ethiopia,ETH,Somali,ET05,Afder,ET0508,2,7159,2019-08-30T00:00:00,2019,8,18,Conflict,3461,3698,Oromia,ET04,SA,Active
135361,Countrywide monitoring,Ethiopia,ETH,Somali,ET05,Daawa,ET0511,2,1512,2019-08-30T00:00:00,2019,8,18,Natural disaster,731,781,Somali,ET05,SA,Active
135386,Countrywide monitoring,Ethiopia,ETH,Somali,ET05,Daawa,ET0511,2,35634,2019-08-30T00:00:00,2019,8,18,Conflict,16994,18640,Oromia,ET04,SA,Active
135437,Countrywide monitoring,Ethiopia,ETH,Somali,ET05,Doolo,ET0507,2,8317,2019-08-30T00:00:00,2019,8,18,Conflict,4176,4141,Somali,ET05,SA,Active
135465,Countrywide monitoring,Ethiopia,ETH,Somali,ET05,Doolo,ET0507,2,90925,2019-08-30T00:00:00,2019,8,18,Natural disaster,46633,44292,Somali,ET05,SA,Active
136996,Countrywide monitoring,Ethiopia,ETH,Somali,ET05,Afder,ET0508,2,2506,2019-08-30T00:00:00,2019,8,18,Conflict,1191,1315,Somali,ET05,SA,Active
138050,Countrywide monitoring,Ethiopia,ETH,Amhara,ET03,South Wello,ET0304,2,1018,2019-08-30T00:00:00,2019,8,18,Conflict,523,495,Oromia,ET04,SA,Active
137013,Countrywide monitoring,Ethiopia,ETH,Tigray,ET01,Southern,ET0104,2,15435,2019-08-30T00:00:00,2019,8,18,Conflict,8794,6641,Oromia,ET04,SA,Active
136865,Countrywide monitoring,Ethiopia,ETH,Oromia,ET04,West Shewa,ET0405,2,350,2019-08-30T00:00:00,2019,8,18,Conflict,228,122,Somali,ET05,SA,Active
136831,Countrywide monitoring,Ethiopia,ETH,Oromia,ET04,West Hararge,ET0409,2,20899,2019-08-30T00:00:00,2019,8,18,Conflict,10677,10222,Oromia,ET04,SA,Active
138129,Countrywide monitoring,Ethiopia,ETH,Amhara,ET03,West Gojam,ET0307,2,255,2019-08-30T00:00:00,2019,8,18,Conflict,135,120,Amhara,ET03,SA,Active
138078,Countrywide monitoring,Ethiopia,ETH,Amhara,ET03,Wag Hamra,ET0308,2,130,2019-08-30T00:00:00,2019,8,18,Conflict,69,61,Amhara,ET03,SA,Active
138092,Countrywide monitoring,Ethiopia,ETH,Amhara,ET03,Wag Hamra,ET0308,2,273,2019-08-30T00:00:00,2019,8,18,Conflict,146,127,Oromia,ET04,SA,Active
138157,Countrywide monitoring,Ethiopia,ETH,Amhara,ET03,West Gojam,ET0307,2,1632,2019-08-30T00:00:00,2019,8,18,Conflict,813,819,Benishangul-Gumuz,ET06,SA,Active
138277,Countrywide monitoring,Ethiopia,ETH,Oromia,ET04,West Arsi,ET0417,2,969,2019-08-30T00:00:00,2019,8,18,Conflict,775,194,Somali,ET05,SA,Active
138278,Countrywide monitoring,Ethiopia,ETH,Oromia,ET04,West Arsi,ET0417,2,978,2019-08-30T00:00:00,2019,8,18,Conflict,491,487,Central Ethiopia,ET07,SA,Active
138314,Countrywide monitoring,Ethiopia,ETH,Oromia,ET04,West Arsi,ET0417,2,11391,2019-08-30T00:00:00,2019,8,18,Conflict,5900,5491,Oromia,ET04,SA,Active
138304,Countrywide monitoring,Ethiopia,ETH,Oromia,ET04,West Arsi,ET0417,2,2007,2019-08-30T00:00:00,2019,8,18,Natural disaster,1049,958,Oromia,ET04,SA,Active
140747,Countrywide monitoring,Ethiopia,ETH,Amhara,ET03,East Gojam,ET0306,2,95,2019-08-30T00:00:00,2019,8,18,Natural disaster,46,49,Amhara,ET03,SA,Active
138399,Countrywide monitoring,Ethiopia,ETH,Oromia,ET04,West Hararge,ET0409,2,6849,2019-08-30T00:00:00,2019,8,18,Conflict,3257,3592,Somali,ET05,SA,Active
140761,Countrywide monitoring,Ethiopia,ETH,Amhara,ET03,East Gojam,ET0306,2,326,2019-08-30T00:00:00,2019,8,18,Conflict,153,173,Benishangul-Gumuz,ET06,SA,Active
140815,Countrywide monitoring,Ethiopia,ETH,Amhara,ET03,North Gondar,ET0301,2,3781,2019-08-30T00:00:00,2019,8,18,Conflict,1531,2250,Tigray,ET01,SA,Active
140843,Countrywide monitoring,Ethiopia,ETH,Amhara,ET03,North Shewa (AM),ET0305,2,199,2019-08-30T00:00:00,2019,8,18,Conflict,102,97,Not available,Not available,SA,Active
140806,Countrywide monitoring,Ethiopia,ETH,Amhara,ET03,North Gojam,ET0313,2,43022,2019-08-30T00:00:00,2019,8,18,Conflict,21597,21425,Amhara,ET03,SA,Active
140960,Countrywide monitoring,Ethiopia,ETH,Oromia,ET04,Guji,ET0414,2,430,2019-08-30T00:00:00,2019,8,18,Economic reasons,193,237,Somali,ET05,SA,Active
140977,Countrywide monitoring,Ethiopia,ETH,Oromia,ET04,Guji,ET0414,2,532,2019-08-30T00:00:00,2019,8,18,Conflict,275,257,Central Ethiopia,ET07,SA,Active
140971,Countrywide monitoring,Ethiopia,ETH,Oromia,ET04,Guji,ET0414,2,483,2019-08-30T00:00:00,2019,8,18,Natural disaster,252,231,Somali,ET05,SA,Active
140906,Countrywide monitoring,Ethiopia,ETH,Amhara,ET03,North Wello,ET0303,2,68,2019-08-30T00:00:00,2019,8,18,Conflict,36,32,Somali,ET05,SA,Active
140914,Countrywide monitoring,Ethiopia,ETH,Amhara,ET03,North Wello,ET0303,2,101,2019-08-30T00:00:00,2019,8,18,Conflict,101,0,Tigray,ET01,SA,Active
140924,Countrywide monitoring,Ethiopia,ETH,Oromia,ET04,East Wellega,ET0402,2,35253,2019-08-30T00:00:00,2019,8,18,Natural disaster,17719,17534,Oromia,ET04,SA,Active
140861,Countrywide monitoring,Ethiopia,ETH,Amhara,ET03,North Shewa (AM),ET0305,2,360,2019-08-30T00:00:00,2019,8,18,Conflict,195,165,Oromia,ET04,SA,Active
141000,Countrywide monitoring,Ethiopia,ETH,Oromia,ET04,Guji,ET0414,2,6045,2019-08-30T00:00:00,2019,8,18,Conflict,2984,3061,Somali,ET05,SA,Active
141020,Countrywide monitoring,Ethiopia,ETH,Oromia,ET04,Guji,ET0414,2,31862,2019-08-30T00:00:00,2019,8,18,Conflict,15348,16514,Oromia,ET04,SA,Active
141063,Countrywide monitoring,Ethiopia,ETH,Oromia,ET04,Jimma,ET0404,2,73,2019-08-30T00:00:00,2019,8,18,Conflict,39,34,Somali,ET05,SA,Active
147530,Countrywide monitoring,Ethiopia,ETH,Tigray,ET01,Mekelle,ET0107,2,6506,2019-08-30T00:00:00,2019,8,18,Conflict,3904,2602,Amhara,ET03,SA,Active
147544,Countrywide monitoring,Ethiopia,ETH,Tigray,ET01,Mekelle,ET0107,2,29715,2019-08-30T00:00:00,2019,8,18,Conflict,18016,11699,Oromia,ET04,SA,Active
146189,Countrywide monitoring,Ethiopia,ETH,Tigray,ET01,Western,ET0105,2,2669,2019-08-30T00:00:00,2019,8,18,Conflict,1410,1259,Amhara,ET03,SA,Active
147570,Countrywide monitoring,Ethiopia,ETH,Tigray,ET01,North Western,ET0101,2,9478,2019-08-30T00:00:00,2019,8,18,Conflict,4608,4870,Amhara,ET03,SA,Active
147662,Countrywide monitoring,Ethiopia,ETH,Tigray,ET01,Southern,ET0104,2,231,2019-08-30T00:00:00,2019,8,18,Conflict,128,103,Somali,ET05,SA,Active
147627,Countrywide monitoring,Ethiopia,ETH,Tigray,ET01,South Eastern,ET0106,2,3357,2019-08-30T00:00:00,2019,8,18,Conflict,1998,1359,Oromia,ET04,SA,Active
147643,Countrywide monitoring,Ethiopia,ETH,Tigray,ET01,Southern,ET0104,2,42,2019-08-30T00:00:00,2019,8,18,Conflict,24,18,Benishangul-Gumuz,ET06,SA,Active
147644,Countrywide monitoring,Ethiopia,ETH,Tigray,ET01,Southern,ET0104,2,42,2019-10-31T00:00:00,2019,10,19,Conflict,24,18,Benishangul-Gumuz,ET06,SA,Active
147624,Countrywide monitoring,Ethiopia,ETH,Tigray,ET01,South Eastern,ET0106,2,3263,2019-10-31T00:00:00,2019,10,19,Conflict,1922,1341,Oromia,ET04,SA,Active
147663,Countrywide monitoring,Ethiopia,ETH,Tigray,ET01,Southern,ET0104,2,231,2019-10-31T00:00:00,2019,10,19,Conflict,128,103,Somali,ET05,SA,Active
147585,Countrywide monitoring,Ethiopia,ETH,Tigray,ET01,South Eastern,ET0106,2,94,2019-10-31T00:00:00,2019,10,19,Conflict,70,24,Amhara,ET03,SA,Active
147572,Countrywide monitoring,Ethiopia,ETH,Tigray,ET01,North Western,ET0101,2,9529,2019-10-31T00:00:00,2019,10,19,Conflict,4641,4888,Amhara,ET03,SA,Active
146188,Countrywide monitoring,Ethiopia,ETH,Tigray,ET01,Western,ET0105,2,2656,2019-10-31T00:00:00,2019,10,19,Conflict,1409,1247,Amhara,ET03,SA,Active
147547,Countrywide monitoring,Ethiopia,ETH,Tigray,ET01,Mekelle,ET0107,2,36221,2019-10-31T00:00:00,2019,10,19,Conflict,21920,14301,Oromia,ET04,SA,Active
141059,Countrywide monitoring,Ethiopia,ETH,Oromia,ET04,Jimma,ET0404,2,66,2019-10-31T00:00:00,2019,10,19,Conflict,35,31,Somali,ET05,SA,Active
141024,Countrywide monitoring,Ethiopia,ETH,Oromia,ET04,Guji,ET0414,2,38049,2019-10-31T00:00:00,2019,10,19,Conflict,18024,20025,Oromia,ET04,SA,Active
141001,Countrywide monitoring,Ethiopia,ETH,Oromia,ET04,Guji,ET0414,2,6050,2019-10-31T00:00:00,2019,10,19,Conflict,2863,3187,Somali,ET05,SA,Active
140856,Countrywide monitoring,Ethiopia,ETH,Amhara,ET03,North Shewa (AM),ET0305,2,292,2019-10-31T00:00:00,2019,10,19,Conflict,157,135,Oromia,ET04,SA,Active
140921,Countrywide monitoring,Ethiopia,ETH,Oromia,ET04,East Wellega,ET0402,2,32964,2019-10-31T00:00:00,2019,10,19,Natural disaster,16359,16605,Oromia,ET04,SA,Active
140907,Countrywide monitoring,Ethiopia,ETH,Amhara,ET03,North Wello,ET0303,2,68,2019-10-31T00:00:00,2019,10,19,Conflict,36,32,Somali,ET05,SA,Active
140911,Countrywide monitoring,Ethiopia,ETH,Amhara,ET03,North Wello,ET0303,2,79,2019-10-31T00:00:00,2019,10,19,Conflict,79,0,Tigray,ET01,SA,Active
140963,Countrywide monitoring,Ethiopia,ETH,Oromia,ET04,Guji,ET0414,2,461,2019-10-31T00:00:00,2019,10,19,Natural disaster,239,222,Somali,ET05,SA,Active
140965,Countrywide monitoring,Ethiopia,ETH,Oromia,ET04,Guji,ET0414,2,463,2019-10-31T00:00:00,2019,10,19,Economic reasons,237,226,Somali,ET05,SA,Active
140805,Countrywide monitoring,Ethiopia,ETH,Amhara,ET03,North Gojam,ET0313,2,41348,2019-10-31T00:00:00,2019,10,19,Conflict,21174,20174,Amhara,ET03,SA,Active
140789,Countrywide monitoring,Ethiopia,ETH,Amhara,ET03,North Gojam,ET0313,2,505,2019-10-31T00:00:00,2019,10,19,Conflict,304,201,Tigray,ET01,SA,Active
140844,Countrywide monitoring,Ethiopia,ETH,Amhara,ET03,North Shewa (AM),ET0305,2,202,2019-10-31T00:00:00,2019,10,19,Conflict,105,97,Not available,Not available,SA,Active
140757,Countrywide monitoring,Ethiopia,ETH,Amhara,ET03,East Gojam,ET0306,2,314,2019-10-31T00:00:00,2019,10,19,Conflict,146,168,Benishangul-Gumuz,ET06,SA,Active
138402,Countrywide monitoring,Ethiopia,ETH,Oromia,ET04,West Hararge,ET0409,2,8104,2019-10-31T00:00:00,2019,10,19,Conflict,4038,4066,Somali,ET05,SA,Active
138306,Countrywide monitoring,Ethiopia,ETH,Oromia,ET04,West Arsi,ET0417,2,2398,2019-10-31T00:00:00,2019,10,19,Natural disaster,1261,1137,Oromia,ET04,SA,Active
138316,Countrywide monitoring,Ethiopia,ETH,Oromia,ET04,West Arsi,ET0417,2,12144,2019-10-31T00:00:00,2019,10,19,Conflict,5978,6166,Oromia,ET04,SA,Active
138279,Countrywide monitoring,Ethiopia,ETH,Oromia,ET04,West Arsi,ET0417,2,1045,2019-10-31T00:00:00,2019,10,19,Conflict,518,527,Central Ethiopia,ET07,SA,Active
138272,Countrywide monitoring,Ethiopia,ETH,Oromia,ET04,West Arsi,ET0417,2,669,2019-10-31T00:00:00,2019,10,19,Conflict,385,284,Somali,ET05,SA,Active
138154,Countrywide monitoring,Ethiopia,ETH,Amhara,ET03,West Gojam,ET0307,2,1409,2019-10-31T00:00:00,2019,10,19,Conflict,710,699,Benishangul-Gumuz,ET06,SA,Active
138134,Countrywide monitoring,Ethiopia,ETH,Amhara,ET03,West Gojam,ET0307,2,257,2019-10-31T00:00:00,2019,10,19,Conflict,136,121,Amhara,ET03,SA,Active
138086,Countrywide monitoring,Ethiopia,ETH,Amhara,ET03,Wag Hamra,ET0308,2,214,2019-10-31T00:00:00,2019,10,19,Conflict,120,94,Amhara,ET03,SA,Active
138089,Countrywide monitoring,Ethiopia,ETH,Amhara,ET03,Wag Hamra,ET0308,2,265,2019-10-31T00:00:00,2019,10,19,Conflict,140,125,Oromia,ET04,SA,Active
136828,Countrywide monitoring,Ethiopia,ETH,Oromia,ET04,West Hararge,ET0409,2,18127,2019-10-31T00:00:00,2019,10,19,Conflict,9736,8391,Oromia,ET04,SA,Active
136871,Countrywide monitoring,Ethiopia,ETH,Oromia,ET04,West Shewa,ET0405,2,360,2019-10-31T00:00:00,2019,10,19,Conflict,238,122,Somali,ET05,SA,Active
137016,Countrywide monitoring,Ethiopia,ETH,Tigray,ET01,Southern,ET0104,2,15602,2019-10-31T00:00:00,2019,10,19,Conflict,8863,6739,Oromia,ET04,SA,Active
138055,Countrywide monitoring,Ethiopia,ETH,Amhara,ET03,South Wello,ET0304,2,1298,2019-10-31T00:00:00,2019,10,19,Conflict,655,643,Oromia,ET04,SA,Active
136992,Countrywide monitoring,Ethiopia,ETH,Somali,ET05,Afder,ET0508,2,2219,2019-10-31T00:00:00,2019,10,19,Conflict,1151,1068,Somali,ET05,SA,Active
135455,Countrywide monitoring,Ethiopia,ETH,Somali,ET05,Doolo,ET0507,2,77649,2019-10-31T00:00:00,2019,10,19,Natural disaster,39229,38420,Somali,ET05,SA,Active
136658,Countrywide monitoring,Ethiopia,ETH,Benishangul-Gumuz,ET06,Metekel,ET0602,2,1663,2019-10-31T00:00:00,2019,10,19,Conflict,811,852,Amhara,ET03,SA,Active
136660,Countrywide monitoring,Ethiopia,ETH,Benishangul-Gumuz,ET06,Metekel,ET0602,2,1862,2019-10-31T00:00:00,2019,10,19,Conflict,971,891,Benishangul-Gumuz,ET06,SA,Active
135432,Countrywide monitoring,Ethiopia,ETH,Somali,ET05,Doolo,ET0507,2,4370,2019-10-31T00:00:00,2019,10,19,Conflict,2236,2134,Somali,ET05,SA,Active
135380,Countrywide monitoring,Ethiopia,ETH,Somali,ET05,Daawa,ET0511,2,32091,2019-10-31T00:00:00,2019,10,19,Conflict,15014,17077,Oromia,ET04,SA,Active
135360,Countrywide monitoring,Ethiopia,ETH,Somali,ET05,Daawa,ET0511,2,1470,2019-10-31T00:00:00,2019,10,19,Natural disaster,691,779,Somali,ET05,SA,Active
135315,Countrywide monitoring,Ethiopia,ETH,Somali,ET05,Afder,ET0508,2,52737,2019-10-31T00:00:00,2019,10,19,Natural disaster,25992,26745,Somali,ET05,SA,Active
135292,Countrywide monitoring,Ethiopia,ETH,Somali,ET05,Afder,ET0508,2,6679,2019-10-31T00:00:00,2019,10,19,Conflict,2982,3697,Oromia,ET04,SA,Active
135278,Countrywide monitoring,Ethiopia,ETH,Gambela,ET12,Nuwer,ET1201,2,2980,2019-10-31T00:00:00,2019,10,19,Conflict,1552,1428,Gambela,ET12,SA,Active
135255,Countrywide monitoring,Ethiopia,ETH,Gambela,ET12,Itang Special woreda,ET1204,2,2693,2019-10-31T00:00:00,2019,10,19,Conflict,1372,1321,Gambela,ET12,SA,Active
135226,Countrywide monitoring,Ethiopia,ETH,Gambela,ET12,Agnewak,ET1202,2,3041,2019-10-31T00:00:00,2019,10,19,Conflict,1429,1612,Gambela,ET12,SA,Active
135194,Countrywide monitoring,Ethiopia,ETH,Dire Dawa,ET15,Dire Dawa urban,ET1501,2,5852,2019-10-31T00:00:00,2019,10,19,Conflict,2715,3137,Oromia,ET04,SA,Active
131478,Countrywide monitoring,Ethiopia,ETH,Somali,ET05,Siti,ET0501,2,43813,2019-10-31T00:00:00,2019,10,19,Natural disaster,21921,21892,Somali,ET05,SA,Active
131443,Countrywide monitoring,Ethiopia,ETH,Somali,ET05,Siti,ET0501,2,9182,2019-10-31T00:00:00,2019,10,19,Conflict,4619,4563,Oromia,ET04,SA,Active
131401,Countrywide monitoring,Ethiopia,ETH,Somali,ET05,Shabelle,ET0506,2,35156,2019-10-31T00:00:00,2019,10,19,Natural disaster,16299,18857,Somali,ET05,SA,Active
131431,Countrywide monitoring,Ethiopia,ETH,Somali,ET05,Siti,ET0501,2,3311,2019-10-31T00:00:00,2019,10,19,Conflict,1614,1697,Somali,ET05,SA,Active
131436,Countrywide monitoring,Ethiopia,ETH,Somali,ET05,Siti,ET0501,2,5827,2019-10-31T00:00:00,2019,10,19,Conflict,2914,2913,Afar,ET02,SA,Active
131362,Countrywide monitoring,Ethiopia,ETH,Somali,ET05,Nogob,ET0510,2,71183,2019-10-31T00:00:00,2019,10,19,Conflict,32704,38479,Somali,ET05,SA,Active
131364,Countrywide monitoring,Ethiopia,ETH,Somali,ET05,Nogob,ET0510,2,83576,2019-10-31T00:00:00,2019,10,19,Conflict,39216,44360,Oromia,ET04,SA,Active
131308,Countrywide monitoring,Ethiopia,ETH,Oromia,ET04,East Shewa,ET0407,2,931,2019-10-31T00:00:00,2019,10,19,Natural disaster,407,524,Oromia,ET04,SA,Active
131187,Countrywide monitoring,Ethiopia,ETH,Oromia,ET04,East Borena,ET0422,2,30182,2019-10-31T00:00:00,2019,10,19,Natural disaster,15482,14700,Oromia,ET04,SA,Active
131202,Countrywide monitoring,Ethiopia,ETH,Oromia,ET04,East Borena,ET0422,2,46464,2019-10-31T00:00:00,2019,10,19,Conflict,23415,23049,Oromia,ET04,SA,Active
131271,Countrywide monitoring,Ethiopia,ETH,Oromia,ET04,East Hararge,ET0410,2,70812,2019-10-31T00:00:00,2019,10,19,Conflict,35101,35711,Somali,ET05,SA,Active
131221,Countrywide monitoring,Ethiopia,ETH,Oromia,ET04,East Hararge,ET0410,2,406,2019-10-31T00:00:00,2019,10,19,Natural disaster,196,210,Somali,ET05,SA,Active
131249,Countrywide monitoring,Ethiopia,ETH,Oromia,ET04,East Hararge,ET0410,2,59834,2019-10-31T00:00:00,2019,10,19,Conflict,29681,30153,Oromia,ET04,SA,Active
131054,Countrywide monitoring,Ethiopia,ETH,Afar,ET02,Kilbati /Zone2,ET0202,2,1778,2019-10-31T00:00:00,2019,10,19,Conflict,924,854,Afar,ET02,SA,Active
131031,Countrywide monitoring,Ethiopia,ETH,Afar,ET02,Hari /Zone 5,ET0205,2,3234,2019-10-31T00:00:00,2019,10,19,Natural disaster,1684,1550,Afar,ET02,SA,Active
131144,Countrywide monitoring,Ethiopia,ETH,Amhara,ET03,Bahir Dar City Admin,ET0314,2,2633,2019-10-31T00:00:00,2019,10,19,Conflict,1345,1288,Amhara,ET03,SA,Active
131093,Countrywide monitoring,Ethiopia,ETH,Afar,ET02,Kilbati /Zone2,ET0202,2,11640,2019-10-31T00:00:00,2019,10,19,Natural disaster,5921,5719,Afar,ET02,SA,Active
131103,Countrywide monitoring,Ethiopia,ETH,Amhara,ET03,Awi,ET0309,2,214,2019-10-31T00:00:00,2019,10,19,Conflict,100,114,Benishangul-Gumuz,ET06,SA,Active
79507,Countrywide monitoring,Ethiopia,ETH,Somali,ET05,Jarar,ET0503,2,35379,2019-10-31T00:00:00,2019,10,19,Natural disaster,17044,18335,Somali,ET05,SA,Active
79487,Countrywide monitoring,Ethiopia,ETH,Somali,ET05,Jarar,ET0503,2,287,2019-10-31T00:00:00,2019,10,19,Conflict,131,156,Oromia,ET04,SA,Active
79395,Countrywide monitoring,Ethiopia,ETH,Somali,ET05,Fafan,ET0502,2,8096,2019-10-31T00:00:00,2019,10,19,Natural disaster,3794,4302,Somali,ET05,SA,Active
79430,Countrywide monitoring,Ethiopia,ETH,Somali,ET05,Fafan,ET0502,2,57823,2019-10-31T00:00:00,2019,10,19,Conflict,28769,29054,Somali,ET05,SA,Active
79443,Countrywide monitoring,Ethiopia,ETH,Somali,ET05,Fafan,ET0502,2,111517,2019-10-31T00:00:00,2019,10,19,Conflict,56752,54765,Oromia,ET04,SA,Active
79367,Countrywide monitoring,Ethiopia,ETH,Somali,ET05,Erer,ET0504,2,26362,2019-10-31T00:00:00,2019,10,19,Natural disaster,13290,13072,Somali,ET05,SA,Active
79302,Countrywide monitoring,Ethiopia,ETH,Oromia,ET04,Bale,ET0411,2,6996,2019-10-31T00:00:00,2019,10,19,Economic reasons,3547,3449,Oromia,ET04,SA,Active
79334,Countrywide monitoring,Ethiopia,ETH,Somali,ET05,Erer,ET0504,2,1298,2019-10-31T00:00:00,2019,10,19,Conflict,663,635,Oromia,ET04,SA,Active
79291,Countrywide monitoring,Ethiopia,ETH,Oromia,ET04,Bale,ET0411,2,3893,2019-10-31T00:00:00,2019,10,19,Conflict,1931,1962,Oromia,ET04,SA,Active
79245,Countrywide monitoring,Ethiopia,ETH,Oromia,ET04,Arsi,ET0408,2,1835,2019-10-31T00:00:00,2019,10,19,Conflict,1036,799,Somali,ET05,SA,Active
79261,Countrywide monitoring,Ethiopia,ETH,Oromia,ET04,Arsi,ET0408,2,2340,2019-10-31T00:00:00,2019,10,19,Natural disaster,1120,1220,Oromia,ET04,SA,Active
79218,Countrywide monitoring,Ethiopia,ETH,Harari,ET13,Harari,ET1301,2,3566,2019-10-31T00:00:00,2019,10,19,Conflict,1782,1784,Somali,ET05,SA,Active
74236,Countrywide monitoring,Ethiopia,ETH,Tigray,ET01,Eastern,ET0103,2,17010,2019-10-31T00:00:00,2019,10,19,Conflict,10699,6311,Oromia,ET04,SA,Active
74212,Countrywide monitoring,Ethiopia,ETH,Tigray,ET01,Eastern,ET0103,2,2723,2019-10-31T00:00:00,2019,10,19,Conflict,1845,878,Amhara,ET03,SA,Active
74161,Countrywide monitoring,Ethiopia,ETH,Tigray,ET01,Central,ET0102,2,11728,2019-10-31T00:00:00,2019,10,19,Conflict,6838,4890,Amhara,ET03,SA,Active
74138,Countrywide monitoring,Ethiopia,ETH,Tigray,ET01,Central,ET0102,2,6103,2019-10-31T00:00:00,2019,10,19,Conflict,2911,3192,Tigray,ET01,SA,Active
74198,Countrywide monitoring,Ethiopia,ETH,Tigray,ET01,Eastern,ET0103,2,682,2019-10-31T00:00:00,2019,10,19,Conflict,313,369,Tigray,ET01,SA,Active
74110,Countrywide monitoring,Ethiopia,ETH,Tigray,ET01,Central,ET0102,2,154,2019-10-31T00:00:00,2019,10,19,Conflict,95,59,Somali,ET05,SA,Active
74106,Countrywide monitoring,Ethiopia,ETH,Tigray,ET01,Central,ET0102,2,108,2019-10-31T00:00:00,2019,10,19,Conflict,58,50,Oromia,ET04,SA,Active
74024,Countrywide monitoring,Ethiopia,ETH,Oromia,ET04,Shager City,ET0420,2,17494,2019-10-31T00:00:00,2019,10,19,Natural disaster,7912,9582,Oromia,ET04,SA,Active
74051,Countrywide monitoring,Ethiopia,ETH,Oromia,ET04,South West Shewa,ET0413,2,224,2019-10-31T00:00:00,2019,10,19,Conflict,129,95,Somali,ET05,SA,Active
73998,Countrywide monitoring,Ethiopia,ETH,Oromia,ET04,Shager City,ET0420,2,225,2019-10-31T00:00:00,2019,10,19,Conflict,105,120,Somali,ET05,SA,Active
73948,Countrywide monitoring,Ethiopia,ETH,Oromia,ET04,Kelem Wellega,ET0418,2,32451,2019-10-31T00:00:00,2019,10,19,Natural disaster,15768,16683,Oromia,ET04,SA,Active
73966,Countrywide monitoring,Ethiopia,ETH,Oromia,ET04,North Shewa (OR),ET0406,2,128,2019-10-31T00:00:00,2019,10,19,Conflict,73,55,Somali,ET05,SA,Active
73926,Countrywide monitoring,Ethiopia,ETH,Oromia,ET04,Kelem Wellega,ET0418,2,28,2019-10-31T00:00:00,2019,10,19,Conflict,21,7,Somali,ET05,SA,Active
73892,Countrywide monitoring,Ethiopia,ETH,Oromia,ET04,Jimma,ET0404,2,8360,2019-10-31T00:00:00,2019,10,19,Natural disaster,3894,4466,Oromia,ET04,SA,Active
73712,Countrywide monitoring,Ethiopia,ETH,Amhara,ET03,North Wello,ET0303,2,2150,2019-10-31T00:00:00,2019,10,19,Conflict,1126,1024,Oromia,ET04,SA,Active
73743,Countrywide monitoring,Ethiopia,ETH,Amhara,ET03,Oromia,ET0310,2,122,2019-10-31T00:00:00,2019,10,19,Conflict,56,66,Oromia,ET04,SA,Active
73738,Countrywide monitoring,Ethiopia,ETH,Amhara,ET03,Oromia,ET0310,2,118,2019-10-31T00:00:00,2019,10,19,Conflict,61,57,Amhara,ET03,SA,Active
73818,Countrywide monitoring,Ethiopia,ETH,Amhara,ET03,South Gondar,ET0302,2,3543,2019-10-31T00:00:00,2019,10,19,Conflict,1803,1740,Oromia,ET04,SA,Active
73796,Countrywide monitoring,Ethiopia,ETH,Amhara,ET03,South Gondar,ET0302,2,88,2019-10-31T00:00:00,2019,10,19,Conflict,53,35,Somali,ET05,SA,Active
73852,Countrywide monitoring,Ethiopia,ETH,Amhara,ET03,South Wello,ET0304,2,108,2019-10-31T00:00:00,2019,10,19,Conflict,53,55,Somali,ET05,SA,Active
73878,Countrywide monitoring,Ethiopia,ETH,Oromia,ET04,Jimma,ET0404,2,5588,2019-10-31T00:00:00,2019,10,19,Other reason,2570,3018,Oromia,ET04,SA,Active
44964,Countrywide monitoring,Ethiopia,ETH,Somali,ET05,Liban,ET0509,2,36527,2019-10-31T00:00:00,2019,10,19,Conflict,18228,18299,Somali,ET05,SA,Active
44990,Countrywide monitoring,Ethiopia,ETH,Somali,ET05,Liban,ET0509,2,70280,2019-10-31T00:00:00,2019,10,19,Conflict,34543,35737,Oromia,ET04,SA,Active
44915,Countrywide monitoring,Ethiopia,ETH,Somali,ET05,Korahe,ET0505,2,22369,2019-10-31T00:00:00,2019,10,19,Natural disaster,10879,11490,Somali,ET05,SA,Active
44933,Countrywide monitoring,Ethiopia,ETH,Somali,ET05,Liban,ET0509,2,1668,2019-10-31T00:00:00,2019,10,19,Natural disaster,834,834,Somali,ET05,SA,Active
44849,Countrywide monitoring,Ethiopia,ETH,Oromia,ET04,East Borena,ET0422,2,802,2019-10-31T00:00:00,2019,10,19,Conflict,389,413,Not available,Not available,SA,Active
44769,Countrywide monitoring,Ethiopia,ETH,Oromia,ET04,Borena,ET0412,2,97256,2019-10-31T00:00:00,2019,10,19,Conflict,46481,50775,Somali,ET05,SA,Active
44745,Countrywide monitoring,Ethiopia,ETH,Oromia,ET04,Borena,ET0412,2,29658,2019-10-31T00:00:00,2019,10,19,Conflict,13980,15678,Oromia,ET04,SA,Active
44713,Countrywide monitoring,Ethiopia,ETH,Oromia,ET04,Borena,ET0412,2,1909,2019-10-31T00:00:00,2019,10,19,Natural disaster,880,1029,Oromia,ET04,SA,Active
44684,Countrywide monitoring,Ethiopia,ETH,Oromia,ET04,Bale,ET0411,2,28212,2019-10-31T00:00:00,2019,10,19,Conflict,14113,14099,Somali,ET05,SA,Active
35162,Countrywide monitoring,Ethiopia,ETH,Afar,ET02,Gabi /Zone 3,ET0203,2,16800,2019-10-31T00:00:00,2019,10,19,Natural disaster,8399,8401,Afar,ET02,SA,Active
35191,Countrywide monitoring,Ethiopia,ETH,Afar,ET02,Hari /Zone 5,ET0205,2,197,2019-10-31T00:00:00,2019,10,19,Conflict,93,104,Afar,ET02,SA,Active
35125,Countrywide monitoring,Ethiopia,ETH,Afar,ET02,Fanti /Zone 4,ET0204,2,5460,2019-10-31T00:00:00,2019,10,19,Natural disaster,2779,2681,Afar,ET02,SA,Active
35138,Countrywide monitoring,Ethiopia,ETH,Afar,ET02,Gabi /Zone 3,ET0203,2,1136,2019-10-31T00:00:00,2019,10,19,Conflict,556,580,Afar,ET02,SA,Active
35056,Countrywide monitoring,Ethiopia,ETH,Afar,ET02,Awsi /Zone 1,ET0201,2,550,2019-10-31T00:00:00,2019,10,19,Conflict,285,265,Afar,ET02,SA,Active
35083,Countrywide monitoring,Ethiopia,ETH,Afar,ET02,Awsi /Zone 1,ET0201,2,14464,2019-10-31T00:00:00,2019,10,19,Natural disaster,7263,7201,Afar,ET02,SA,Active
35078,Countrywide monitoring,Ethiopia,ETH,Afar,ET02,Awsi /Zone 1,ET0201,2,13115,2019-12-31T00:00:00,2019,12,20,Natural disaster,6831,6284,Afar,ET02,SA,Active
35058,Countrywide monitoring,Ethiopia,ETH,Afar,ET02,Awsi /Zone 1,ET0201,2,1395,2019-12-31T00:00:00,2019,12,20,Conflict,704,691,Afar,ET02,SA,Active
35142,Countrywide monitoring,Ethiopia,ETH,Afar,ET02,Gabi /Zone 3,ET0203,2,9646,2019-12-31T00:00:00,2019,12,20,Conflict,4584,5062,Afar,ET02,SA,Active
35126,Countrywide monitoring,Ethiopia,ETH,Afar,ET02,Fanti /Zone 4,ET0204,2,5732,2019-12-31T00:00:00,2019,12,20,Natural disaster,2688,3044,Afar,ET02,SA,Active
35192,Countrywide monitoring,Ethiopia,ETH,Afar,ET02,Hari /Zone 5,ET0205,2,219,2019-12-31T00:00:00,2019,12,20,Conflict,121,98,Afar,ET02,SA,Active
35174,Countrywide monitoring,Ethiopia,ETH,Afar,ET02,Gabi /Zone 3,ET0203,2,20348,2019-12-31T00:00:00,2019,12,20,Natural disaster,10003,10345,Afar,ET02,SA,Active
44718,Countrywide monitoring,Ethiopia,ETH,Oromia,ET04,Borena,ET0412,2,2819,2019-12-31T00:00:00,2019,12,20,Natural disaster,1479,1340,Oromia,ET04,SA,Active
44791,Countrywide monitoring,Ethiopia,ETH,Oromia,ET04,Borena,ET0412,2,146594,2019-12-31T00:00:00,2019,12,20,Conflict,72019,74575,Oromia,ET04,SA,Active
44846,Countrywide monitoring,Ethiopia,ETH,Oromia,ET04,East Borena,ET0422,2,594,2019-12-31T00:00:00,2019,12,20,Conflict,289,305,Not available,Not available,SA,Active
44914,Countrywide monitoring,Ethiopia,ETH,Somali,ET05,Korahe,ET0505,2,21902,2019-12-31T00:00:00,2019,12,20,Natural disaster,10812,11090,Somali,ET05,SA,Active
44943,Countrywide monitoring,Ethiopia,ETH,Somali,ET05,Liban,ET0509,2,2856,2019-12-31T00:00:00,2019,12,20,Natural disaster,1372,1484,Somali,ET05,SA,Active
44993,Countrywide monitoring,Ethiopia,ETH,Somali,ET05,Liban,ET0509,2,72813,2019-12-31T00:00:00,2019,12,20,Conflict,35574,37239,Oromia,ET04,SA,Active
45028,Countrywide monitoring,Ethiopia,ETH,Somali,ET05,Nogob,ET0510,2,1220,2019-12-31T00:00:00,2019,12,20,Natural disaster,590,630,Oromia,ET04,SA,Active
73885,Countrywide monitoring,Ethiopia,ETH,Oromia,ET04,Jimma,ET0404,2,6007,2019-12-31T00:00:00,2019,12,20,Other reason,2745,3262,Oromia,ET04,SA,Active
73870,Countrywide monitoring,Ethiopia,ETH,Amhara,ET03,South Wello,ET0304,2,384,2019-12-31T00:00:00,2019,12,20,Conflict,191,193,Somali,ET05,SA,Active
73823,Countrywide monitoring,Ethiopia,ETH,Amhara,ET03,South Gondar,ET0302,2,3826,2019-12-31T00:00:00,2019,12,20,Conflict,1959,1867,Oromia,ET04,SA,Active
73739,Countrywide monitoring,Ethiopia,ETH,Amhara,ET03,Oromia,ET0310,2,118,2019-12-31T00:00:00,2019,12,20,Conflict,61,57,Amhara,ET03,SA,Active
73744,Countrywide monitoring,Ethiopia,ETH,Amhara,ET03,Oromia,ET0310,2,122,2019-12-31T00:00:00,2019,12,20,Conflict,56,66,Oromia,ET04,SA,Active
73713,Countrywide monitoring,Ethiopia,ETH,Amhara,ET03,North Wello,ET0303,2,2150,2019-12-31T00:00:00,2019,12,20,Conflict,1126,1024,Oromia,ET04,SA,Active
73934,Countrywide monitoring,Ethiopia,ETH,Oromia,ET04,Kelem Wellega,ET0418,2,16532,2019-12-31T00:00:00,2019,12,20,Natural disaster,8440,8092,Oromia,ET04,SA,Active
73927,Countrywide monitoring,Ethiopia,ETH,Oromia,ET04,Kelem Wellega,ET0418,2,28,2019-12-31T00:00:00,2019,12,20,Conflict,19,9,Somali,ET05,SA,Active
73905,Countrywide monitoring,Ethiopia,ETH,Oromia,ET04,Jimma,ET0404,2,9594,2019-12-31T00:00:00,2019,12,20,Natural disaster,4463,5131,Oromia,ET04,SA,Active
73967,Countrywide monitoring,Ethiopia,ETH,Oromia,ET04,North Shewa (OR),ET0406,2,128,2019-12-31T00:00:00,2019,12,20,Conflict,73,55,Somali,ET05,SA,Active
73997,Countrywide monitoring,Ethiopia,ETH,Oromia,ET04,Shager City,ET0420,2,217,2019-12-31T00:00:00,2019,12,20,Conflict,104,113,Somali,ET05,SA,Active
74052,Countrywide monitoring,Ethiopia,ETH,Oromia,ET04,South West Shewa,ET0413,2,224,2019-12-31T00:00:00,2019,12,20,Conflict,129,95,Somali,ET05,SA,Active
74026,Countrywide monitoring,Ethiopia,ETH,Oromia,ET04,Shager City,ET0420,2,19138,2019-12-31T00:00:00,2019,12,20,Natural disaster,8682,10456,Oromia,ET04,SA,Active
74109,Countrywide monitoring,Ethiopia,ETH,Tigray,ET01,Central,ET0102,2,153,2019-12-31T00:00:00,2019,12,20,Conflict,94,59,Somali,ET05,SA,Active
74112,Countrywide monitoring,Ethiopia,ETH,Tigray,ET01,Central,ET0102,2,172,2019-12-31T00:00:00,2019,12,20,Conflict,103,69,Oromia,ET04,SA,Active
74174,Countrywide monitoring,Ethiopia,ETH,Tigray,ET01,Eastern,ET0103,2,146,2019-12-31T00:00:00,2019,12,20,Conflict,87,59,Harari,ET13,SA,Active
74158,Countrywide monitoring,Ethiopia,ETH,Tigray,ET01,Central,ET0102,2,11394,2019-12-31T00:00:00,2019,12,20,Conflict,6632,4762,Amhara,ET03,SA,Active
74152,Countrywide monitoring,Ethiopia,ETH,Tigray,ET01,Central,ET0102,2,6554,2019-12-31T00:00:00,2019,12,20,Conflict,3251,3303,Tigray,ET01,SA,Active
74186,Countrywide monitoring,Ethiopia,ETH,Tigray,ET01,Eastern,ET0103,2,478,2019-12-31T00:00:00,2019,12,20,Conflict,254,224,Tigray,ET01,SA,Active
74217,Countrywide monitoring,Ethiopia,ETH,Tigray,ET01,Eastern,ET0103,2,3364,2019-12-31T00:00:00,2019,12,20,Conflict,2236,1128,Amhara,ET03,SA,Active
74233,Countrywide monitoring,Ethiopia,ETH,Tigray,ET01,Eastern,ET0103,2,16223,2019-12-31T00:00:00,2019,12,20,Conflict,10235,5988,Oromia,ET04,SA,Active
79152,Countrywide monitoring,Ethiopia,ETH,Gambela,ET12,Nuwer,ET1201,2,12952,2019-12-31T00:00:00,2019,12,20,Conflict,6680,6272,Gambela,ET12,SA,Active
79140,Countrywide monitoring,Ethiopia,ETH,Gambela,ET12,Nuwer,ET1201,2,8370,2019-12-31T00:00:00,2019,12,20,Natural disaster,4117,4253,Gambela,ET12,SA,Active
79197,Countrywide monitoring,Ethiopia,ETH,Harari,ET13,Harari,ET1301,2,2352,2019-12-31T00:00:00,2019,12,20,Conflict,1188,1164,Somali,ET05,SA,Active
79176,Countrywide monitoring,Ethiopia,ETH,Harari,ET13,Harari,ET1301,2,231,2019-12-31T00:00:00,2019,12,20,Conflict,117,114,Harari,ET13,SA,Active
79244,Countrywide monitoring,Ethiopia,ETH,Oromia,ET04,Arsi,ET0408,2,1833,2019-12-31T00:00:00,2019,12,20,Conflict,1031,802,Somali,ET05,SA,Active
79275,Countrywide monitoring,Ethiopia,ETH,Oromia,ET04,Arsi,ET0408,2,3016,2019-12-31T00:00:00,2019,12,20,Natural disaster,1504,1512,Oromia,ET04,SA,Active
79301,Countrywide monitoring,Ethiopia,ETH,Oromia,ET04,Bale,ET0411,2,6985,2019-12-31T00:00:00,2019,12,20,Economic reasons,3326,3659,Oromia,ET04,SA,Active
79335,Countrywide monitoring,Ethiopia,ETH,Somali,ET05,Erer,ET0504,2,1309,2019-12-31T00:00:00,2019,12,20,Conflict,644,665,Oromia,ET04,SA,Active
79319,Countrywide monitoring,Ethiopia,ETH,Oromia,ET04,Bale,ET0411,2,16787,2019-12-31T00:00:00,2019,12,20,Conflict,10011,6776,Oromia,ET04,SA,Active
79317,Countrywide monitoring,Ethiopia,ETH,Oromia,ET04,Bale,ET0411,2,12266,2019-12-31T00:00:00,2019,12,20,Conflict,6915,5351,Somali,ET05,SA,Active
79363,Countrywide monitoring,Ethiopia,ETH,Somali,ET05,Erer,ET0504,2,25959,2019-12-31T00:00:00,2019,12,20,Natural disaster,11957,14002,Somali,ET05,SA,Active
79428,Countrywide monitoring,Ethiopia,ETH,Somali,ET05,Fafan,ET0502,2,55343,2019-12-31T00:00:00,2019,12,20,Conflict,29162,26181,Somali,ET05,SA,Active
79405,Countrywide monitoring,Ethiopia,ETH,Somali,ET05,Fafan,ET0502,2,8559,2019-12-31T00:00:00,2019,12,20,Natural disaster,4006,4553,Somali,ET05,SA,Active
79506,Countrywide monitoring,Ethiopia,ETH,Somali,ET05,Jarar,ET0503,2,34549,2019-12-31T00:00:00,2019,12,20,Natural disaster,16591,17958,Somali,ET05,SA,Active
79445,Countrywide monitoring,Ethiopia,ETH,Somali,ET05,Fafan,ET0502,2,112126,2019-12-31T00:00:00,2019,12,20,Conflict,56690,55436,Oromia,ET04,SA,Active
79470,Countrywide monitoring,Ethiopia,ETH,Somali,ET05,Jarar,ET0503,2,273,2019-12-31T00:00:00,2019,12,20,Conflict,132,141,Oromia,ET04,SA,Active
131081,Countrywide monitoring,Ethiopia,ETH,Afar,ET02,Kilbati /Zone2,ET0202,2,9412,2019-12-31T00:00:00,2019,12,20,Natural disaster,4830,4582,Afar,ET02,SA,Active
131146,Countrywide monitoring,Ethiopia,ETH,Amhara,ET03,Bahir Dar City Admin,ET0314,2,3134,2019-12-31T00:00:00,2019,12,20,Conflict,1633,1501,Amhara,ET03,SA,Active
131113,Countrywide monitoring,Ethiopia,ETH,Amhara,ET03,Awi,ET0309,2,2838,2019-12-31T00:00:00,2019,12,20,Conflict,1361,1477,Benishangul-Gumuz,ET06,SA,Active
131032,Countrywide monitoring,Ethiopia,ETH,Afar,ET02,Hari /Zone 5,ET0205,2,3258,2019-12-31T00:00:00,2019,12,20,Natural disaster,1618,1640,Afar,ET02,SA,Active
131053,Countrywide monitoring,Ethiopia,ETH,Afar,ET02,Kilbati /Zone2,ET0202,2,1680,2019-12-31T00:00:00,2019,12,20,Conflict,882,798,Afar,ET02,SA,Active
131254,Countrywide monitoring,Ethiopia,ETH,Oromia,ET04,East Hararge,ET0410,2,62719,2019-12-31T00:00:00,2019,12,20,Conflict,30753,31966,Somali,ET05,SA,Active
131220,Countrywide monitoring,Ethiopia,ETH,Oromia,ET04,East Hararge,ET0410,2,401,2019-12-31T00:00:00,2019,12,20,Natural disaster,196,205,Somali,ET05,SA,Active
131259,Countrywide monitoring,Ethiopia,ETH,Oromia,ET04,East Hararge,ET0410,2,65645,2019-12-31T00:00:00,2019,12,20,Conflict,32294,33351,Oromia,ET04,SA,Active
131205,Countrywide monitoring,Ethiopia,ETH,Oromia,ET04,East Borena,ET0422,2,51081,2019-12-31T00:00:00,2019,12,20,Conflict,25664,25417,Oromia,ET04,SA,Active
131182,Countrywide monitoring,Ethiopia,ETH,Oromia,ET04,East Borena,ET0422,2,25229,2019-12-31T00:00:00,2019,12,20,Natural disaster,12484,12745,Oromia,ET04,SA,Active
131307,Countrywide monitoring,Ethiopia,ETH,Oromia,ET04,East Shewa,ET0407,2,714,2019-12-31T00:00:00,2019,12,20,Natural disaster,309,405,Oromia,ET04,SA,Active
131413,Countrywide monitoring,Ethiopia,ETH,Somali,ET05,Shabelle,ET0506,2,83182,2019-12-31T00:00:00,2019,12,20,Natural disaster,40743,42439,Somali,ET05,SA,Active
131380,Countrywide monitoring,Ethiopia,ETH,Somali,ET05,Nogob,ET0510,2,180445,2019-12-31T00:00:00,2019,12,20,Conflict,86139,94306,Oromia,ET04,SA,Active
131464,Countrywide monitoring,Ethiopia,ETH,Somali,ET05,Siti,ET0501,2,20356,2019-12-31T00:00:00,2019,12,20,Conflict,10425,9931,Oromia,ET04,SA,Active
131490,Countrywide monitoring,Ethiopia,ETH,Somali,ET05,Siti,ET0501,2,59120,2019-12-31T00:00:00,2019,12,20,Natural disaster,30114,29006,Oromia,ET04,SA,Active
135186,Countrywide monitoring,Ethiopia,ETH,Dire Dawa,ET15,Dire Dawa urban,ET1501,2,2786,2019-12-31T00:00:00,2019,12,20,Conflict,1295,1491,Oromia,ET04,SA,Active
135231,Countrywide monitoring,Ethiopia,ETH,Gambela,ET12,Agnewak,ET1202,2,3769,2019-12-31T00:00:00,2019,12,20,Conflict,1747,2022,Gambela,ET12,SA,Active
135258,Countrywide monitoring,Ethiopia,ETH,Gambela,ET12,Itang Special woreda,ET1204,2,3247,2019-12-31T00:00:00,2019,12,20,Conflict,1610,1637,Gambela,ET12,SA,Active
135316,Countrywide monitoring,Ethiopia,ETH,Somali,ET05,Afder,ET0508,2,52769,2019-12-31T00:00:00,2019,12,20,Natural disaster,26082,26687,Oromia,ET04,SA,Active
135295,Countrywide monitoring,Ethiopia,ETH,Somali,ET05,Afder,ET0508,2,7130,2019-12-31T00:00:00,2019,12,20,Conflict,3311,3819,Oromia,ET04,SA,Active
135352,Countrywide monitoring,Ethiopia,ETH,Somali,ET05,Daawa,ET0511,2,1285,2019-12-31T00:00:00,2019,12,20,Natural disaster,589,696,Oromia,ET04,SA,Active
135383,Countrywide monitoring,Ethiopia,ETH,Somali,ET05,Daawa,ET0511,2,33469,2019-12-31T00:00:00,2019,12,20,Conflict,15832,17637,Oromia,ET04,SA,Active
135427,Countrywide monitoring,Ethiopia,ETH,Somali,ET05,Doolo,ET0507,2,3232,2019-12-31T00:00:00,2019,12,20,Conflict,1672,1560,Somali,ET05,SA,Active
136662,Countrywide monitoring,Ethiopia,ETH,Benishangul-Gumuz,ET06,Metekel,ET0602,2,2007,2019-12-31T00:00:00,2019,12,20,Conflict,1049,958,Benishangul-Gumuz,ET06,SA,Active
135454,Countrywide monitoring,Ethiopia,ETH,Somali,ET05,Doolo,ET0507,2,69613,2019-12-31T00:00:00,2019,12,20,Natural disaster,33345,36268,Somali,ET05,SA,Active
138048,Countrywide monitoring,Ethiopia,ETH,Amhara,ET03,South Wello,ET0304,2,978,2019-12-31T00:00:00,2019,12,20,Conflict,482,496,Oromia,ET04,SA,Active
137018,Countrywide monitoring,Ethiopia,ETH,Tigray,ET01,Southern,ET0104,2,15711,2019-12-31T00:00:00,2019,12,20,Conflict,8910,6801,Oromia,ET04,SA,Active
136914,Countrywide monitoring,Ethiopia,ETH,Oromia,ET04,West Wellega,ET0401,2,27303,2019-12-31T00:00:00,2019,12,20,Conflict,13520,13783,Benishangul-Gumuz,ET06,SA,Active
136907,Countrywide monitoring,Ethiopia,ETH,Oromia,ET04,West Wellega,ET0401,2,11510,2019-12-31T00:00:00,2019,12,20,Conflict,6031,5479,Oromia,ET04,SA,Active
136855,Countrywide monitoring,Ethiopia,ETH,Oromia,ET04,West Shewa,ET0405,2,286,2019-12-31T00:00:00,2019,12,20,Conflict,187,99,Somali,ET05,SA,Active
136834,Countrywide monitoring,Ethiopia,ETH,Oromia,ET04,West Hararge,ET0409,2,22188,2019-12-31T00:00:00,2019,12,20,Conflict,11489,10699,Oromia,ET04,SA,Active
136847,Countrywide monitoring,Ethiopia,ETH,Oromia,ET04,West Shewa,ET0405,2,74,2019-12-31T00:00:00,2019,12,20,Conflict,51,23,Oromia,ET04,SA,Active
138090,Countrywide monitoring,Ethiopia,ETH,Amhara,ET03,Wag Hamra,ET0308,2,265,2019-12-31T00:00:00,2019,12,20,Conflict,140,125,Oromia,ET04,SA,Active
138130,Countrywide monitoring,Ethiopia,ETH,Amhara,ET03,West Gojam,ET0307,2,255,2019-12-31T00:00:00,2019,12,20,Conflict,135,120,Amhara,ET03,SA,Active
138087,Countrywide monitoring,Ethiopia,ETH,Amhara,ET03,Wag Hamra,ET0308,2,214,2019-12-31T00:00:00,2019,12,20,Conflict,120,94,Amhara,ET03,SA,Active
138153,Countrywide monitoring,Ethiopia,ETH,Amhara,ET03,West Gojam,ET0307,2,1377,2019-12-31T00:00:00,2019,12,20,Conflict,699,678,Benishangul-Gumuz,ET06,SA,Active
138273,Countrywide monitoring,Ethiopia,ETH,Oromia,ET04,West Arsi,ET0417,2,671,2019-12-31T00:00:00,2019,12,20,Conflict,384,287,Somali,ET05,SA,Active
138276,Countrywide monitoring,Ethiopia,ETH,Oromia,ET04,West Arsi,ET0417,2,840,2019-12-31T00:00:00,2019,12,20,Conflict,414,426,Central Ethiopia,ET07,SA,Active
138307,Countrywide monitoring,Ethiopia,ETH,Oromia,ET04,West Arsi,ET0417,2,2415,2019-12-31T00:00:00,2019,12,20,Natural disaster,1277,1138,Oromia,ET04,SA,Active
138311,Countrywide monitoring,Ethiopia,ETH,Oromia,ET04,West Arsi,ET0417,2,8358,2019-12-31T00:00:00,2019,12,20,Conflict,4165,4193,Oromia,ET04,SA,Active
140758,Countrywide monitoring,Ethiopia,ETH,Amhara,ET03,East Gojam,ET0306,2,314,2019-12-31T00:00:00,2019,12,20,Conflict,146,168,Benishangul-Gumuz,ET06,SA,Active
138382,Countrywide monitoring,Ethiopia,ETH,Oromia,ET04,West Hararge,ET0409,2,3952,2019-12-31T00:00:00,2019,12,20,Conflict,2043,1909,Somali,ET05,SA,Active
140845,Countrywide monitoring,Ethiopia,ETH,Amhara,ET03,North Shewa (AM),ET0305,2,202,2019-12-31T00:00:00,2019,12,20,Conflict,105,97,Central Ethiopia,ET07,SA,Active
140790,Countrywide monitoring,Ethiopia,ETH,Amhara,ET03,North Gojam,ET0313,2,521,2019-12-31T00:00:00,2019,12,20,Conflict,320,201,Tigray,ET01,SA,Active
140803,Countrywide monitoring,Ethiopia,ETH,Amhara,ET03,North Gojam,ET0313,2,37913,2019-12-31T00:00:00,2019,12,20,Conflict,19567,18346,Amhara,ET03,SA,Active
140975,Countrywide monitoring,Ethiopia,ETH,Oromia,ET04,Guji,ET0414,2,498,2019-12-31T00:00:00,2019,12,20,Economic reasons,245,253,Somali,ET05,SA,Active
140976,Countrywide monitoring,Ethiopia,ETH,Oromia,ET04,Guji,ET0414,2,530,2019-12-31T00:00:00,2019,12,20,Natural disaster,265,265,Somali,ET05,SA,Active
140926,Countrywide monitoring,Ethiopia,ETH,Oromia,ET04,East Wellega,ET0402,2,41108,2019-12-31T00:00:00,2019,12,20,Natural disaster,20352,20756,Oromia,ET04,SA,Active
140908,Countrywide monitoring,Ethiopia,ETH,Amhara,ET03,North Wello,ET0303,2,68,2019-12-31T00:00:00,2019,12,20,Conflict,36,32,Somali,ET05,SA,Active
140915,Countrywide monitoring,Ethiopia,ETH,Amhara,ET03,North Wello,ET0303,2,101,2019-12-31T00:00:00,2019,12,20,Conflict,101,0,Tigray,ET01,SA,Active
140857,Countrywide monitoring,Ethiopia,ETH,Amhara,ET03,North Shewa (AM),ET0305,2,292,2019-12-31T00:00:00,2019,12,20,Conflict,157,135,Oromia,ET04,SA,Active
141008,Countrywide monitoring,Ethiopia,ETH,Oromia,ET04,Guji,ET0414,2,7201,2019-12-31T00:00:00,2019,12,20,Conflict,3484,3717,Somali,ET05,SA,Active
141030,Countrywide monitoring,Ethiopia,ETH,Oromia,ET04,Guji,ET0414,2,48372,2019-12-31T00:00:00,2019,12,20,Conflict,22184,26188,Oromia,ET04,SA,Active
141057,Countrywide monitoring,Ethiopia,ETH,Oromia,ET04,Jimma,ET0404,2,56,2019-12-31T00:00:00,2019,12,20,Conflict,32,24,Somali,ET05,SA,Active
147545,Countrywide monitoring,Ethiopia,ETH,Tigray,ET01,Mekelle,ET0107,2,29715,2019-12-31T00:00:00,2019,12,20,Conflict,18016,11699,Oromia,ET04,SA,Active
147529,Countrywide monitoring,Ethiopia,ETH,Tigray,ET01,Mekelle,ET0107,2,6456,2019-12-31T00:00:00,2019,12,20,Conflict,3854,2602,Amhara,ET03,SA,Active
146190,Countrywide monitoring,Ethiopia,ETH,Tigray,ET01,Western,ET0105,2,3355,2019-12-31T00:00:00,2019,12,20,Conflict,1878,1477,Amhara,ET03,SA,Active
147573,Countrywide monitoring,Ethiopia,ETH,Tigray,ET01,North Western,ET0101,2,9529,2019-12-31T00:00:00,2019,12,20,Conflict,4641,4888,Amhara,ET03,SA,Active
147625,Countrywide monitoring,Ethiopia,ETH,Tigray,ET01,South Eastern,ET0106,2,3320,2019-12-31T00:00:00,2019,12,20,Conflict,1965,1355,Oromia,ET04,SA,Active
147646,Countrywide monitoring,Ethiopia,ETH,Tigray,ET01,Southern,ET0104,2,44,2019-12-31T00:00:00,2019,12,20,Conflict,26,18,Benishangul-Gumuz,ET06,SA,Active
147647,Countrywide monitoring,Ethiopia,ETH,Tigray,ET01,Southern,ET0104,2,44,2020-02-29T00:00:00,2020,2,21,Conflict,26,18,Benishangul-Gumuz,ET06,SA,Active
147574,Countrywide monitoring,Ethiopia,ETH,Tigray,ET01,North Western,ET0101,2,9532,2020-02-29T00:00:00,2020,2,21,Conflict,4641,4891,Amhara,ET03,SA,Active
147543,Countrywide monitoring,Ethiopia,ETH,Tigray,ET01,Mekelle,ET0107,2,28554,2020-02-29T00:00:00,2020,2,21,Conflict,17280,11274,Oromia,ET04,SA,Active
147617,Countrywide monitoring,Ethiopia,ETH,Tigray,ET01,South Eastern,ET0106,2,2402,2020-02-29T00:00:00,2020,2,21,Conflict,1359,1043,Oromia,ET04,SA,Active
146191,Countrywide monitoring,Ethiopia,ETH,Tigray,ET01,Western,ET0105,2,5020,2020-02-29T00:00:00,2020,2,21,Conflict,2876,2144,Amhara,ET03,SA,Active
141061,Countrywide monitoring,Ethiopia,ETH,Oromia,ET04,Jimma,ET0404,2,67,2020-02-29T00:00:00,2020,2,21,Conflict,38,29,Somali,ET05,SA,Active
141021,Countrywide monitoring,Ethiopia,ETH,Oromia,ET04,Guji,ET0414,2,32733,2020-02-29T00:00:00,2020,2,21,Conflict,16215,16518,Oromia,ET04,SA,Active
141010,Countrywide monitoring,Ethiopia,ETH,Oromia,ET04,Guji,ET0414,2,7465,2020-02-29T00:00:00,2020,2,21,Conflict,3484,3981,Somali,ET05,SA,Active
140867,Countrywide monitoring,Ethiopia,ETH,Amhara,ET03,North Shewa (AM),ET0305,2,554,2020-02-29T00:00:00,2020,2,21,Conflict,290,264,Oromia,ET04,SA,Active
140909,Countrywide monitoring,Ethiopia,ETH,Amhara,ET03,North Wello,ET0303,2,75,2020-02-29T00:00:00,2020,2,21,Conflict,75,0,Tigray,ET01,SA,Active
140901,Countrywide monitoring,Ethiopia,ETH,Amhara,ET03,North Wello,ET0303,2,57,2020-02-29T00:00:00,2020,2,21,Conflict,29,28,Somali,ET05,SA,Active
140931,Countrywide monitoring,Ethiopia,ETH,Oromia,ET04,East Wellega,ET0402,2,45759,2020-02-29T00:00:00,2020,2,21,Natural disaster,22266,23493,Oromia,ET04,SA,Active
140957,Countrywide monitoring,Ethiopia,ETH,Oromia,ET04,Guji,ET0414,2,389,2020-02-29T00:00:00,2020,2,21,Economic reasons,197,192,Somali,ET05,SA,Active
140804,Countrywide monitoring,Ethiopia,ETH,Amhara,ET03,North Gojam,ET0313,2,39633,2020-02-29T00:00:00,2020,2,21,Conflict,20269,19364,Amhara,ET03,SA,Active
140791,Countrywide monitoring,Ethiopia,ETH,Amhara,ET03,North Gojam,ET0313,2,665,2020-02-29T00:00:00,2020,2,21,Conflict,398,267,Tigray,ET01,SA,Active
140846,Countrywide monitoring,Ethiopia,ETH,Amhara,ET03,North Shewa (AM),ET0305,2,202,2020-02-29T00:00:00,2020,2,21,Conflict,105,97,Not available,Not available,SA,Active
138383,Countrywide monitoring,Ethiopia,ETH,Oromia,ET04,West Hararge,ET0409,2,4484,2020-02-29T00:00:00,2020,2,21,Conflict,2484,2000,Somali,ET05,SA,Active
140759,Countrywide monitoring,Ethiopia,ETH,Amhara,ET03,East Gojam,ET0306,2,315,2020-02-29T00:00:00,2020,2,21,Conflict,147,168,Benishangul-Gumuz,ET06,SA,Active
138308,Countrywide monitoring,Ethiopia,ETH,Oromia,ET04,West Arsi,ET0417,2,2423,2020-02-29T00:00:00,2020,2,21,Natural disaster,1280,1143,Oromia,ET04,SA,Active
138310,Countrywide monitoring,Ethiopia,ETH,Oromia,ET04,West Arsi,ET0417,2,7222,2020-02-29T00:00:00,2020,2,21,Conflict,3608,3614,Oromia,ET04,SA,Active
138274,Countrywide monitoring,Ethiopia,ETH,Oromia,ET04,West Arsi,ET0417,2,756,2020-02-29T00:00:00,2020,2,21,Conflict,386,370,Central Ethiopia,ET07,SA,Active
138262,Countrywide monitoring,Ethiopia,ETH,Oromia,ET04,West Arsi,ET0417,2,550,2020-02-29T00:00:00,2020,2,21,Conflict,325,225,Somali,ET05,SA,Active
138152,Countrywide monitoring,Ethiopia,ETH,Amhara,ET03,West Gojam,ET0307,2,1366,2020-02-29T00:00:00,2020,2,21,Conflict,683,683,Benishangul-Gumuz,ET06,SA,Active
138200,Countrywide monitoring,Ethiopia,ETH,Benishangul-Gumuz,ET06,Assosa,ET0603,2,380,2020-02-29T00:00:00,2020,2,21,Conflict,195,185,Oromia,ET04,SA,Active
138084,Countrywide monitoring,Ethiopia,ETH,Amhara,ET03,Wag Hamra,ET0308,2,202,2020-02-29T00:00:00,2020,2,21,Conflict,110,92,Amhara,ET03,SA,Active
138093,Countrywide monitoring,Ethiopia,ETH,Amhara,ET03,Wag Hamra,ET0308,2,285,2020-02-29T00:00:00,2020,2,21,Conflict,159,126,Oromia,ET04,SA,Active
138061,Countrywide monitoring,Ethiopia,ETH,Amhara,ET03,South Wello,ET0304,2,1682,2020-02-29T00:00:00,2020,2,21,Conflict,792,890,Oromia,ET04,SA,Active
138131,Countrywide monitoring,Ethiopia,ETH,Amhara,ET03,West Gojam,ET0307,2,255,2020-02-29T00:00:00,2020,2,21,Conflict,135,120,Amhara,ET03,SA,Active
136837,Countrywide monitoring,Ethiopia,ETH,Oromia,ET04,West Hararge,ET0409,2,29516,2020-02-29T00:00:00,2020,2,21,Conflict,15996,13520,Oromia,ET04,SA,Active
136866,Countrywide monitoring,Ethiopia,ETH,Oromia,ET04,West Shewa,ET0405,2,350,2020-02-29T00:00:00,2020,2,21,Conflict,228,122,Somali,ET05,SA,Active
136905,Countrywide monitoring,Ethiopia,ETH,Oromia,ET04,West Wellega,ET0401,2,10708,2020-02-29T00:00:00,2020,2,21,Conflict,5237,5471,Oromia,ET04,SA,Active
136922,Countrywide monitoring,Ethiopia,ETH,Oromia,ET04,West Wellega,ET0401,2,44336,2020-02-29T00:00:00,2020,2,21,Conflict,22487,21849,Benishangul-Gumuz,ET06,SA,Active
137017,Countrywide monitoring,Ethiopia,ETH,Tigray,ET01,Southern,ET0104,2,15674,2020-02-29T00:00:00,2020,2,21,Conflict,8875,6799,Oromia,ET04,SA,Active
135453,Countrywide monitoring,Ethiopia,ETH,Somali,ET05,Doolo,ET0507,2,69404,2020-02-29T00:00:00,2020,2,21,Natural disaster,34798,34606,Somali,ET05,SA,Active
136659,Countrywide monitoring,Ethiopia,ETH,Benishangul-Gumuz,ET06,Metekel,ET0602,2,1787,2020-02-29T00:00:00,2020,2,21,Conflict,894,893,Amhara,ET03,SA,Active
136669,Countrywide monitoring,Ethiopia,ETH,Benishangul-Gumuz,ET06,Metekel,ET0602,2,8460,2020-02-29T00:00:00,2020,2,21,Conflict,4289,4171,Benishangul-Gumuz,ET06,SA,Active
135430,Countrywide monitoring,Ethiopia,ETH,Somali,ET05,Doolo,ET0507,2,3371,2020-02-29T00:00:00,2020,2,21,Conflict,1699,1672,Somali,ET05,SA,Active
135382,Countrywide monitoring,Ethiopia,ETH,Somali,ET05,Daawa,ET0511,2,33361,2020-02-29T00:00:00,2020,2,21,Conflict,16482,16879,Oromia,ET04,SA,Active
135347,Countrywide monitoring,Ethiopia,ETH,Somali,ET05,Daawa,ET0511,2,1191,2020-02-29T00:00:00,2020,2,21,Natural disaster,600,591,Oromia,ET04,SA,Active
135282,Countrywide monitoring,Ethiopia,ETH,Gambela,ET12,Nuwer,ET1201,2,3638,2020-02-29T00:00:00,2020,2,21,Natural disaster,1927,1711,Gambela,ET12,SA,Active
135305,Countrywide monitoring,Ethiopia,ETH,Somali,ET05,Afder,ET0508,2,11421,2020-02-29T00:00:00,2020,2,21,Conflict,5642,5779,Oromia,ET04,SA,Active
135324,Countrywide monitoring,Ethiopia,ETH,Somali,ET05,Afder,ET0508,2,57629,2020-02-29T00:00:00,2020,2,21,Natural disaster,27224,30405,Oromia,ET04,SA,Active
135256,Countrywide monitoring,Ethiopia,ETH,Gambela,ET12,Itang Special woreda,ET1204,2,2746,2020-02-29T00:00:00,2020,2,21,Conflict,1294,1452,Gambela,ET12,SA,Active
135232,Countrywide monitoring,Ethiopia,ETH,Gambela,ET12,Agnewak,ET1202,2,3819,2020-02-29T00:00:00,2020,2,21,Conflict,1819,2000,Gambela,ET12,SA,Active
135189,Countrywide monitoring,Ethiopia,ETH,Dire Dawa,ET15,Dire Dawa urban,ET1501,2,3816,2020-02-29T00:00:00,2020,2,21,Conflict,1836,1980,Oromia,ET04,SA,Active
131491,Countrywide monitoring,Ethiopia,ETH,Somali,ET05,Siti,ET0501,2,59186,2020-02-29T00:00:00,2020,2,21,Natural disaster,29974,29212,Oromia,ET04,SA,Active
131463,Countrywide monitoring,Ethiopia,ETH,Somali,ET05,Siti,ET0501,2,20101,2020-02-29T00:00:00,2020,2,21,Conflict,10242,9859,Oromia,ET04,SA,Active
131375,Countrywide monitoring,Ethiopia,ETH,Somali,ET05,Nogob,ET0510,2,148170,2020-02-29T00:00:00,2020,2,21,Conflict,65679,82491,Oromia,ET04,SA,Active
131410,Countrywide monitoring,Ethiopia,ETH,Somali,ET05,Shabelle,ET0506,2,64339,2020-02-29T00:00:00,2020,2,21,Natural disaster,31280,33059,Somali,ET05,SA,Active
131196,Countrywide monitoring,Ethiopia,ETH,Oromia,ET04,East Borena,ET0422,2,38155,2020-02-29T00:00:00,2020,2,21,Conflict,19203,18952,Oromia,ET04,SA,Active
131186,Countrywide monitoring,Ethiopia,ETH,Oromia,ET04,East Borena,ET0422,2,30110,2020-02-29T00:00:00,2020,2,21,Natural disaster,15221,14889,Oromia,ET04,SA,Active
131251,Countrywide monitoring,Ethiopia,ETH,Oromia,ET04,East Hararge,ET0410,2,61913,2020-02-29T00:00:00,2020,2,21,Conflict,30344,31569,Somali,ET05,SA,Active
131258,Countrywide monitoring,Ethiopia,ETH,Oromia,ET04,East Hararge,ET0410,2,65396,2020-02-29T00:00:00,2020,2,21,Conflict,32441,32955,Oromia,ET04,SA,Active
131222,Countrywide monitoring,Ethiopia,ETH,Oromia,ET04,East Hararge,ET0410,2,406,2020-02-29T00:00:00,2020,2,21,Natural disaster,196,210,Somali,ET05,SA,Active
131047,Countrywide monitoring,Ethiopia,ETH,Afar,ET02,Kilbati /Zone2,ET0202,2,1624,2020-02-29T00:00:00,2020,2,21,Conflict,840,784,Afar,ET02,SA,Active
131030,Countrywide monitoring,Ethiopia,ETH,Afar,ET02,Hari /Zone 5,ET0205,2,3157,2020-02-29T00:00:00,2020,2,21,Natural disaster,1623,1534,Afar,ET02,SA,Active
131114,Countrywide monitoring,Ethiopia,ETH,Amhara,ET03,Awi,ET0309,2,2838,2020-02-29T00:00:00,2020,2,21,Conflict,1414,1424,Benishangul-Gumuz,ET06,SA,Active
131147,Countrywide monitoring,Ethiopia,ETH,Amhara,ET03,Bahir Dar City Admin,ET0314,2,3178,2020-02-29T00:00:00,2020,2,21,Conflict,1657,1521,Amhara,ET03,SA,Active
131136,Countrywide monitoring,Ethiopia,ETH,Amhara,ET03,Bahir Dar City Admin,ET0314,2,315,2020-02-29T00:00:00,2020,2,21,Conflict,167,148,Tigray,ET01,SA,Active
131083,Countrywide monitoring,Ethiopia,ETH,Afar,ET02,Kilbati /Zone2,ET0202,2,9589,2020-02-29T00:00:00,2020,2,21,Natural disaster,4988,4601,Afar,ET02,SA,Active
79501,Countrywide monitoring,Ethiopia,ETH,Somali,ET05,Jarar,ET0503,2,31717,2020-02-29T00:00:00,2020,2,21,Natural disaster,15188,16529,Somali,ET05,SA,Active
79488,Countrywide monitoring,Ethiopia,ETH,Somali,ET05,Jarar,ET0503,2,288,2020-02-29T00:00:00,2020,2,21,Conflict,143,145,Oromia,ET04,SA,Active
79394,Countrywide monitoring,Ethiopia,ETH,Somali,ET05,Fafan,ET0502,2,7873,2020-02-29T00:00:00,2020,2,21,Natural disaster,4033,3840,Somali,ET05,SA,Active
79433,Countrywide monitoring,Ethiopia,ETH,Somali,ET05,Fafan,ET0502,2,72406,2020-02-29T00:00:00,2020,2,21,Conflict,36312,36094,Somali,ET05,SA,Active
79444,Countrywide monitoring,Ethiopia,ETH,Somali,ET05,Fafan,ET0502,2,111518,2020-02-29T00:00:00,2020,2,21,Conflict,56504,55014,Oromia,ET04,SA,Active
79362,Countrywide monitoring,Ethiopia,ETH,Somali,ET05,Erer,ET0504,2,25931,2020-02-29T00:00:00,2020,2,21,Natural disaster,12523,13408,Somali,ET05,SA,Active
79316,Countrywide monitoring,Ethiopia,ETH,Oromia,ET04,Bale,ET0411,2,12092,2020-02-29T00:00:00,2020,2,21,Conflict,6122,5970,Somali,ET05,SA,Active
79330,Countrywide monitoring,Ethiopia,ETH,Somali,ET05,Erer,ET0504,2,923,2020-02-29T00:00:00,2020,2,21,Conflict,447,476,Oromia,ET04,SA,Active
79290,Countrywide monitoring,Ethiopia,ETH,Oromia,ET04,Bale,ET0411,2,264,2020-02-29T00:00:00,2020,2,21,Economic reasons,140,124,Oromia,ET04,SA,Active
79277,Countrywide monitoring,Ethiopia,ETH,Oromia,ET04,Arsi,ET0408,2,3058,2020-02-29T00:00:00,2020,2,21,Natural disaster,1508,1550,Oromia,ET04,SA,Active
79243,Countrywide monitoring,Ethiopia,ETH,Oromia,ET04,Arsi,ET0408,2,1831,2020-02-29T00:00:00,2020,2,21,Conflict,1026,805,Somali,ET05,SA,Active
79169,Countrywide monitoring,Ethiopia,ETH,Gambela,ET12,Nuwer,ET1201,2,25687,2020-02-29T00:00:00,2020,2,21,Conflict,13422,12265,Gambela,ET12,SA,Active
79203,Countrywide monitoring,Ethiopia,ETH,Harari,ET13,Harari,ET1301,2,2582,2020-02-29T00:00:00,2020,2,21,Conflict,1356,1226,Somali,ET05,SA,Active
74232,Countrywide monitoring,Ethiopia,ETH,Tigray,ET01,Eastern,ET0103,2,15047,2020-02-29T00:00:00,2020,2,21,Conflict,9574,5473,Oromia,ET04,SA,Active
74221,Countrywide monitoring,Ethiopia,ETH,Tigray,ET01,Eastern,ET0103,2,4613,2020-02-29T00:00:00,2020,2,21,Conflict,2993,1620,Amhara,ET03,SA,Active
74188,Countrywide monitoring,Ethiopia,ETH,Tigray,ET01,Eastern,ET0103,2,544,2020-02-29T00:00:00,2020,2,21,Conflict,254,290,Tigray,ET01,SA,Active
74159,Countrywide monitoring,Ethiopia,ETH,Tigray,ET01,Central,ET0102,2,11501,2020-02-29T00:00:00,2020,2,21,Conflict,6661,4840,Amhara,ET03,SA,Active
74151,Countrywide monitoring,Ethiopia,ETH,Tigray,ET01,Central,ET0102,2,6380,2020-02-29T00:00:00,2020,2,21,Conflict,3077,3303,Tigray,ET01,SA,Active
74113,Countrywide monitoring,Ethiopia,ETH,Tigray,ET01,Central,ET0102,2,183,2020-02-29T00:00:00,2020,2,21,Conflict,113,70,Somali,ET05,SA,Active
74107,Countrywide monitoring,Ethiopia,ETH,Tigray,ET01,Central,ET0102,2,108,2020-02-29T00:00:00,2020,2,21,Conflict,58,50,Oromia,ET04,SA,Active
74022,Countrywide monitoring,Ethiopia,ETH,Oromia,ET04,Shager City,ET0420,2,17362,2020-02-29T00:00:00,2020,2,21,Natural disaster,8076,9286,Oromia,ET04,SA,Active
74042,Countrywide monitoring,Ethiopia,ETH,Oromia,ET04,South West Shewa,ET0413,2,223,2020-02-29T00:00:00,2020,2,21,Conflict,109,114,Somali,ET05,SA,Active
74003,Countrywide monitoring,Ethiopia,ETH,Oromia,ET04,Shager City,ET0420,2,320,2020-02-29T00:00:00,2020,2,21,Conflict,145,175,Somali,ET05,SA,Active
73968,Countrywide monitoring,Ethiopia,ETH,Oromia,ET04,North Shewa (OR),ET0406,2,128,2020-02-29T00:00:00,2020,2,21,Conflict,73,55,Somali,ET05,SA,Active
73716,Countrywide monitoring,Ethiopia,ETH,Amhara,ET03,North Wello,ET0303,2,2212,2020-02-29T00:00:00,2020,2,21,Conflict,910,1302,Oromia,ET04,SA,Active
73734,Countrywide monitoring,Ethiopia,ETH,Amhara,ET03,Oromia,ET0310,2,114,2020-02-29T00:00:00,2020,2,21,Conflict,60,54,Amhara,ET03,SA,Active
73746,Countrywide monitoring,Ethiopia,ETH,Amhara,ET03,Oromia,ET0310,2,158,2020-02-29T00:00:00,2020,2,21,Conflict,71,87,Oromia,ET04,SA,Active
73824,Countrywide monitoring,Ethiopia,ETH,Amhara,ET03,South Gondar,ET0302,2,3944,2020-02-29T00:00:00,2020,2,21,Conflict,2023,1921,Oromia,ET04,SA,Active
73881,Countrywide monitoring,Ethiopia,ETH,Oromia,ET04,Jimma,ET0404,2,5746,2020-02-29T00:00:00,2020,2,21,Other reason,2752,2994,Oromia,ET04,SA,Active
73897,Countrywide monitoring,Ethiopia,ETH,Oromia,ET04,Jimma,ET0404,2,9088,2020-02-29T00:00:00,2020,2,21,Natural disaster,4353,4735,Oromia,ET04,SA,Active
73849,Countrywide monitoring,Ethiopia,ETH,Amhara,ET03,South Wello,ET0304,2,93,2020-02-29T00:00:00,2020,2,21,Conflict,50,43,Somali,ET05,SA,Active
45032,Countrywide monitoring,Ethiopia,ETH,Somali,ET05,Nogob,ET0510,2,1767,2020-02-29T00:00:00,2020,2,21,Conflict,782,985,Somali,ET05,SA,Active
45006,Countrywide monitoring,Ethiopia,ETH,Somali,ET05,Liban,ET0509,2,107324,2020-02-29T00:00:00,2020,2,21,Conflict,53169,54155,Oromia,ET04,SA,Active
45026,Countrywide monitoring,Ethiopia,ETH,Somali,ET05,Nogob,ET0510,2,1170,2020-02-29T00:00:00,2020,2,21,Natural disaster,840,330,Oromia,ET04,SA,Active
44941,Countrywide monitoring,Ethiopia,ETH,Somali,ET05,Liban,ET0509,2,2621,2020-02-29T00:00:00,2020,2,21,Conflict,1310,1311,Somali,ET05,SA,Active
44942,Countrywide monitoring,Ethiopia,ETH,Somali,ET05,Liban,ET0509,2,2626,2020-02-29T00:00:00,2020,2,21,Natural disaster,1351,1275,Somali,ET05,SA,Active
44917,Countrywide monitoring,Ethiopia,ETH,Somali,ET05,Korahe,ET0505,2,22753,2020-02-29T00:00:00,2020,2,21,Natural disaster,11095,11658,Somali,ET05,SA,Active
44848,Countrywide monitoring,Ethiopia,ETH,Oromia,ET04,East Borena,ET0422,2,744,2020-02-29T00:00:00,2020,2,21,Conflict,361,383,Not available,Not available,SA,Active
44790,Countrywide monitoring,Ethiopia,ETH,Oromia,ET04,Borena,ET0412,2,144605,2020-02-29T00:00:00,2020,2,21,Conflict,77043,67562,Oromia,ET04,SA,Active
44681,Countrywide monitoring,Ethiopia,ETH,Oromia,ET04,Bale,ET0411,2,17170,2020-02-29T00:00:00,2020,2,21,Conflict,8591,8579,Oromia,ET04,SA,Active
35195,Countrywide monitoring,Ethiopia,ETH,Afar,ET02,Hari /Zone 5,ET0205,2,222,2020-02-29T00:00:00,2020,2,21,Conflict,119,103,Afar,ET02,SA,Active
35158,Countrywide monitoring,Ethiopia,ETH,Afar,ET02,Gabi /Zone 3,ET0203,2,15152,2020-02-29T00:00:00,2020,2,21,Conflict,6898,8254,Afar,ET02,SA,Active
35167,Countrywide monitoring,Ethiopia,ETH,Afar,ET02,Gabi /Zone 3,ET0203,2,18235,2020-02-29T00:00:00,2020,2,21,Natural disaster,8673,9562,Afar,ET02,SA,Active
35123,Countrywide monitoring,Ethiopia,ETH,Afar,ET02,Fanti /Zone 4,ET0204,2,5059,2020-02-29T00:00:00,2020,2,21,Natural disaster,2561,2498,Afar,ET02,SA,Active
35059,Countrywide monitoring,Ethiopia,ETH,Afar,ET02,Awsi /Zone 1,ET0201,2,6487,2020-02-29T00:00:00,2020,2,21,Conflict,3335,3152,Afar,ET02,SA,Active
35077,Countrywide monitoring,Ethiopia,ETH,Afar,ET02,Awsi /Zone 1,ET0201,2,12837,2020-02-29T00:00:00,2020,2,21,Natural disaster,6445,6392,Afar,ET02,SA,Active
35069,Countrywide monitoring,Ethiopia,ETH,Afar,ET02,Awsi /Zone 1,ET0201,2,10184,2020-07-30T00:00:00,2020,7,22,Conflict,5080,5104,Afar,ET02,SA,Active
35081,Countrywide monitoring,Ethiopia,ETH,Afar,ET02,Awsi /Zone 1,ET0201,2,14022,2020-07-30T00:00:00,2020,7,22,Natural disaster,7258,6764,Afar,ET02,SA,Active
35131,Countrywide monitoring,Ethiopia,ETH,Afar,ET02,Fanti /Zone 4,ET0204,2,6053,2020-07-30T00:00:00,2020,7,22,Natural disaster,3045,3008,Afar,ET02,SA,Active
35159,Countrywide monitoring,Ethiopia,ETH,Afar,ET02,Gabi /Zone 3,ET0203,2,16039,2020-07-30T00:00:00,2020,7,22,Natural disaster,8012,8027,Afar,ET02,SA,Active
35161,Countrywide monitoring,Ethiopia,ETH,Afar,ET02,Gabi /Zone 3,ET0203,2,16681,2020-07-30T00:00:00,2020,7,22,Conflict,8541,8140,Afar,ET02,SA,Active
35201,Countrywide monitoring,Ethiopia,ETH,Afar,ET02,Hari /Zone 5,ET0205,2,316,2020-07-30T00:00:00,2020,7,22,Conflict,156,160,Afar,ET02,SA,Active
44687,Countrywide monitoring,Ethiopia,ETH,Oromia,ET04,Bale,ET0411,2,32045,2020-07-30T00:00:00,2020,7,22,Conflict,15703,16342,Somali,ET05,SA,Active
44780,Countrywide monitoring,Ethiopia,ETH,Oromia,ET04,Borena,ET0412,2,120431,2020-07-30T00:00:00,2020,7,22,Conflict,67103,53328,Somali,ET05,SA,Active
44742,Countrywide monitoring,Ethiopia,ETH,Oromia,ET04,Borena,ET0412,2,18129,2020-07-30T00:00:00,2020,7,22,Conflict,10626,7503,Oromia,ET04,SA,Active
44844,Countrywide monitoring,Ethiopia,ETH,Oromia,ET04,East Borena,ET0422,2,582,2020-07-30T00:00:00,2020,7,22,Conflict,266,316,Not available,Not available,SA,Active
44909,Countrywide monitoring,Ethiopia,ETH,Somali,ET05,Korahe,ET0505,2,21431,2020-07-30T00:00:00,2020,7,22,Natural disaster,10638,10793,Somali,ET05,SA,Active
44945,Countrywide monitoring,Ethiopia,ETH,Somali,ET05,Liban,ET0509,2,4275,2020-07-30T00:00:00,2020,7,22,Natural disaster,2255,2020,Somali,ET05,SA,Active
44987,Countrywide monitoring,Ethiopia,ETH,Somali,ET05,Liban,ET0509,2,66932,2020-07-30T00:00:00,2020,7,22,Conflict,33323,33609,Oromia,ET04,SA,Active
44963,Countrywide monitoring,Ethiopia,ETH,Somali,ET05,Liban,ET0509,2,35492,2020-07-30T00:00:00,2020,7,22,Conflict,17819,17673,Somali,ET05,SA,Active
45029,Countrywide monitoring,Ethiopia,ETH,Somali,ET05,Nogob,ET0510,2,1500,2020-07-30T00:00:00,2020,7,22,Natural disaster,680,820,Somali,ET05,SA,Active
45047,Countrywide monitoring,Ethiopia,ETH,Somali,ET05,Nogob,ET0510,2,33995,2020-07-30T00:00:00,2020,7,22,Conflict,15339,18656,Somali,ET05,SA,Active
73850,Countrywide monitoring,Ethiopia,ETH,Amhara,ET03,South Wello,ET0304,2,93,2020-07-30T00:00:00,2020,7,22,Conflict,50,43,Somali,ET05,SA,Active
73822,Countrywide monitoring,Ethiopia,ETH,Amhara,ET03,South Gondar,ET0302,2,3774,2020-07-30T00:00:00,2020,7,22,Conflict,1787,1987,Oromia,ET04,SA,Active
73890,Countrywide monitoring,Ethiopia,ETH,Oromia,ET04,Jimma,ET0404,2,8158,2020-07-30T00:00:00,2020,7,22,Natural disaster,3766,4392,Oromia,ET04,SA,Active
73880,Countrywide monitoring,Ethiopia,ETH,Oromia,ET04,Jimma,ET0404,2,5698,2020-07-30T00:00:00,2020,7,22,Other reason,2564,3134,Oromia,ET04,SA,Active
73797,Countrywide monitoring,Ethiopia,ETH,Amhara,ET03,South Gondar,ET0302,2,88,2020-07-30T00:00:00,2020,7,22,Conflict,53,35,Somali,ET05,SA,Active
73748,Countrywide monitoring,Ethiopia,ETH,Amhara,ET03,Oromia,ET0310,2,183,2020-07-30T00:00:00,2020,7,22,Conflict,83,100,Oromia,ET04,SA,Active
73740,Countrywide monitoring,Ethiopia,ETH,Amhara,ET03,Oromia,ET0310,2,118,2020-07-30T00:00:00,2020,7,22,Conflict,61,57,Amhara,ET03,SA,Active
73705,Countrywide monitoring,Ethiopia,ETH,Amhara,ET03,North Wello,ET0303,2,773,2020-07-30T00:00:00,2020,7,22,Conflict,360,413,Oromia,ET04,SA,Active
73969,Countrywide monitoring,Ethiopia,ETH,Oromia,ET04,North Shewa (OR),ET0406,2,128,2020-07-30T00:00:00,2020,7,22,Conflict,73,55,Somali,ET05,SA,Active
74002,Countrywide monitoring,Ethiopia,ETH,Oromia,ET04,Shager City,ET0420,2,295,2020-07-30T00:00:00,2020,7,22,Conflict,124,171,Somali,ET05,SA,Active
74021,Countrywide monitoring,Ethiopia,ETH,Oromia,ET04,Shager City,ET0420,2,16702,2020-07-30T00:00:00,2020,7,22,Natural disaster,7932,8770,Oromia,ET04,SA,Active
74031,Countrywide monitoring,Ethiopia,ETH,Oromia,ET04,South West Shewa,ET0413,2,157,2020-07-30T00:00:00,2020,7,22,Conflict,86,71,Somali,ET05,SA,Active
74105,Countrywide monitoring,Ethiopia,ETH,Tigray,ET01,Central,ET0102,2,70,2020-07-30T00:00:00,2020,7,22,Conflict,44,26,Somali,ET05,SA,Active
74081,Countrywide monitoring,Ethiopia,ETH,South West Ethiopia People,ET11,Sheka,ET1101,2,9641,2020-07-30T00:00:00,2020,7,22,Conflict,4615,5026,Not available,Not available,SA,Active
74086,Countrywide monitoring,Ethiopia,ETH,South West Ethiopia People,ET11,West Omo,ET1105,2,175,2020-07-30T00:00:00,2020,7,22,Conflict,84,91,Not available,Not available,SA,Active
74148,Countrywide monitoring,Ethiopia,ETH,Tigray,ET01,Central,ET0102,2,6375,2020-07-30T00:00:00,2020,7,22,Conflict,3177,3198,Tigray,ET01,SA,Active
74156,Countrywide monitoring,Ethiopia,ETH,Tigray,ET01,Central,ET0102,2,11311,2020-07-30T00:00:00,2020,7,22,Conflict,6598,4713,Amhara,ET03,SA,Active
74180,Countrywide monitoring,Ethiopia,ETH,Tigray,ET01,Eastern,ET0103,2,254,2020-07-30T00:00:00,2020,7,22,Conflict,165,89,Somali,ET05,SA,Active
74184,Countrywide monitoring,Ethiopia,ETH,Tigray,ET01,Eastern,ET0103,2,473,2020-07-30T00:00:00,2020,7,22,Conflict,216,257,Tigray,ET01,SA,Active
74227,Countrywide monitoring,Ethiopia,ETH,Tigray,ET01,Eastern,ET0103,2,7703,2020-07-30T00:00:00,2020,7,22,Conflict,4975,2728,Amhara,ET03,SA,Active
74230,Countrywide monitoring,Ethiopia,ETH,Tigray,ET01,Eastern,ET0103,2,11685,2020-07-30T00:00:00,2020,7,22,Conflict,7324,4361,Oromia,ET04,SA,Active
79206,Countrywide monitoring,Ethiopia,ETH,Harari,ET13,Harari,ET1301,2,2664,2020-07-30T00:00:00,2020,7,22,Conflict,1365,1299,Somali,ET05,SA,Active
79166,Countrywide monitoring,Ethiopia,ETH,Gambela,ET12,Nuwer,ET1201,2,24279,2020-07-30T00:00:00,2020,7,22,Conflict,12603,11676,Gambela,ET12,SA,Active
79255,Countrywide monitoring,Ethiopia,ETH,Oromia,ET04,Arsi,ET0408,2,1972,2020-07-30T00:00:00,2020,7,22,Conflict,1104,868,Somali,ET05,SA,Active
79271,Countrywide monitoring,Ethiopia,ETH,Oromia,ET04,Arsi,ET0408,2,2960,2020-07-30T00:00:00,2020,7,22,Natural disaster,1436,1524,Oromia,ET04,SA,Active
79288,Countrywide monitoring,Ethiopia,ETH,Oromia,ET04,Bale,ET0411,2,181,2020-07-30T00:00:00,2020,7,22,Economic reasons,81,100,Oromia,ET04,SA,Active
79329,Countrywide monitoring,Ethiopia,ETH,Somali,ET05,Erer,ET0504,2,916,2020-07-30T00:00:00,2020,7,22,Conflict,459,457,Oromia,ET04,SA,Active
79308,Countrywide monitoring,Ethiopia,ETH,Oromia,ET04,Bale,ET0411,2,10290,2020-07-30T00:00:00,2020,7,22,Conflict,5185,5105,Oromia,ET04,SA,Active
79364,Countrywide monitoring,Ethiopia,ETH,Somali,ET05,Erer,ET0504,2,26181,2020-07-30T00:00:00,2020,7,22,Natural disaster,13447,12734,Somali,ET05,SA,Active
79441,Countrywide monitoring,Ethiopia,ETH,Somali,ET05,Fafan,ET0502,2,108364,2020-07-30T00:00:00,2020,7,22,Conflict,54979,53385,Oromia,ET04,SA,Active
79427,Countrywide monitoring,Ethiopia,ETH,Somali,ET05,Fafan,ET0502,2,50543,2020-07-30T00:00:00,2020,7,22,Conflict,26487,24056,Somali,ET05,SA,Active
79404,Countrywide monitoring,Ethiopia,ETH,Somali,ET05,Fafan,ET0502,2,8475,2020-07-30T00:00:00,2020,7,22,Natural disaster,4069,4406,Somali,ET05,SA,Active
79482,Countrywide monitoring,Ethiopia,ETH,Somali,ET05,Jarar,ET0503,2,278,2020-07-30T00:00:00,2020,7,22,Conflict,137,141,Oromia,ET04,SA,Active
79505,Countrywide monitoring,Ethiopia,ETH,Somali,ET05,Jarar,ET0503,2,32954,2020-07-30T00:00:00,2020,7,22,Natural disaster,15884,17070,Somali,ET05,SA,Active
131082,Countrywide monitoring,Ethiopia,ETH,Afar,ET02,Kilbati /Zone2,ET0202,2,9523,2020-07-30T00:00:00,2020,7,22,Natural disaster,5133,4390,Afar,ET02,SA,Active
131104,Countrywide monitoring,Ethiopia,ETH,Amhara,ET03,Awi,ET0309,2,215,2020-07-30T00:00:00,2020,7,22,Conflict,102,113,Benishangul-Gumuz,ET06,SA,Active
131137,Countrywide monitoring,Ethiopia,ETH,Amhara,ET03,Bahir Dar City Admin,ET0314,2,417,2020-07-30T00:00:00,2020,7,22,Conflict,225,192,Tigray,ET01,SA,Active
131148,Countrywide monitoring,Ethiopia,ETH,Amhara,ET03,Bahir Dar City Admin,ET0314,2,3180,2020-07-30T00:00:00,2020,7,22,Conflict,1655,1525,Amhara,ET03,SA,Active
131035,Countrywide monitoring,Ethiopia,ETH,Afar,ET02,Hari /Zone 5,ET0205,2,3549,2020-07-30T00:00:00,2020,7,22,Natural disaster,1765,1784,Afar,ET02,SA,Active
131255,Countrywide monitoring,Ethiopia,ETH,Oromia,ET04,East Hararge,ET0410,2,63794,2020-07-30T00:00:00,2020,7,22,Conflict,32357,31437,Somali,ET05,SA,Active
131269,Countrywide monitoring,Ethiopia,ETH,Oromia,ET04,East Hararge,ET0410,2,70201,2020-07-30T00:00:00,2020,7,22,Conflict,34560,35641,Oromia,ET04,SA,Active
131190,Countrywide monitoring,Ethiopia,ETH,Oromia,ET04,East Borena,ET0422,2,32951,2020-07-30T00:00:00,2020,7,22,Natural disaster,16080,16871,Oromia,ET04,SA,Active
131219,Countrywide monitoring,Ethiopia,ETH,Oromia,ET04,East Hararge,ET0410,2,399,2020-07-30T00:00:00,2020,7,22,Natural disaster,187,212,Somali,ET05,SA,Active
131210,Countrywide monitoring,Ethiopia,ETH,Oromia,ET04,East Borena,ET0422,2,55590,2020-07-30T00:00:00,2020,7,22,Conflict,27402,28188,Oromia,ET04,SA,Active
131411,Countrywide monitoring,Ethiopia,ETH,Somali,ET05,Shabelle,ET0506,2,77768,2020-07-30T00:00:00,2020,7,22,Natural disaster,37050,40718,Somali,ET05,SA,Active
131430,Countrywide monitoring,Ethiopia,ETH,Somali,ET05,Siti,ET0501,2,2873,2020-07-30T00:00:00,2020,7,22,Conflict,1383,1490,Somali,ET05,SA,Active
131381,Countrywide monitoring,Ethiopia,ETH,Somali,ET05,Nogob,ET0510,2,190282,2020-07-30T00:00:00,2020,7,22,Conflict,86624,103658,Oromia,ET04,SA,Active
131322,Countrywide monitoring,Ethiopia,ETH,Oromia,ET04,East Shewa,ET0407,2,5356,2020-07-30T00:00:00,2020,7,22,Conflict,2730,2626,Oromia,ET04,SA,Active
131334,Countrywide monitoring,Ethiopia,ETH,Oromia,ET04,East Wellega,ET0402,2,5389,2020-07-30T00:00:00,2020,7,22,Conflict,2567,2822,Benishangul-Gumuz,ET06,SA,Active
131452,Countrywide monitoring,Ethiopia,ETH,Somali,ET05,Siti,ET0501,2,14942,2020-07-30T00:00:00,2020,7,22,Conflict,7531,7411,Oromia,ET04,SA,Active
131484,Countrywide monitoring,Ethiopia,ETH,Somali,ET05,Siti,ET0501,2,56042,2020-07-30T00:00:00,2020,7,22,Natural disaster,26337,29705,Somali,ET05,SA,Active
131524,Countrywide monitoring,Ethiopia,ETH,South Ethiopia People,ET08,Amaro,ET0808,2,6514,2020-07-30T00:00:00,2020,7,22,Conflict,3371,3143,Not available,Not available,SA,Active
131513,Countrywide monitoring,Ethiopia,ETH,South Ethiopia People,ET08,Amaro,ET0808,2,629,2020-07-30T00:00:00,2020,7,22,Conflict,363,266,Oromia,ET04,SA,Active
131538,Countrywide monitoring,Ethiopia,ETH,South Ethiopia People,ET08,Ari,ET0805,2,106,2020-07-30T00:00:00,2020,7,22,Natural disaster,49,57,Not available,Not available,SA,Active
135110,Countrywide monitoring,Ethiopia,ETH,Central Ethiopia,ET07,Mareko SP woreda,ET0725,2,4808,2020-07-30T00:00:00,2020,7,22,Natural disaster,2583,2225,Not available,Not available,SA,Active
135112,Countrywide monitoring,Ethiopia,ETH,Central Ethiopia,ET07,Siltie,ET0720,2,430,2020-07-30T00:00:00,2020,7,22,Conflict,209,221,Somali,ET05,SA,Active
135127,Countrywide monitoring,Ethiopia,ETH,Central Ethiopia,ET07,Siltie,ET0720,2,1177,2020-07-30T00:00:00,2020,7,22,Conflict,517,660,Oromia,ET04,SA,Active
135192,Countrywide monitoring,Ethiopia,ETH,Dire Dawa,ET15,Dire Dawa urban,ET1501,2,4921,2020-07-30T00:00:00,2020,7,22,Conflict,2410,2511,Oromia,ET04,SA,Active
135169,Countrywide monitoring,Ethiopia,ETH,Central Ethiopia,ET07,Yem,ET0724,2,1256,2020-07-30T00:00:00,2020,7,22,Conflict,652,604,Oromia,ET04,SA,Active
135151,Countrywide monitoring,Ethiopia,ETH,Central Ethiopia,ET07,Tembaro SP woreda,ET0726,2,3344,2020-07-30T00:00:00,2020,7,22,Conflict,1645,1699,Not available,Not available,SA,Active
135230,Countrywide monitoring,Ethiopia,ETH,Gambela,ET12,Agnewak,ET1202,2,3347,2020-07-30T00:00:00,2020,7,22,Conflict,1565,1782,Gambela,ET12,SA,Active
135257,Countrywide monitoring,Ethiopia,ETH,Gambela,ET12,Itang Special woreda,ET1204,2,2777,2020-07-30T00:00:00,2020,7,22,Conflict,1444,1333,Gambela,ET12,SA,Active
135279,Countrywide monitoring,Ethiopia,ETH,Gambela,ET12,Nuwer,ET1201,2,3047,2020-07-30T00:00:00,2020,7,22,Natural disaster,1610,1437,Gambela,ET12,SA,Active
135268,Countrywide monitoring,Ethiopia,ETH,Gambela,ET12,Majang,ET1203,2,965,2020-07-30T00:00:00,2020,7,22,Conflict,464,501,Not available,Not available,SA,Active
135327,Countrywide monitoring,Ethiopia,ETH,Somali,ET05,Afder,ET0508,2,58310,2020-07-30T00:00:00,2020,7,22,Natural disaster,30025,28285,Somali,ET05,SA,Active
135301,Countrywide monitoring,Ethiopia,ETH,Somali,ET05,Afder,ET0508,2,10247,2020-07-30T00:00:00,2020,7,22,Conflict,5037,5210,Oromia,ET04,SA,Active
135345,Countrywide monitoring,Ethiopia,ETH,Somali,ET05,Daawa,ET0511,2,919,2020-07-30T00:00:00,2020,7,22,Natural disaster,433,486,Somali,ET05,SA,Active
135362,Countrywide monitoring,Ethiopia,ETH,Somali,ET05,Daawa,ET0511,2,1529,2020-07-30T00:00:00,2020,7,22,Conflict,793,736,Somali,ET05,SA,Active
135373,Countrywide monitoring,Ethiopia,ETH,Somali,ET05,Daawa,ET0511,2,26871,2020-07-30T00:00:00,2020,7,22,Conflict,13829,13042,Oromia,ET04,SA,Active
135426,Countrywide monitoring,Ethiopia,ETH,Somali,ET05,Doolo,ET0507,2,2994,2020-07-30T00:00:00,2020,7,22,Conflict,1514,1480,Somali,ET05,SA,Active
136677,Countrywide monitoring,Ethiopia,ETH,Central Ethiopia,ET07,East Guraghe,ET0704,2,531,2020-07-30T00:00:00,2020,7,22,Conflict,253,278,Not available,Not available,SA,Active
136661,Countrywide monitoring,Ethiopia,ETH,Benishangul-Gumuz,ET06,Metekel,ET0602,2,1912,2020-07-30T00:00:00,2020,7,22,Conflict,978,934,Benishangul-Gumuz,ET06,SA,Active
136649,Countrywide monitoring,Ethiopia,ETH,Benishangul-Gumuz,ET06,Kamashi,ET0604,2,820,2020-07-30T00:00:00,2020,7,22,Conflict,432,388,Oromia,ET04,SA,Active
135452,Countrywide monitoring,Ethiopia,ETH,Somali,ET05,Doolo,ET0507,2,59032,2020-07-30T00:00:00,2020,7,22,Natural disaster,27740,31292,Somali,ET05,SA,Active
136685,Countrywide monitoring,Ethiopia,ETH,Central Ethiopia,ET07,East Guraghe,ET0704,2,25297,2020-07-30T00:00:00,2020,7,22,Conflict,13518,11779,Central Ethiopia,ET07,SA,Active
136690,Countrywide monitoring,Ethiopia,ETH,Central Ethiopia,ET07,Guraghe,ET0701,2,1387,2020-07-30T00:00:00,2020,7,22,Conflict,645,742,Central Ethiopia,ET07,SA,Active
136699,Countrywide monitoring,Ethiopia,ETH,Central Ethiopia,ET07,Guraghe,ET0701,2,3210,2020-07-30T00:00:00,2020,7,22,Conflict,1512,1698,Somali,ET05,SA,Active
136743,Countrywide monitoring,Ethiopia,ETH,Central Ethiopia,ET07,Hadiya,ET0702,2,779,2020-07-30T00:00:00,2020,7,22,Conflict,377,402,Not available,Not available,SA,Active
137019,Countrywide monitoring,Ethiopia,ETH,Tigray,ET01,Southern,ET0104,2,15891,2020-07-30T00:00:00,2020,7,22,Conflict,8936,6955,Oromia,ET04,SA,Active
138051,Countrywide monitoring,Ethiopia,ETH,Amhara,ET03,South Wello,ET0304,2,1040,2020-07-30T00:00:00,2020,7,22,Conflict,485,555,Oromia,ET04,SA,Active
136997,Countrywide monitoring,Ethiopia,ETH,Somali,ET05,Afder,ET0508,2,2739,2020-07-30T00:00:00,2020,7,22,Conflict,1360,1379,Somali,ET05,SA,Active
136904,Countrywide monitoring,Ethiopia,ETH,Oromia,ET04,West Wellega,ET0401,2,7615,2020-07-30T00:00:00,2020,7,22,Conflict,3648,3967,Oromia,ET04,SA,Active
136913,Countrywide monitoring,Ethiopia,ETH,Oromia,ET04,West Wellega,ET0401,2,23462,2020-07-30T00:00:00,2020,7,22,Conflict,11509,11953,Benishangul-Gumuz,ET06,SA,Active
136867,Countrywide monitoring,Ethiopia,ETH,Oromia,ET04,West Shewa,ET0405,2,350,2020-07-30T00:00:00,2020,7,22,Conflict,228,122,Somali,ET05,SA,Active
136822,Countrywide monitoring,Ethiopia,ETH,Oromia,ET04,West Hararge,ET0409,2,16641,2020-07-30T00:00:00,2020,7,22,Conflict,8710,7931,Oromia,ET04,SA,Active
136789,Countrywide monitoring,Ethiopia,ETH,Central Ethiopia,ET07,Halaba,ET0714,2,3015,2020-07-30T00:00:00,2020,7,22,Natural disaster,1559,1456,Central Ethiopia,ET07,SA,Active
138132,Countrywide monitoring,Ethiopia,ETH,Amhara,ET03,West Gojam,ET0307,2,255,2020-07-30T00:00:00,2020,7,22,Conflict,135,120,Amhara,ET03,SA,Active
138094,Countrywide monitoring,Ethiopia,ETH,Amhara,ET03,Wag Hamra,ET0308,2,298,2020-07-30T00:00:00,2020,7,22,Conflict,164,134,Oromia,ET04,SA,Active
138085,Countrywide monitoring,Ethiopia,ETH,Amhara,ET03,Wag Hamra,ET0308,2,202,2020-07-30T00:00:00,2020,7,22,Conflict,110,92,Amhara,ET03,SA,Active
138178,Countrywide monitoring,Ethiopia,ETH,Amhara,ET03,West Gondar,ET0312,2,147,2020-07-30T00:00:00,2020,7,22,Conflict,77,70,Oromia,ET04,SA,Active
138155,Countrywide monitoring,Ethiopia,ETH,Amhara,ET03,West Gojam,ET0307,2,1519,2020-07-30T00:00:00,2020,7,22,Conflict,809,710,Benishangul-Gumuz,ET06,SA,Active
138263,Countrywide monitoring,Ethiopia,ETH,Oromia,ET04,West Arsi,ET0417,2,557,2020-07-30T00:00:00,2020,7,22,Conflict,324,233,Somali,ET05,SA,Active
138204,Countrywide monitoring,Ethiopia,ETH,Benishangul-Gumuz,ET06,Assosa,ET0603,2,577,2020-07-30T00:00:00,2020,7,22,Conflict,292,285,Oromia,ET04,SA,Active
138241,Countrywide monitoring,Ethiopia,ETH,Oromia,ET04,West Arsi,ET0417,2,108,2020-07-30T00:00:00,2020,7,22,Conflict,55,53,Central Ethiopia,ET07,SA,Active
138312,Countrywide monitoring,Ethiopia,ETH,Oromia,ET04,West Arsi,ET0417,2,9187,2020-07-30T00:00:00,2020,7,22,Conflict,4727,4460,Oromia,ET04,SA,Active
138386,Countrywide monitoring,Ethiopia,ETH,Oromia,ET04,West Hararge,ET0409,2,6108,2020-07-30T00:00:00,2020,7,22,Conflict,3209,2899,Somali,ET05,SA,Active
140847,Countrywide monitoring,Ethiopia,ETH,Amhara,ET03,North Shewa (AM),ET0305,2,202,2020-07-30T00:00:00,2020,7,22,Conflict,105,97,Not available,Not available,SA,Active
140792,Countrywide monitoring,Ethiopia,ETH,Amhara,ET03,North Gojam,ET0313,2,665,2020-07-30T00:00:00,2020,7,22,Conflict,398,267,Tigray,ET01,SA,Active
140800,Countrywide monitoring,Ethiopia,ETH,Amhara,ET03,North Gojam,ET0313,2,3915,2020-07-30T00:00:00,2020,7,22,Conflict,1842,2073,Amhara,ET03,SA,Active
140766,Countrywide monitoring,Ethiopia,ETH,Amhara,ET03,East Gojam,ET0306,2,401,2020-07-30T00:00:00,2020,7,22,Conflict,187,214,Benishangul-Gumuz,ET06,SA,Active
140928,Countrywide monitoring,Ethiopia,ETH,Oromia,ET04,East Wellega,ET0402,2,44258,2020-07-30T00:00:00,2020,7,22,Natural disaster,21323,22935,Oromia,ET04,SA,Active
140900,Countrywide monitoring,Ethiopia,ETH,Amhara,ET03,North Wello,ET0303,2,31,2020-07-30T00:00:00,2020,7,22,Conflict,31,0,Tigray,ET01,SA,Active
140964,Countrywide monitoring,Ethiopia,ETH,Oromia,ET04,Guji,ET0414,2,461,2020-07-30T00:00:00,2020,7,22,Economic reasons,235,226,Somali,ET05,SA,Active
140902,Countrywide monitoring,Ethiopia,ETH,Amhara,ET03,North Wello,ET0303,2,59,2020-07-30T00:00:00,2020,7,22,Conflict,31,28,Somali,ET05,SA,Active
140859,Countrywide monitoring,Ethiopia,ETH,Amhara,ET03,North Shewa (AM),ET0305,2,336,2020-07-30T00:00:00,2020,7,22,Conflict,171,165,Oromia,ET04,SA,Active
141003,Countrywide monitoring,Ethiopia,ETH,Oromia,ET04,Guji,ET0414,2,6215,2020-07-30T00:00:00,2020,7,22,Conflict,3093,3122,Somali,ET05,SA,Active
141017,Countrywide monitoring,Ethiopia,ETH,Oromia,ET04,Guji,ET0414,2,25608,2020-07-30T00:00:00,2020,7,22,Conflict,12679,12929,Oromia,ET04,SA,Active
141068,Countrywide monitoring,Ethiopia,ETH,Oromia,ET04,Jimma,ET0404,2,79,2020-07-30T00:00:00,2020,7,22,Conflict,41,38,Somali,ET05,SA,Active
146192,Countrywide monitoring,Ethiopia,ETH,Tigray,ET01,Western,ET0105,2,6005,2020-07-30T00:00:00,2020,7,22,Conflict,3447,2558,Amhara,ET03,SA,Active
147527,Countrywide monitoring,Ethiopia,ETH,Tigray,ET01,Mekelle,ET0107,2,5779,2020-07-30T00:00:00,2020,7,22,Conflict,3468,2311,Amhara,ET03,SA,Active
147539,Countrywide monitoring,Ethiopia,ETH,Tigray,ET01,Mekelle,ET0107,2,22957,2020-07-30T00:00:00,2020,7,22,Conflict,14000,8957,Oromia,ET04,SA,Active
147568,Countrywide monitoring,Ethiopia,ETH,Tigray,ET01,North Western,ET0101,2,8832,2020-07-30T00:00:00,2020,7,22,Conflict,4258,4574,Amhara,ET03,SA,Active
147650,Countrywide monitoring,Ethiopia,ETH,Tigray,ET01,Southern,ET0104,2,72,2020-07-30T00:00:00,2020,7,22,Conflict,42,30,Benishangul-Gumuz,ET06,SA,Active
147621,Countrywide monitoring,Ethiopia,ETH,Tigray,ET01,South Eastern,ET0106,2,2672,2020-07-30T00:00:00,2020,7,22,Conflict,1512,1160,Oromia,ET04,SA,Active
147657,Countrywide monitoring,Ethiopia,ETH,Tigray,ET01,Southern,ET0104,2,187,2020-07-30T00:00:00,2020,7,22,Conflict,106,81,Somali,ET05,SA,Active
150293,Countrywide monitoring,Ethiopia,ETH,South Ethiopia People,ET08,South Omo,ET0812,2,16965,2020-07-30T00:00:00,2020,7,22,Natural disaster,9011,7954,Not available,Not available,SA,Active
150311,Countrywide monitoring,Ethiopia,ETH,South Ethiopia People,ET08,Wolayita,ET0801,2,2087,2020-07-30T00:00:00,2020,7,22,Conflict,1055,1032,Not available,Not available,SA,Active
150313,Countrywide monitoring,Ethiopia,ETH,South Ethiopia People,ET08,Wolayita,ET0801,2,2094,2020-07-30T00:00:00,2020,7,22,Natural disaster,1040,1054,Not available,Not available,SA,Active
150356,Countrywide monitoring,Ethiopia,ETH,South West Ethiopia People,ET11,Bench Sheko,ET1103,2,9572,2020-07-30T00:00:00,2020,7,22,Conflict,4734,4838,Not available,Not available,SA,Active
150359,Countrywide monitoring,Ethiopia,ETH,South West Ethiopia People,ET11,Bench Sheko,ET1103,2,12592,2020-09-30T00:00:00,2020,9,23,Conflict,6680,5912,Not available,Not available,SA,Active
150315,Countrywide monitoring,Ethiopia,ETH,South Ethiopia People,ET08,Wolayita,ET0801,2,2298,2020-09-30T00:00:00,2020,9,23,Natural disaster,1185,1113,Not available,Not available,SA,Active
150307,Countrywide monitoring,Ethiopia,ETH,South Ethiopia People,ET08,Wolayita,ET0801,2,546,2020-09-30T00:00:00,2020,9,23,Conflict,293,253,Not available,Not available,SA,Active
150372,Countrywide monitoring,Ethiopia,ETH,South West Ethiopia People,ET11,Kefa,ET1102,2,373,2020-09-30T00:00:00,2020,9,23,Natural disaster,201,172,Not available,Not available,SA,Active
150294,Countrywide monitoring,Ethiopia,ETH,South Ethiopia People,ET08,South Omo,ET0812,2,49720,2020-09-30T00:00:00,2020,9,23,Natural disaster,24763,24957,Not available,Not available,SA,Active
147682,Countrywide monitoring,Ethiopia,ETH,Tigray,ET01,Southern,ET0104,2,1224,2020-09-30T00:00:00,2020,9,23,Conflict,676,548,Central Ethiopia,ET07,SA,Active
147620,Countrywide monitoring,Ethiopia,ETH,Tigray,ET01,South Eastern,ET0106,2,2598,2020-09-30T00:00:00,2020,9,23,Conflict,1437,1161,Oromia,ET04,SA,Active
147651,Countrywide monitoring,Ethiopia,ETH,Tigray,ET01,Southern,ET0104,2,86,2020-09-30T00:00:00,2020,9,23,Conflict,52,34,Benishangul-Gumuz,ET06,SA,Active
147569,Countrywide monitoring,Ethiopia,ETH,Tigray,ET01,North Western,ET0101,2,8864,2020-09-30T00:00:00,2020,9,23,Conflict,4284,4580,Amhara,ET03,SA,Active
147592,Countrywide monitoring,Ethiopia,ETH,Tigray,ET01,South Eastern,ET0106,2,190,2020-09-30T00:00:00,2020,9,23,Conflict,128,62,Central Ethiopia,ET07,SA,Active
147542,Countrywide monitoring,Ethiopia,ETH,Tigray,ET01,Mekelle,ET0107,2,27331,2020-09-30T00:00:00,2020,9,23,Conflict,16038,11293,Central Ethiopia,ET07,SA,Active
147516,Countrywide monitoring,Ethiopia,ETH,Tigray,ET01,Mekelle,ET0107,2,980,2020-09-30T00:00:00,2020,9,23,Conflict,571,409,Oromia,ET04,SA,Active
146193,Countrywide monitoring,Ethiopia,ETH,Tigray,ET01,Western,ET0105,2,6103,2020-09-30T00:00:00,2020,9,23,Conflict,3407,2696,Amhara,ET03,SA,Active
141069,Countrywide monitoring,Ethiopia,ETH,Oromia,ET04,Jimma,ET0404,2,79,2020-09-30T00:00:00,2020,9,23,Conflict,42,37,Somali,ET05,SA,Active
141045,Countrywide monitoring,Ethiopia,ETH,Oromia,ET04,Guji,ET0414,2,74055,2020-09-30T00:00:00,2020,9,23,Conflict,38924,35131,Oromia,ET04,SA,Active
141009,Countrywide monitoring,Ethiopia,ETH,Oromia,ET04,Guji,ET0414,2,7321,2020-09-30T00:00:00,2020,9,23,Conflict,4036,3285,Somali,ET05,SA,Active
140858,Countrywide monitoring,Ethiopia,ETH,Amhara,ET03,North Shewa (AM),ET0305,2,292,2020-09-30T00:00:00,2020,9,23,Conflict,157,135,Oromia,ET04,SA,Active
140855,Countrywide monitoring,Ethiopia,ETH,Amhara,ET03,North Shewa (AM),ET0305,2,278,2020-09-30T00:00:00,2020,9,23,Conflict,140,138,Not available,Not available,SA,Active
140830,Countrywide monitoring,Ethiopia,ETH,Amhara,ET03,North Shewa (AM),ET0305,2,44,2020-09-30T00:00:00,2020,9,23,Conflict,14,30,Central Ethiopia,ET07,SA,Active
140903,Countrywide monitoring,Ethiopia,ETH,Amhara,ET03,North Wello,ET0303,2,59,2020-09-30T00:00:00,2020,9,23,Conflict,31,28,Somali,ET05,SA,Active
140899,Countrywide monitoring,Ethiopia,ETH,Amhara,ET03,North Wello,ET0303,2,30,2020-09-30T00:00:00,2020,9,23,Conflict,30,0,Tigray,ET01,SA,Active
140968,Countrywide monitoring,Ethiopia,ETH,Oromia,ET04,Guji,ET0414,2,471,2020-09-30T00:00:00,2020,9,23,Economic reasons,270,201,Somali,ET05,SA,Active
140767,Countrywide monitoring,Ethiopia,ETH,Amhara,ET03,East Gojam,ET0306,2,401,2020-09-30T00:00:00,2020,9,23,Conflict,185,216,Benishangul-Gumuz,ET06,SA,Active
140801,Countrywide monitoring,Ethiopia,ETH,Amhara,ET03,North Gojam,ET0313,2,3959,2020-09-30T00:00:00,2020,9,23,Conflict,1899,2060,Amhara,ET03,SA,Active
140793,Countrywide monitoring,Ethiopia,ETH,Amhara,ET03,North Gojam,ET0313,2,665,2020-09-30T00:00:00,2020,9,23,Conflict,398,267,Tigray,ET01,SA,Active
138384,Countrywide monitoring,Ethiopia,ETH,Oromia,ET04,West Hararge,ET0409,2,5470,2020-09-30T00:00:00,2020,9,23,Conflict,2763,2707,Somali,ET05,SA,Active
138313,Countrywide monitoring,Ethiopia,ETH,Oromia,ET04,West Arsi,ET0417,2,10835,2020-09-30T00:00:00,2020,9,23,Conflict,5427,5408,Central Ethiopia,ET07,SA,Active
138234,Countrywide monitoring,Ethiopia,ETH,Oromia,ET04,South West Shewa,ET0413,2,3976,2020-09-30T00:00:00,2020,9,23,Natural disaster,2033,1943,Oromia,ET04,SA,Active
138267,Countrywide monitoring,Ethiopia,ETH,Oromia,ET04,West Arsi,ET0417,2,569,2020-09-30T00:00:00,2020,9,23,Conflict,331,238,Somali,ET05,SA,Active
138158,Countrywide monitoring,Ethiopia,ETH,Amhara,ET03,West Gojam,ET0307,2,1785,2020-09-30T00:00:00,2020,9,23,Conflict,1008,777,Benishangul-Gumuz,ET06,SA,Active
138179,Countrywide monitoring,Ethiopia,ETH,Amhara,ET03,West Gondar,ET0312,2,147,2020-09-30T00:00:00,2020,9,23,Conflict,74,73,Oromia,ET04,SA,Active
138201,Countrywide monitoring,Ethiopia,ETH,Benishangul-Gumuz,ET06,Assosa,ET0603,2,430,2020-09-30T00:00:00,2020,9,23,Conflict,213,217,Oromia,ET04,SA,Active
138133,Countrywide monitoring,Ethiopia,ETH,Amhara,ET03,West Gojam,ET0307,2,255,2020-09-30T00:00:00,2020,9,23,Conflict,135,120,Amhara,ET03,SA,Active
138096,Countrywide monitoring,Ethiopia,ETH,Amhara,ET03,Wag Hamra,ET0308,2,324,2020-09-30T00:00:00,2020,9,23,Conflict,177,147,Oromia,ET04,SA,Active
136778,Countrywide monitoring,Ethiopia,ETH,Central Ethiopia,ET07,Hadiya,ET0702,2,11819,2020-09-30T00:00:00,2020,9,23,Conflict,5675,6144,Not available,Not available,SA,Active
136819,Countrywide monitoring,Ethiopia,ETH,Oromia,ET04,West Hararge,ET0409,2,15811,2020-09-30T00:00:00,2020,9,23,Conflict,7903,7908,Oromia,ET04,SA,Active
136788,Countrywide monitoring,Ethiopia,ETH,Central Ethiopia,ET07,Halaba,ET0714,2,2569,2020-09-30T00:00:00,2020,9,23,Natural disaster,1358,1211,Central Ethiopia,ET07,SA,Active
136802,Countrywide monitoring,Ethiopia,ETH,Central Ethiopia,ET07,Kembata,ET0703,2,4458,2020-09-30T00:00:00,2020,9,23,Conflict,2194,2264,Not available,Not available,SA,Active
136861,Countrywide monitoring,Ethiopia,ETH,Oromia,ET04,West Shewa,ET0405,2,349,2020-09-30T00:00:00,2020,9,23,Conflict,227,122,Somali,ET05,SA,Active
136873,Countrywide monitoring,Ethiopia,ETH,Oromia,ET04,West Shewa,ET0405,2,566,2020-09-30T00:00:00,2020,9,23,Natural disaster,278,288,Oromia,ET04,SA,Active
136906,Countrywide monitoring,Ethiopia,ETH,Oromia,ET04,West Wellega,ET0401,2,10961,2020-09-30T00:00:00,2020,9,23,Conflict,5685,5276,Oromia,ET04,SA,Active
136915,Countrywide monitoring,Ethiopia,ETH,Oromia,ET04,West Wellega,ET0401,2,29867,2020-09-30T00:00:00,2020,9,23,Conflict,15207,14660,Benishangul-Gumuz,ET06,SA,Active
136961,Countrywide monitoring,Ethiopia,ETH,Sidama,ET16,Sidama,ET1600,2,3674,2020-09-30T00:00:00,2020,9,23,Natural disaster,1955,1719,Central Ethiopia,ET07,SA,Active
136970,Countrywide monitoring,Ethiopia,ETH,Sidama,ET16,Sidama,ET1600,2,26843,2020-09-30T00:00:00,2020,9,23,Conflict,14033,12810,Central Ethiopia,ET07,SA,Active
138046,Countrywide monitoring,Ethiopia,ETH,Amhara,ET03,South Wello,ET0304,2,799,2020-09-30T00:00:00,2020,9,23,Conflict,383,416,Oromia,ET04,SA,Active
137015,Countrywide monitoring,Ethiopia,ETH,Tigray,ET01,Southern,ET0104,2,15522,2020-09-30T00:00:00,2020,9,23,Conflict,8811,6711,Oromia,ET04,SA,Active
136749,Countrywide monitoring,Ethiopia,ETH,Central Ethiopia,ET07,Hadiya,ET0702,2,1044,2020-09-30T00:00:00,2020,9,23,Natural disaster,567,477,Central Ethiopia,ET07,SA,Active
136696,Countrywide monitoring,Ethiopia,ETH,Central Ethiopia,ET07,Guraghe,ET0701,2,2590,2020-09-30T00:00:00,2020,9,23,Conflict,1264,1326,Oromia,ET04,SA,Active
136703,Countrywide monitoring,Ethiopia,ETH,Central Ethiopia,ET07,Guraghe,ET0701,2,4087,2020-09-30T00:00:00,2020,9,23,Conflict,1960,2127,Central Ethiopia,ET07,SA,Active
135451,Countrywide monitoring,Ethiopia,ETH,Somali,ET05,Doolo,ET0507,2,58987,2020-09-30T00:00:00,2020,9,23,Natural disaster,28808,30179,Somali,ET05,SA,Active
136652,Countrywide monitoring,Ethiopia,ETH,Benishangul-Gumuz,ET06,Kamashi,ET0604,2,1201,2020-09-30T00:00:00,2020,9,23,Conflict,563,638,Benishangul-Gumuz,ET06,SA,Active
136657,Countrywide monitoring,Ethiopia,ETH,Benishangul-Gumuz,ET06,Metekel,ET0602,2,389,2020-09-30T00:00:00,2020,9,23,Conflict,189,200,Amhara,ET03,SA,Active
136668,Countrywide monitoring,Ethiopia,ETH,Benishangul-Gumuz,ET06,Metekel,ET0602,2,6292,2020-09-30T00:00:00,2020,9,23,Conflict,3180,3112,Benishangul-Gumuz,ET06,SA,Active
135431,Countrywide monitoring,Ethiopia,ETH,Somali,ET05,Doolo,ET0507,2,3416,2020-09-30T00:00:00,2020,9,23,Conflict,1690,1726,Somali,ET05,SA,Active
135374,Countrywide monitoring,Ethiopia,ETH,Somali,ET05,Daawa,ET0511,2,28507,2020-09-30T00:00:00,2020,9,23,Conflict,13796,14711,Oromia,ET04,SA,Active
135344,Countrywide monitoring,Ethiopia,ETH,Somali,ET05,Daawa,ET0511,2,890,2020-09-30T00:00:00,2020,9,23,Natural disaster,435,455,Oromia,ET04,SA,Active
135306,Countrywide monitoring,Ethiopia,ETH,Somali,ET05,Afder,ET0508,2,13078,2020-09-30T00:00:00,2020,9,23,Conflict,6399,6679,Oromia,ET04,SA,Active
135323,Countrywide monitoring,Ethiopia,ETH,Somali,ET05,Afder,ET0508,2,57376,2020-09-30T00:00:00,2020,9,23,Natural disaster,28518,28858,Oromia,ET04,SA,Active
135229,Countrywide monitoring,Ethiopia,ETH,Gambela,ET12,Agnewak,ET1202,2,3248,2020-09-30T00:00:00,2020,9,23,Conflict,1495,1753,Gambela,ET12,SA,Active
135150,Countrywide monitoring,Ethiopia,ETH,Central Ethiopia,ET07,Tembaro SP woreda,ET0726,2,2785,2020-09-30T00:00:00,2020,9,23,Conflict,1444,1341,Not available,Not available,SA,Active
135161,Countrywide monitoring,Ethiopia,ETH,Central Ethiopia,ET07,Yem,ET0724,2,252,2020-09-30T00:00:00,2020,9,23,Natural disaster,132,120,Central Ethiopia,ET07,SA,Active
135168,Countrywide monitoring,Ethiopia,ETH,Central Ethiopia,ET07,Yem,ET0724,2,976,2020-09-30T00:00:00,2020,9,23,Conflict,482,494,Oromia,ET04,SA,Active
135191,Countrywide monitoring,Ethiopia,ETH,Dire Dawa,ET15,Dire Dawa urban,ET1501,2,4875,2020-09-30T00:00:00,2020,9,23,Conflict,2326,2549,Oromia,ET04,SA,Active
135129,Countrywide monitoring,Ethiopia,ETH,Central Ethiopia,ET07,Siltie,ET0720,2,2253,2020-09-30T00:00:00,2020,9,23,Conflict,1086,1167,Oromia,ET04,SA,Active
135144,Countrywide monitoring,Ethiopia,ETH,Central Ethiopia,ET07,Siltie,ET0720,2,4656,2020-09-30T00:00:00,2020,9,23,Natural disaster,2362,2294,Central Ethiopia,ET07,SA,Active
135116,Countrywide monitoring,Ethiopia,ETH,Central Ethiopia,ET07,Siltie,ET0720,2,586,2020-09-30T00:00:00,2020,9,23,Conflict,320,266,Somali,ET05,SA,Active
135109,Countrywide monitoring,Ethiopia,ETH,Central Ethiopia,ET07,Mareko SP woreda,ET0725,2,2520,2020-09-30T00:00:00,2020,9,23,Natural disaster,1467,1053,Not available,Not available,SA,Active
131525,Countrywide monitoring,Ethiopia,ETH,South Ethiopia People,ET08,Amaro,ET0808,2,19530,2020-09-30T00:00:00,2020,9,23,Conflict,9544,9986,Not available,Not available,SA,Active
131517,Countrywide monitoring,Ethiopia,ETH,South Ethiopia People,ET08,Amaro,ET0808,2,779,2020-09-30T00:00:00,2020,9,23,Conflict,349,430,Oromia,ET04,SA,Active
131474,Countrywide monitoring,Ethiopia,ETH,Somali,ET05,Siti,ET0501,2,39398,2020-09-30T00:00:00,2020,9,23,Natural disaster,17701,21697,Somali,ET05,SA,Active
131441,Countrywide monitoring,Ethiopia,ETH,Somali,ET05,Siti,ET0501,2,6875,2020-09-30T00:00:00,2020,9,23,Conflict,3059,3816,Oromia,ET04,SA,Active
131343,Countrywide monitoring,Ethiopia,ETH,Oromia,ET04,East Wellega,ET0402,2,11405,2020-09-30T00:00:00,2020,9,23,Conflict,5649,5756,Benishangul-Gumuz,ET06,SA,Active
131353,Countrywide monitoring,Ethiopia,ETH,Oromia,ET04,East Wellega,ET0402,2,25275,2020-09-30T00:00:00,2020,9,23,Natural disaster,13012,12263,Oromia,ET04,SA,Active
131323,Countrywide monitoring,Ethiopia,ETH,Oromia,ET04,East Shewa,ET0407,2,22951,2020-09-30T00:00:00,2020,9,23,Natural disaster,11637,11314,Oromia,ET04,SA,Active
131325,Countrywide monitoring,Ethiopia,ETH,Oromia,ET04,East Wellega,ET0402,2,318,2020-09-30T00:00:00,2020,9,23,Conflict,153,165,Oromia,ET04,SA,Active
131311,Countrywide monitoring,Ethiopia,ETH,Oromia,ET04,East Shewa,ET0407,2,1466,2020-09-30T00:00:00,2020,9,23,Conflict,763,703,Oromia,ET04,SA,Active
131374,Countrywide monitoring,Ethiopia,ETH,Somali,ET05,Nogob,ET0510,2,143026,2020-09-30T00:00:00,2020,9,23,Conflict,62306,80720,Oromia,ET04,SA,Active
131428,Countrywide monitoring,Ethiopia,ETH,Somali,ET05,Siti,ET0501,2,659,2020-09-30T00:00:00,2020,9,23,Conflict,288,371,Somali,ET05,SA,Active
131420,Countrywide monitoring,Ethiopia,ETH,Somali,ET05,Shabelle,ET0506,2,97615,2020-09-30T00:00:00,2020,9,23,Natural disaster,47588,50027,Somali,ET05,SA,Active
131208,Countrywide monitoring,Ethiopia,ETH,Oromia,ET04,East Borena,ET0422,2,54678,2020-09-30T00:00:00,2020,9,23,Conflict,27660,27018,Oromia,ET04,SA,Active
131188,Countrywide monitoring,Ethiopia,ETH,Oromia,ET04,East Borena,ET0422,2,30560,2020-09-30T00:00:00,2020,9,23,Natural disaster,15538,15022,Oromia,ET04,SA,Active
131241,Countrywide monitoring,Ethiopia,ETH,Oromia,ET04,East Hararge,ET0410,2,29586,2020-09-30T00:00:00,2020,9,23,Conflict,14679,14907,Oromia,ET04,SA,Active
131243,Countrywide monitoring,Ethiopia,ETH,Oromia,ET04,East Hararge,ET0410,2,40237,2020-09-30T00:00:00,2020,9,23,Conflict,19921,20316,Somali,ET05,SA,Active
131231,Countrywide monitoring,Ethiopia,ETH,Oromia,ET04,East Hararge,ET0410,2,1533,2020-09-30T00:00:00,2020,9,23,Natural disaster,788,745,Somali,ET05,SA,Active
131033,Countrywide monitoring,Ethiopia,ETH,Afar,ET02,Hari /Zone 5,ET0205,2,3301,2020-09-30T00:00:00,2020,9,23,Natural disaster,1565,1736,Afar,ET02,SA,Active
131149,Countrywide monitoring,Ethiopia,ETH,Amhara,ET03,Bahir Dar City Admin,ET0314,2,3257,2020-09-30T00:00:00,2020,9,23,Conflict,1641,1616,Amhara,ET03,SA,Active
131135,Countrywide monitoring,Ethiopia,ETH,Amhara,ET03,Bahir Dar City Admin,ET0314,2,287,2020-09-30T00:00:00,2020,9,23,Conflict,120,167,Tigray,ET01,SA,Active
131105,Countrywide monitoring,Ethiopia,ETH,Amhara,ET03,Awi,ET0309,2,245,2020-09-30T00:00:00,2020,9,23,Conflict,119,126,Benishangul-Gumuz,ET06,SA,Active
131091,Countrywide monitoring,Ethiopia,ETH,Afar,ET02,Kilbati /Zone2,ET0202,2,10872,2020-09-30T00:00:00,2020,9,23,Natural disaster,5791,5081,Afar,ET02,SA,Active
79500,Countrywide monitoring,Ethiopia,ETH,Somali,ET05,Jarar,ET0503,2,31633,2020-09-30T00:00:00,2020,9,23,Natural disaster,14996,16637,Somali,ET05,SA,Active
79479,Countrywide monitoring,Ethiopia,ETH,Somali,ET05,Jarar,ET0503,2,277,2020-09-30T00:00:00,2020,9,23,Conflict,138,139,Oromia,ET04,SA,Active
79439,Countrywide monitoring,Ethiopia,ETH,Somali,ET05,Fafan,ET0502,2,104914,2020-09-30T00:00:00,2020,9,23,Conflict,52324,52590,Oromia,ET04,SA,Active
79408,Countrywide monitoring,Ethiopia,ETH,Somali,ET05,Fafan,ET0502,2,8738,2020-09-30T00:00:00,2020,9,23,Natural disaster,4273,4465,Somali,ET05,SA,Active
79416,Countrywide monitoring,Ethiopia,ETH,Somali,ET05,Fafan,ET0502,2,17364,2020-09-30T00:00:00,2020,9,23,Conflict,8713,8651,Somali,ET05,SA,Active
79365,Countrywide monitoring,Ethiopia,ETH,Somali,ET05,Erer,ET0504,2,26298,2020-09-30T00:00:00,2020,9,23,Natural disaster,13376,12922,Somali,ET05,SA,Active
79328,Countrywide monitoring,Ethiopia,ETH,Somali,ET05,Erer,ET0504,2,908,2020-09-30T00:00:00,2020,9,23,Conflict,452,456,Oromia,ET04,SA,Active
79289,Countrywide monitoring,Ethiopia,ETH,Oromia,ET04,Bale,ET0411,2,219,2020-09-30T00:00:00,2020,9,23,Economic reasons,85,134,Oromia,ET04,SA,Active
79256,Countrywide monitoring,Ethiopia,ETH,Oromia,ET04,Arsi,ET0408,2,1982,2020-09-30T00:00:00,2020,9,23,Conflict,1111,871,Somali,ET05,SA,Active
79234,Countrywide monitoring,Ethiopia,ETH,Oromia,ET04,Arsi,ET0408,2,1604,2020-09-30T00:00:00,2020,9,23,Natural disaster,795,809,Oromia,ET04,SA,Active
79170,Countrywide monitoring,Ethiopia,ETH,Gambela,ET12,Nuwer,ET1201,2,29358,2020-09-30T00:00:00,2020,9,23,Conflict,14714,14644,Gambela,ET12,SA,Active
79207,Countrywide monitoring,Ethiopia,ETH,Harari,ET13,Harari,ET1301,2,2665,2020-09-30T00:00:00,2020,9,23,Conflict,1370,1295,Somali,ET05,SA,Active
74228,Countrywide monitoring,Ethiopia,ETH,Tigray,ET01,Eastern,ET0103,2,10784,2020-09-30T00:00:00,2020,9,23,Conflict,6791,3993,Central Ethiopia,ET07,SA,Active
74220,Countrywide monitoring,Ethiopia,ETH,Tigray,ET01,Eastern,ET0103,2,4300,2020-09-30T00:00:00,2020,9,23,Conflict,2817,1483,Amhara,ET03,SA,Active
74207,Countrywide monitoring,Ethiopia,ETH,Tigray,ET01,Eastern,ET0103,2,1405,2020-09-30T00:00:00,2020,9,23,Conflict,897,508,Somali,ET05,SA,Active
74216,Countrywide monitoring,Ethiopia,ETH,Tigray,ET01,Eastern,ET0103,2,3248,2020-09-30T00:00:00,2020,9,23,Conflict,2090,1158,Oromia,ET04,SA,Active
79133,Countrywide monitoring,Ethiopia,ETH,Gambela,ET12,Nuwer,ET1201,2,4113,2020-09-30T00:00:00,2020,9,23,Natural disaster,2120,1993,Gambela,ET12,SA,Active
74185,Countrywide monitoring,Ethiopia,ETH,Tigray,ET01,Eastern,ET0103,2,473,2020-09-30T00:00:00,2020,9,23,Conflict,218,255,Tigray,ET01,SA,Active
74149,Countrywide monitoring,Ethiopia,ETH,Tigray,ET01,Central,ET0102,2,6375,2020-09-30T00:00:00,2020,9,23,Conflict,3186,3189,Tigray,ET01,SA,Active
74155,Countrywide monitoring,Ethiopia,ETH,Tigray,ET01,Central,ET0102,2,10606,2020-09-30T00:00:00,2020,9,23,Conflict,6233,4373,Amhara,ET03,SA,Active
74087,Countrywide monitoring,Ethiopia,ETH,South West Ethiopia People,ET11,West Omo,ET1105,2,260,2020-09-30T00:00:00,2020,9,23,Conflict,149,111,Not available,Not available,SA,Active
74108,Countrywide monitoring,Ethiopia,ETH,Tigray,ET01,Central,ET0102,2,148,2020-09-30T00:00:00,2020,9,23,Conflict,89,59,Somali,ET05,SA,Active
74120,Countrywide monitoring,Ethiopia,ETH,Tigray,ET01,Central,ET0102,2,344,2020-09-30T00:00:00,2020,9,23,Conflict,200,144,Oromia,ET04,SA,Active
74043,Countrywide monitoring,Ethiopia,ETH,Oromia,ET04,South West Shewa,ET0413,2,223,2020-09-30T00:00:00,2020,9,23,Conflict,109,114,Somali,ET05,SA,Active
74017,Countrywide monitoring,Ethiopia,ETH,Oromia,ET04,Shager City,ET0420,2,14912,2020-09-30T00:00:00,2020,9,23,Natural disaster,7860,7052,Oromia,ET04,SA,Active
73970,Countrywide monitoring,Ethiopia,ETH,Oromia,ET04,North Shewa (OR),ET0406,2,128,2020-09-30T00:00:00,2020,9,23,Conflict,73,55,Somali,ET05,SA,Active
73707,Countrywide monitoring,Ethiopia,ETH,Amhara,ET03,North Wello,ET0303,2,927,2020-09-30T00:00:00,2020,9,23,Conflict,460,467,Oromia,ET04,SA,Active
73741,Countrywide monitoring,Ethiopia,ETH,Amhara,ET03,Oromia,ET0310,2,118,2020-09-30T00:00:00,2020,9,23,Conflict,61,57,Amhara,ET03,SA,Active
73749,Countrywide monitoring,Ethiopia,ETH,Amhara,ET03,Oromia,ET0310,2,183,2020-09-30T00:00:00,2020,9,23,Conflict,83,100,Oromia,ET04,SA,Active
73799,Countrywide monitoring,Ethiopia,ETH,Amhara,ET03,South Gondar,ET0302,2,117,2020-09-30T00:00:00,2020,9,23,Conflict,61,56,Somali,ET05,SA,Active
73825,Countrywide monitoring,Ethiopia,ETH,Amhara,ET03,South Gondar,ET0302,2,4139,2020-09-30T00:00:00,2020,9,23,Conflict,2049,2090,Oromia,ET04,SA,Active
73826,Countrywide monitoring,Ethiopia,ETH,Amhara,ET03,South Gondar,ET0302,2,4577,2020-09-30T00:00:00,2020,9,23,Natural disaster,2296,2281,Amhara,ET03,SA,Active
73882,Countrywide monitoring,Ethiopia,ETH,Oromia,ET04,Jimma,ET0404,2,5750,2020-09-30T00:00:00,2020,9,23,Other reason,2672,3078,Oromia,ET04,SA,Active
73894,Countrywide monitoring,Ethiopia,ETH,Oromia,ET04,Jimma,ET0404,2,8816,2020-09-30T00:00:00,2020,9,23,Natural disaster,4223,4593,Oromia,ET04,SA,Active
73851,Countrywide monitoring,Ethiopia,ETH,Amhara,ET03,South Wello,ET0304,2,93,2020-09-30T00:00:00,2020,9,23,Conflict,50,43,Somali,ET05,SA,Active
73868,Countrywide monitoring,Ethiopia,ETH,Amhara,ET03,South Wello,ET0304,2,360,2020-09-30T00:00:00,2020,9,23,Conflict,171,189,Central Ethiopia,ET07,SA,Active
45030,Countrywide monitoring,Ethiopia,ETH,Somali,ET05,Nogob,ET0510,2,1507,2020-09-30T00:00:00,2020,9,23,Natural disaster,680,827,Oromia,ET04,SA,Active
45005,Countrywide monitoring,Ethiopia,ETH,Somali,ET05,Liban,ET0509,2,106120,2020-09-30T00:00:00,2020,9,23,Conflict,52281,53839,Oromia,ET04,SA,Active
44946,Countrywide monitoring,Ethiopia,ETH,Somali,ET05,Liban,ET0509,2,5578,2020-09-30T00:00:00,2020,9,23,Natural disaster,2901,2677,Somali,ET05,SA,Active
44905,Countrywide monitoring,Ethiopia,ETH,Somali,ET05,Korahe,ET0505,2,20810,2020-09-30T00:00:00,2020,9,23,Natural disaster,10598,10212,Somali,ET05,SA,Active
44845,Countrywide monitoring,Ethiopia,ETH,Oromia,ET04,East Borena,ET0422,2,590,2020-09-30T00:00:00,2020,9,23,Conflict,284,306,Not available,Not available,SA,Active
44788,Countrywide monitoring,Ethiopia,ETH,Oromia,ET04,Borena,ET0412,2,135182,2020-09-30T00:00:00,2020,9,23,Conflict,77184,57998,Oromia,ET04,SA,Active
35200,Countrywide monitoring,Ethiopia,ETH,Afar,ET02,Hari /Zone 5,ET0205,2,298,2020-09-30T00:00:00,2020,9,23,Conflict,140,158,Afar,ET02,SA,Active
44682,Countrywide monitoring,Ethiopia,ETH,Oromia,ET04,Bale,ET0411,2,17747,2020-09-30T00:00:00,2020,9,23,Conflict,7441,10306,Somali,ET05,SA,Active
44683,Countrywide monitoring,Ethiopia,ETH,Oromia,ET04,Bale,ET0411,2,22275,2020-09-30T00:00:00,2020,9,23,Conflict,9952,12323,Oromia,ET04,SA,Active
35182,Countrywide monitoring,Ethiopia,ETH,Afar,ET02,Gabi /Zone 3,ET0203,2,42886,2020-09-30T00:00:00,2020,9,23,Natural disaster,21538,21348,Afar,ET02,SA,Active
44720,Countrywide monitoring,Ethiopia,ETH,Oromia,ET04,Borena,ET0412,2,3056,2020-09-30T00:00:00,2020,9,23,Conflict,1812,1244,Somali,ET05,SA,Active
35135,Countrywide monitoring,Ethiopia,ETH,Afar,ET02,Fanti /Zone 4,ET0204,2,7740,2020-09-30T00:00:00,2020,9,23,Natural disaster,3757,3983,Afar,ET02,SA,Active
35150,Countrywide monitoring,Ethiopia,ETH,Afar,ET02,Gabi /Zone 3,ET0203,2,13156,2020-09-30T00:00:00,2020,9,23,Conflict,6726,6430,Afar,ET02,SA,Active
35099,Countrywide monitoring,Ethiopia,ETH,Afar,ET02,Awsi /Zone 1,ET0201,2,61900,2020-09-30T00:00:00,2020,9,23,Natural disaster,31401,30499,Afar,ET02,SA,Active
35063,Countrywide monitoring,Ethiopia,ETH,Afar,ET02,Awsi /Zone 1,ET0201,2,7898,2020-09-30T00:00:00,2020,9,23,Conflict,3978,3920,Afar,ET02,SA,Active
35044,Countrywide monitoring,Ethiopia,ETH,Addis Ababa,ET14,Region 14,ET1401,2,5854,2021-01-30T00:00:00,2021,1,24,Conflict,2945,2909,Somali,ET05,SA,Active
35086,Countrywide monitoring,Ethiopia,ETH,Afar,ET02,Awsi /Zone 1,ET0201,2,15531,2021-01-30T00:00:00,2021,1,24,Conflict,7840,7691,Afar,ET02,SA,Active
35097,Countrywide monitoring,Ethiopia,ETH,Afar,ET02,Awsi /Zone 1,ET0201,2,29269,2021-01-30T00:00:00,2021,1,24,Natural disaster,14962,14307,Afar,ET02,SA,Active
35133,Countrywide monitoring,Ethiopia,ETH,Afar,ET02,Fanti /Zone 4,ET0204,2,7387,2021-01-30T00:00:00,2021,1,24,Natural disaster,3746,3641,Afar,ET02,SA,Active
35153,Countrywide monitoring,Ethiopia,ETH,Afar,ET02,Gabi /Zone 3,ET0203,2,13618,2021-01-30T00:00:00,2021,1,24,Conflict,7396,6222,Afar,ET02,SA,Active
44739,Countrywide monitoring,Ethiopia,ETH,Oromia,ET04,Borena,ET0412,2,15437,2021-01-30T00:00:00,2021,1,24,Conflict,8761,6676,Oromia,ET04,SA,Active
35198,Countrywide monitoring,Ethiopia,ETH,Afar,ET02,Hari /Zone 5,ET0205,2,291,2021-01-30T00:00:00,2021,1,24,Conflict,152,139,Afar,ET02,SA,Active
35185,Countrywide monitoring,Ethiopia,ETH,Afar,ET02,Gabi /Zone 3,ET0203,2,47183,2021-01-30T00:00:00,2021,1,24,Natural disaster,24905,22278,Afar,ET02,SA,Active
44784,Countrywide monitoring,Ethiopia,ETH,Oromia,ET04,Borena,ET0412,2,127533,2021-01-30T00:00:00,2021,1,24,Conflict,72716,54817,Somali,ET05,SA,Active
44843,Countrywide monitoring,Ethiopia,ETH,Oromia,ET04,East Borena,ET0422,2,528,2021-01-30T00:00:00,2021,1,24,Conflict,276,252,Not available,Not available,SA,Active
44830,Countrywide monitoring,Ethiopia,ETH,Oromia,ET04,East Bale,ET0421,2,8467,2021-01-30T00:00:00,2021,1,24,Conflict,3799,4668,Somali,ET05,SA,Active
44822,Countrywide monitoring,Ethiopia,ETH,Oromia,ET04,East Bale,ET0421,2,3160,2021-01-30T00:00:00,2021,1,24,Conflict,1440,1720,Oromia,ET04,SA,Active
44906,Countrywide monitoring,Ethiopia,ETH,Somali,ET05,Korahe,ET0505,2,21030,2021-01-30T00:00:00,2021,1,24,Natural disaster,10488,10542,Somali,ET05,SA,Active
44950,Countrywide monitoring,Ethiopia,ETH,Somali,ET05,Liban,ET0509,2,16030,2021-01-30T00:00:00,2021,1,24,Natural disaster,7752,8278,Somali,ET05,SA,Active
45027,Countrywide monitoring,Ethiopia,ETH,Somali,ET05,Nogob,ET0510,2,1200,2021-01-30T00:00:00,2021,1,24,Natural disaster,647,553,Somali,ET05,SA,Active
44970,Countrywide monitoring,Ethiopia,ETH,Somali,ET05,Liban,ET0509,2,39016,2021-01-30T00:00:00,2021,1,24,Conflict,19117,19899,Somali,ET05,SA,Active
44992,Countrywide monitoring,Ethiopia,ETH,Somali,ET05,Liban,ET0509,2,72410,2021-01-30T00:00:00,2021,1,24,Conflict,34995,37415,Oromia,ET04,SA,Active
45046,Countrywide monitoring,Ethiopia,ETH,Somali,ET05,Nogob,ET0510,2,32254,2021-01-30T00:00:00,2021,1,24,Conflict,16459,15795,Somali,ET05,SA,Active
73842,Countrywide monitoring,Ethiopia,ETH,Amhara,ET03,South Wello,ET0304,2,53,2021-01-30T00:00:00,2021,1,24,Conflict,27,26,Somali,ET05,SA,Active
73879,Countrywide monitoring,Ethiopia,ETH,Oromia,ET04,Jimma,ET0404,2,5597,2021-01-30T00:00:00,2021,1,24,Other reason,2705,2892,Oromia,ET04,SA,Active
73827,Countrywide monitoring,Ethiopia,ETH,Amhara,ET03,South Gondar,ET0302,2,5291,2021-01-30T00:00:00,2021,1,24,Conflict,2578,2713,Oromia,ET04,SA,Active
73810,Countrywide monitoring,Ethiopia,ETH,Amhara,ET03,South Gondar,ET0302,2,1429,2021-01-30T00:00:00,2021,1,24,Conflict,701,728,Benishangul-Gumuz,ET06,SA,Active
73794,Countrywide monitoring,Ethiopia,ETH,Amhara,ET03,South Gondar,ET0302,2,81,2021-01-30T00:00:00,2021,1,24,Conflict,43,38,Somali,ET05,SA,Active
73750,Countrywide monitoring,Ethiopia,ETH,Amhara,ET03,Oromia,ET0310,2,183,2021-01-30T00:00:00,2021,1,24,Conflict,83,100,Oromia,ET04,SA,Active
73709,Countrywide monitoring,Ethiopia,ETH,Amhara,ET03,North Wello,ET0303,2,1719,2021-01-30T00:00:00,2021,1,24,Conflict,838,881,Oromia,ET04,SA,Active
73971,Countrywide monitoring,Ethiopia,ETH,Oromia,ET04,North Shewa (OR),ET0406,2,128,2021-01-30T00:00:00,2021,1,24,Conflict,73,55,Somali,ET05,SA,Active
73914,Countrywide monitoring,Ethiopia,ETH,Oromia,ET04,Jimma,ET0404,2,13808,2021-01-30T00:00:00,2021,1,24,Natural disaster,6599,7209,Oromia,ET04,SA,Active
74013,Countrywide monitoring,Ethiopia,ETH,Oromia,ET04,Shager City,ET0420,2,9770,2021-01-30T00:00:00,2021,1,24,Natural disaster,4606,5164,Oromia,ET04,SA,Active
73975,Countrywide monitoring,Ethiopia,ETH,Oromia,ET04,North Shewa (OR),ET0406,2,592,2021-01-30T00:00:00,2021,1,24,Conflict,299,293,Oromia,ET04,SA,Active
74044,Countrywide monitoring,Ethiopia,ETH,Oromia,ET04,South West Shewa,ET0413,2,223,2021-01-30T00:00:00,2021,1,24,Conflict,109,114,Somali,ET05,SA,Active
74088,Countrywide monitoring,Ethiopia,ETH,South West Ethiopia People,ET11,West Omo,ET1105,2,291,2021-01-30T00:00:00,2021,1,24,Conflict,154,137,Not available,Not available,SA,Active
79205,Countrywide monitoring,Ethiopia,ETH,Harari,ET13,Harari,ET1301,2,2654,2021-01-30T00:00:00,2021,1,24,Conflict,1355,1299,Somali,ET05,SA,Active
79172,Countrywide monitoring,Ethiopia,ETH,Gambela,ET12,Nuwer,ET1201,2,32844,2021-01-30T00:00:00,2021,1,24,Conflict,17090,15754,Gambela,ET12,SA,Active
79262,Countrywide monitoring,Ethiopia,ETH,Oromia,ET04,Arsi,ET0408,2,2370,2021-01-30T00:00:00,2021,1,24,Natural disaster,1131,1239,Oromia,ET04,SA,Active
79248,Countrywide monitoring,Ethiopia,ETH,Oromia,ET04,Arsi,ET0408,2,1848,2021-01-30T00:00:00,2021,1,24,Conflict,1041,807,Somali,ET05,SA,Active
79287,Countrywide monitoring,Ethiopia,ETH,Oromia,ET04,Bale,ET0411,2,153,2021-01-30T00:00:00,2021,1,24,Economic reasons,54,99,Oromia,ET04,SA,Active
79297,Countrywide monitoring,Ethiopia,ETH,Oromia,ET04,Bale,ET0411,2,5383,2021-01-30T00:00:00,2021,1,24,Conflict,2134,3249,Somali,ET05,SA,Active
79327,Countrywide monitoring,Ethiopia,ETH,Somali,ET05,Erer,ET0504,2,907,2021-01-30T00:00:00,2021,1,24,Conflict,454,453,Oromia,ET04,SA,Active
79368,Countrywide monitoring,Ethiopia,ETH,Somali,ET05,Erer,ET0504,2,26459,2021-01-30T00:00:00,2021,1,24,Natural disaster,13403,13056,Somali,ET05,SA,Active
79407,Countrywide monitoring,Ethiopia,ETH,Somali,ET05,Fafan,ET0502,2,8647,2021-01-30T00:00:00,2021,1,24,Natural disaster,4226,4421,Somali,ET05,SA,Active
79415,Countrywide monitoring,Ethiopia,ETH,Somali,ET05,Fafan,ET0502,2,17225,2021-01-30T00:00:00,2021,1,24,Conflict,8729,8496,Somali,ET05,SA,Active
79438,Countrywide monitoring,Ethiopia,ETH,Somali,ET05,Fafan,ET0502,2,103825,2021-01-30T00:00:00,2021,1,24,Conflict,53867,49958,Oromia,ET04,SA,Active
79472,Countrywide monitoring,Ethiopia,ETH,Somali,ET05,Jarar,ET0503,2,276,2021-01-30T00:00:00,2021,1,24,Conflict,135,141,Oromia,ET04,SA,Active
79496,Countrywide monitoring,Ethiopia,ETH,Somali,ET05,Jarar,ET0503,2,31076,2021-01-30T00:00:00,2021,1,24,Natural disaster,14649,16427,Somali,ET05,SA,Active
131084,Countrywide monitoring,Ethiopia,ETH,Afar,ET02,Kilbati /Zone2,ET0202,2,9627,2021-01-30T00:00:00,2021,1,24,Natural disaster,5086,4541,Afar,ET02,SA,Active
131134,Countrywide monitoring,Ethiopia,ETH,Amhara,ET03,Bahir Dar City Admin,ET0314,2,268,2021-01-30T00:00:00,2021,1,24,Conflict,139,129,Oromia,ET04,SA,Active
131145,Countrywide monitoring,Ethiopia,ETH,Amhara,ET03,Bahir Dar City Admin,ET0314,2,3133,2021-01-30T00:00:00,2021,1,24,Conflict,1586,1547,Amhara,ET03,SA,Active
131129,Countrywide monitoring,Ethiopia,ETH,Amhara,ET03,Awi,ET0309,2,35799,2021-01-30T00:00:00,2021,1,24,Conflict,16914,18885,Benishangul-Gumuz,ET06,SA,Active
131038,Countrywide monitoring,Ethiopia,ETH,Afar,ET02,Hari /Zone 5,ET0205,2,4450,2021-01-30T00:00:00,2021,1,24,Natural disaster,2247,2203,Afar,ET02,SA,Active
131230,Countrywide monitoring,Ethiopia,ETH,Oromia,ET04,East Hararge,ET0410,2,1498,2021-01-30T00:00:00,2021,1,24,Natural disaster,761,737,Somali,ET05,SA,Active
131244,Countrywide monitoring,Ethiopia,ETH,Oromia,ET04,East Hararge,ET0410,2,47082,2021-01-30T00:00:00,2021,1,24,Conflict,25008,22074,Oromia,ET04,SA,Active
131272,Countrywide monitoring,Ethiopia,ETH,Oromia,ET04,East Hararge,ET0410,2,72617,2021-01-30T00:00:00,2021,1,24,Conflict,36246,36371,Somali,ET05,SA,Active
131195,Countrywide monitoring,Ethiopia,ETH,Oromia,ET04,East Borena,ET0422,2,36237,2021-01-30T00:00:00,2021,1,24,Natural disaster,17870,18367,Oromia,ET04,SA,Active
131211,Countrywide monitoring,Ethiopia,ETH,Oromia,ET04,East Borena,ET0422,2,65553,2021-01-30T00:00:00,2021,1,24,Conflict,36692,28861,Oromia,ET04,SA,Active
131416,Countrywide monitoring,Ethiopia,ETH,Somali,ET05,Shabelle,ET0506,2,91414,2021-01-30T00:00:00,2021,1,24,Natural disaster,44656,46758,Somali,ET05,SA,Active
131370,Countrywide monitoring,Ethiopia,ETH,Somali,ET05,Nogob,ET0510,2,105823,2021-01-30T00:00:00,2021,1,24,Conflict,51606,54217,Oromia,ET04,SA,Active
131312,Countrywide monitoring,Ethiopia,ETH,Oromia,ET04,East Shewa,ET0407,2,1466,2021-01-30T00:00:00,2021,1,24,Conflict,763,703,Oromia,ET04,SA,Active
131326,Countrywide monitoring,Ethiopia,ETH,Oromia,ET04,East Wellega,ET0402,2,347,2021-01-30T00:00:00,2021,1,24,Conflict,163,184,Oromia,ET04,SA,Active
131331,Countrywide monitoring,Ethiopia,ETH,Oromia,ET04,East Wellega,ET0402,2,2527,2021-01-30T00:00:00,2021,1,24,Natural disaster,1172,1355,Benishangul-Gumuz,ET06,SA,Active
131317,Countrywide monitoring,Ethiopia,ETH,Oromia,ET04,East Shewa,ET0407,2,3150,2021-01-30T00:00:00,2021,1,24,Natural disaster,1578,1572,Oromia,ET04,SA,Active
131347,Countrywide monitoring,Ethiopia,ETH,Oromia,ET04,East Wellega,ET0402,2,22438,2021-01-30T00:00:00,2021,1,24,Natural disaster,10767,11671,Oromia,ET04,SA,Active
131341,Countrywide monitoring,Ethiopia,ETH,Oromia,ET04,East Wellega,ET0402,2,10613,2021-01-30T00:00:00,2021,1,24,Conflict,4780,5833,Benishangul-Gumuz,ET06,SA,Active
131455,Countrywide monitoring,Ethiopia,ETH,Somali,ET05,Siti,ET0501,2,15004,2021-01-30T00:00:00,2021,1,24,Conflict,6995,8009,Oromia,ET04,SA,Active
131473,Countrywide monitoring,Ethiopia,ETH,Somali,ET05,Siti,ET0501,2,31405,2021-01-30T00:00:00,2021,1,24,Conflict,15512,15893,Somali,ET05,SA,Active
131505,Countrywide monitoring,Ethiopia,ETH,Somali,ET05,Siti,ET0501,2,66889,2021-01-30T00:00:00,2021,1,24,Natural disaster,31374,35515,Somali,ET05,SA,Active
131526,Countrywide monitoring,Ethiopia,ETH,South Ethiopia People,ET08,Amaro,ET0808,2,22330,2021-01-30T00:00:00,2021,1,24,Conflict,11570,10760,Not available,Not available,SA,Active
131514,Countrywide monitoring,Ethiopia,ETH,South Ethiopia People,ET08,Amaro,ET0808,2,664,2021-01-30T00:00:00,2021,1,24,Conflict,353,311,Oromia,ET04,SA,Active
131512,Countrywide monitoring,Ethiopia,ETH,South Ethiopia People,ET08,Ali,ET0806,2,5055,2021-01-30T00:00:00,2021,1,24,Conflict,2544,2511,Not available,Not available,SA,Active
135108,Countrywide monitoring,Ethiopia,ETH,Central Ethiopia,ET07,Mareko SP woreda,ET0725,2,2111,2021-01-30T00:00:00,2021,1,24,Natural disaster,1117,994,Not available,Not available,SA,Active
135111,Countrywide monitoring,Ethiopia,ETH,Central Ethiopia,ET07,Siltie,ET0720,2,374,2021-01-30T00:00:00,2021,1,24,Conflict,185,189,Somali,ET05,SA,Active
135145,Countrywide monitoring,Ethiopia,ETH,Central Ethiopia,ET07,Siltie,ET0720,2,4989,2021-01-30T00:00:00,2021,1,24,Conflict,2484,2505,Oromia,ET04,SA,Active
135212,Countrywide monitoring,Ethiopia,ETH,Gambela,ET12,Agnewak,ET1202,2,658,2021-01-30T00:00:00,2021,1,24,Conflict,277,381,Oromia,ET04,SA,Active
135160,Countrywide monitoring,Ethiopia,ETH,Central Ethiopia,ET07,Yem,ET0724,2,242,2021-01-30T00:00:00,2021,1,24,Natural disaster,124,118,Central Ethiopia,ET07,SA,Active
135176,Countrywide monitoring,Ethiopia,ETH,Dire Dawa,ET15,Dire Dawa rural,ET1502,2,4921,2021-01-30T00:00:00,2021,1,24,Conflict,2355,2566,Oromia,ET04,SA,Active
135170,Countrywide monitoring,Ethiopia,ETH,Central Ethiopia,ET07,Yem,ET0724,2,1260,2021-01-30T00:00:00,2021,1,24,Conflict,672,588,Oromia,ET04,SA,Active
135152,Countrywide monitoring,Ethiopia,ETH,Central Ethiopia,ET07,Tembaro SP woreda,ET0726,2,45657,2021-01-30T00:00:00,2021,1,24,Conflict,22897,22760,Not available,Not available,SA,Active
135243,Countrywide monitoring,Ethiopia,ETH,Gambela,ET12,Agnewak,ET1202,2,4706,2021-01-30T00:00:00,2021,1,24,Conflict,2118,2588,Gambela,ET12,SA,Active
135285,Countrywide monitoring,Ethiopia,ETH,Gambela,ET12,Nuwer,ET1201,2,3812,2021-01-30T00:00:00,2021,1,24,Natural disaster,1935,1877,Gambela,ET12,SA,Active
135318,Countrywide monitoring,Ethiopia,ETH,Somali,ET05,Afder,ET0508,2,53771,2021-01-30T00:00:00,2021,1,24,Natural disaster,26525,27246,Somali,ET05,SA,Active
135300,Countrywide monitoring,Ethiopia,ETH,Somali,ET05,Afder,ET0508,2,10087,2021-01-30T00:00:00,2021,1,24,Conflict,5073,5014,Oromia,ET04,SA,Active
135365,Countrywide monitoring,Ethiopia,ETH,Somali,ET05,Daawa,ET0511,2,2278,2021-01-30T00:00:00,2021,1,24,Conflict,1063,1215,Somali,ET05,SA,Active
135355,Countrywide monitoring,Ethiopia,ETH,Somali,ET05,Daawa,ET0511,2,1387,2021-01-30T00:00:00,2021,1,24,Natural disaster,659,728,Somali,ET05,SA,Active
135387,Countrywide monitoring,Ethiopia,ETH,Somali,ET05,Daawa,ET0511,2,35736,2021-01-30T00:00:00,2021,1,24,Conflict,17068,18668,Oromia,ET04,SA,Active
135429,Countrywide monitoring,Ethiopia,ETH,Somali,ET05,Doolo,ET0507,2,3360,2021-01-30T00:00:00,2021,1,24,Conflict,1689,1671,Somali,ET05,SA,Active
136655,Countrywide monitoring,Ethiopia,ETH,Benishangul-Gumuz,ET06,Kamashi,ET0604,2,2465,2021-01-30T00:00:00,2021,1,24,Conflict,1183,1282,Oromia,ET04,SA,Active
136651,Countrywide monitoring,Ethiopia,ETH,Benishangul-Gumuz,ET06,Kamashi,ET0604,2,945,2021-01-30T00:00:00,2021,1,24,Conflict,427,518,Benishangul-Gumuz,ET06,SA,Active
135450,Countrywide monitoring,Ethiopia,ETH,Somali,ET05,Doolo,ET0507,2,57257,2021-01-30T00:00:00,2021,1,24,Natural disaster,28246,29011,Somali,ET05,SA,Active
136707,Countrywide monitoring,Ethiopia,ETH,Central Ethiopia,ET07,Guraghe,ET0701,2,6473,2021-01-30T00:00:00,2021,1,24,Conflict,3172,3301,Central Ethiopia,ET07,SA,Active
136689,Countrywide monitoring,Ethiopia,ETH,Central Ethiopia,ET07,Guraghe,ET0701,2,894,2021-01-30T00:00:00,2021,1,24,Conflict,452,442,Not available,Not available,SA,Active
136695,Countrywide monitoring,Ethiopia,ETH,Central Ethiopia,ET07,Guraghe,ET0701,2,2255,2021-01-30T00:00:00,2021,1,24,Conflict,1106,1149,Oromia,ET04,SA,Active
136747,Countrywide monitoring,Ethiopia,ETH,Central Ethiopia,ET07,Hadiya,ET0702,2,990,2021-01-30T00:00:00,2021,1,24,Natural disaster,476,514,Central Ethiopia,ET07,SA,Active
138056,Countrywide monitoring,Ethiopia,ETH,Amhara,ET03,South Wello,ET0304,2,1364,2021-01-30T00:00:00,2021,1,24,Conflict,653,711,Oromia,ET04,SA,Active
137000,Countrywide monitoring,Ethiopia,ETH,Somali,ET05,Afder,ET0508,2,3678,2021-01-30T00:00:00,2021,1,24,Conflict,1823,1855,Somali,ET05,SA,Active
136975,Countrywide monitoring,Ethiopia,ETH,Sidama,ET16,Sidama,ET1600,2,28468,2021-01-30T00:00:00,2021,1,24,Conflict,15099,13369,Afar,ET02,SA,Active
136951,Countrywide monitoring,Ethiopia,ETH,Sidama,ET16,Sidama,ET1600,2,1088,2021-01-30T00:00:00,2021,1,24,Natural disaster,606,482,Afar,ET02,SA,Active
136917,Countrywide monitoring,Ethiopia,ETH,Oromia,ET04,West Wellega,ET0401,2,31109,2021-01-30T00:00:00,2021,1,24,Conflict,15304,15805,Benishangul-Gumuz,ET06,SA,Active
136874,Countrywide monitoring,Ethiopia,ETH,Oromia,ET04,West Shewa,ET0405,2,566,2021-01-30T00:00:00,2021,1,24,Natural disaster,278,288,Oromia,ET04,SA,Active
136891,Countrywide monitoring,Ethiopia,ETH,Oromia,ET04,West Wellega,ET0401,2,218,2021-01-30T00:00:00,2021,1,24,Conflict,99,119,Oromia,ET04,SA,Active
136862,Countrywide monitoring,Ethiopia,ETH,Oromia,ET04,West Shewa,ET0405,2,349,2021-01-30T00:00:00,2021,1,24,Conflict,227,122,Somali,ET05,SA,Active
136799,Countrywide monitoring,Ethiopia,ETH,Central Ethiopia,ET07,Kembata,ET0703,2,2015,2021-01-30T00:00:00,2021,1,24,Conflict,993,1022,Not available,Not available,SA,Active
136825,Countrywide monitoring,Ethiopia,ETH,Oromia,ET04,West Hararge,ET0409,2,16938,2021-01-30T00:00:00,2021,1,24,Conflict,8575,8363,Oromia,ET04,SA,Active
136760,Countrywide monitoring,Ethiopia,ETH,Central Ethiopia,ET07,Hadiya,ET0702,2,2874,2021-01-30T00:00:00,2021,1,24,Conflict,1312,1562,Not available,Not available,SA,Active
138097,Countrywide monitoring,Ethiopia,ETH,Amhara,ET03,Wag Hamra,ET0308,2,324,2021-01-30T00:00:00,2021,1,24,Conflict,177,147,Oromia,ET04,SA,Active
138098,Countrywide monitoring,Ethiopia,ETH,Amhara,ET03,Wag Hamra,ET0308,2,358,2021-01-30T00:00:00,2021,1,24,Conflict,172,186,Amhara,ET03,SA,Active
138180,Countrywide monitoring,Ethiopia,ETH,Amhara,ET03,West Gondar,ET0312,2,265,2021-01-30T00:00:00,2021,1,24,Conflict,134,131,Oromia,ET04,SA,Active
138164,Countrywide monitoring,Ethiopia,ETH,Amhara,ET03,West Gojam,ET0307,2,10653,2021-01-30T00:00:00,2021,1,24,Conflict,5033,5620,Benishangul-Gumuz,ET06,SA,Active
138265,Countrywide monitoring,Ethiopia,ETH,Oromia,ET04,West Arsi,ET0417,2,564,2021-01-30T00:00:00,2021,1,24,Conflict,328,236,Somali,ET05,SA,Active
138253,Countrywide monitoring,Ethiopia,ETH,Oromia,ET04,West Arsi,ET0417,2,390,2021-01-30T00:00:00,2021,1,24,Natural disaster,191,199,Oromia,ET04,SA,Active
138242,Countrywide monitoring,Ethiopia,ETH,Oromia,ET04,West Arsi,ET0417,2,143,2021-01-30T00:00:00,2021,1,24,Conflict,66,77,Afar,ET02,SA,Active
138203,Countrywide monitoring,Ethiopia,ETH,Benishangul-Gumuz,ET06,Assosa,ET0603,2,486,2021-01-30T00:00:00,2021,1,24,Conflict,230,256,Oromia,ET04,SA,Active
138331,Countrywide monitoring,Ethiopia,ETH,Oromia,ET04,West Arsi,ET0417,2,21786,2021-01-30T00:00:00,2021,1,24,Conflict,9811,11975,Oromia,ET04,SA,Active
138398,Countrywide monitoring,Ethiopia,ETH,Oromia,ET04,West Hararge,ET0409,2,6649,2021-01-30T00:00:00,2021,1,24,Conflict,3303,3346,Somali,ET05,SA,Active
140794,Countrywide monitoring,Ethiopia,ETH,Amhara,ET03,North Gojam,ET0313,2,665,2021-01-30T00:00:00,2021,1,24,Conflict,398,267,Tigray,ET01,SA,Active
140802,Countrywide monitoring,Ethiopia,ETH,Amhara,ET03,North Gojam,ET0313,2,3960,2021-01-30T00:00:00,2021,1,24,Conflict,1900,2060,Amhara,ET03,SA,Active
140768,Countrywide monitoring,Ethiopia,ETH,Amhara,ET03,East Gojam,ET0306,2,402,2021-01-30T00:00:00,2021,1,24,Conflict,186,216,Somali,ET05,SA,Active
140769,Countrywide monitoring,Ethiopia,ETH,Amhara,ET03,East Gojam,ET0306,2,562,2021-01-30T00:00:00,2021,1,24,Natural disaster,266,296,Amhara,ET03,SA,Active
140987,Countrywide monitoring,Ethiopia,ETH,Oromia,ET04,Guji,ET0414,2,2020,2021-01-30T00:00:00,2021,1,24,Natural disaster,1020,1000,Oromia,ET04,SA,Active
140958,Countrywide monitoring,Ethiopia,ETH,Oromia,ET04,Guji,ET0414,2,390,2021-01-30T00:00:00,2021,1,24,Economic reasons,183,207,Somali,ET05,SA,Active
140904,Countrywide monitoring,Ethiopia,ETH,Amhara,ET03,North Wello,ET0303,2,59,2021-01-30T00:00:00,2021,1,24,Conflict,31,28,Somali,ET05,SA,Active
140865,Countrywide monitoring,Ethiopia,ETH,Amhara,ET03,North Shewa (AM),ET0305,2,454,2021-01-30T00:00:00,2021,1,24,Conflict,230,224,Not available,Not available,SA,Active
140877,Countrywide monitoring,Ethiopia,ETH,Amhara,ET03,North Shewa (AM),ET0305,2,3019,2021-01-30T00:00:00,2021,1,24,Conflict,1426,1593,Oromia,ET04,SA,Active
141006,Countrywide monitoring,Ethiopia,ETH,Oromia,ET04,Guji,ET0414,2,6496,2021-01-30T00:00:00,2021,1,24,Conflict,3321,3175,Somali,ET05,SA,Active
141031,Countrywide monitoring,Ethiopia,ETH,Oromia,ET04,Guji,ET0414,2,49804,2021-01-30T00:00:00,2021,1,24,Conflict,24360,25444,Oromia,ET04,SA,Active
141108,Countrywide monitoring,Ethiopia,ETH,South Ethiopia People,ET08,Ari,ET0805,2,245,2021-01-30T00:00:00,2021,1,24,Natural disaster,143,102,Not available,Not available,SA,Active
141065,Countrywide monitoring,Ethiopia,ETH,Oromia,ET04,Jimma,ET0404,2,74,2021-01-30T00:00:00,2021,1,24,Conflict,47,27,Oromia,ET04,SA,Active
141074,Countrywide monitoring,Ethiopia,ETH,Oromia,ET04,Jimma,ET0404,2,211,2021-01-30T00:00:00,2021,1,24,Conflict,108,103,Somali,ET05,SA,Active
150280,Countrywide monitoring,Ethiopia,ETH,South Ethiopia People,ET08,Konso,ET0809,2,17179,2021-01-30T00:00:00,2021,1,24,Conflict,8942,8237,Not available,Not available,SA,Active
150254,Countrywide monitoring,Ethiopia,ETH,South Ethiopia People,ET08,Derashe,ET0807,2,22420,2021-01-30T00:00:00,2021,1,24,Conflict,12393,10027,Not available,Not available,SA,Active
150373,Countrywide monitoring,Ethiopia,ETH,South West Ethiopia People,ET11,Kefa,ET1102,2,401,2021-01-30T00:00:00,2021,1,24,Natural disaster,199,202,Not available,Not available,SA,Active
150305,Countrywide monitoring,Ethiopia,ETH,South Ethiopia People,ET08,South Omo,ET0812,2,65571,2021-01-30T00:00:00,2021,1,24,Natural disaster,32927,32644,Not available,Not available,SA,Active
150312,Countrywide monitoring,Ethiopia,ETH,South Ethiopia People,ET08,Wolayita,ET0801,2,2087,2021-01-30T00:00:00,2021,1,24,Conflict,1073,1014,Afar,ET02,SA,Active
150328,Countrywide monitoring,Ethiopia,ETH,South Ethiopia People,ET08,Wolayita,ET0801,2,10247,2021-01-30T00:00:00,2021,1,24,Natural disaster,5434,4813,Not available,Not available,SA,Active
150358,Countrywide monitoring,Ethiopia,ETH,South West Ethiopia People,ET11,Bench Sheko,ET1103,2,12199,2021-01-30T00:00:00,2021,1,24,Conflict,6487,5712,Not available,Not available,SA,Active
142318,Northern Ethiopia Crisis,Ethiopia,ETH,Tigray,ET01,North Western,ET0101,2,32970,2021-01-31T00:00:00,2021,1,2,Conflict,15128,17842,Tigray,ET01,SA,Active
142316,Northern Ethiopia Crisis,Ethiopia,ETH,Tigray,ET01,North Western,ET0101,2,18927,2021-01-31T00:00:00,2021,1,2,Conflict,9619,9308,Amhara,ET03,SA,Active
142327,Northern Ethiopia Crisis,Ethiopia,ETH,Tigray,ET01,South Eastern,ET0106,2,2500,2021-01-31T00:00:00,2021,1,2,Conflict,1207,1293,Tigray,ET01,SA,Active
142328,Northern Ethiopia Crisis,Ethiopia,ETH,Tigray,ET01,South Eastern,ET0106,2,5400,2021-01-31T00:00:00,2021,1,2,Conflict,2798,2602,Afar,ET02,SA,Active
142335,Northern Ethiopia Crisis,Ethiopia,ETH,Tigray,ET01,Southern,ET0104,2,8000,2021-01-31T00:00:00,2021,1,2,Conflict,4215,3785,Amhara,ET03,SA,Active
142337,Northern Ethiopia Crisis,Ethiopia,ETH,Tigray,ET01,Southern,ET0104,2,28000,2021-01-31T00:00:00,2021,1,2,Conflict,14432,13568,Tigray,ET01,SA,Active
142342,Northern Ethiopia Crisis,Ethiopia,ETH,Tigray,ET01,Western,ET0105,2,260,2021-01-31T00:00:00,2021,1,2,Conflict,125,135,Tigray,ET01,SA,Active
55869,Northern Ethiopia Crisis,Ethiopia,ETH,Amhara,ET03,West Gondar,ET0312,2,415,2021-01-31T00:00:00,2021,1,2,Conflict,220,195,Amhara,ET03,SA,Active
55870,Northern Ethiopia Crisis,Ethiopia,ETH,Amhara,ET03,West Gondar,ET0312,2,522,2021-01-31T00:00:00,2021,1,2,Conflict,296,226,Tigray,ET01,SA,Active
55889,Northern Ethiopia Crisis,Ethiopia,ETH,Tigray,ET01,Mekelle,ET0107,2,389,2021-01-31T00:00:00,2021,1,2,Conflict,202,187,Tigray,ET01,SA,Active
55770,Northern Ethiopia Crisis,Ethiopia,ETH,Afar,ET02,Fanti /Zone 4,ET0204,2,11472,2021-01-31T00:00:00,2021,1,2,Conflict,5764,5708,Afar,ET02,SA,Active
55782,Northern Ethiopia Crisis,Ethiopia,ETH,Afar,ET02,Kilbati /Zone2,ET0202,2,1594,2021-01-31T00:00:00,2021,1,2,Conflict,886,708,Not available,Not available,SA,Active
55801,Northern Ethiopia Crisis,Ethiopia,ETH,Amhara,ET03,Central Gondar,ET0311,2,1072,2021-01-31T00:00:00,2021,1,2,Conflict,500,572,Tigray,ET01,SA,Active
55788,Northern Ethiopia Crisis,Ethiopia,ETH,Afar,ET02,Kilbati /Zone2,ET0202,2,15625,2021-01-31T00:00:00,2021,1,2,Conflict,9313,6312,Tigray,ET01,SA,Active
55813,Northern Ethiopia Crisis,Ethiopia,ETH,Amhara,ET03,North Gondar,ET0301,2,4444,2021-01-31T00:00:00,2021,1,2,Conflict,2033,2411,Tigray,ET01,SA,Active
55802,Northern Ethiopia Crisis,Ethiopia,ETH,Amhara,ET03,Central Gondar,ET0311,2,1949,2021-02-28T00:00:00,2021,2,3,Conflict,949,1000,Tigray,ET01,SA,Active
55790,Northern Ethiopia Crisis,Ethiopia,ETH,Afar,ET02,Kilbati /Zone2,ET0202,2,23959,2021-02-28T00:00:00,2021,2,3,Conflict,13460,10499,Tigray,ET01,SA,Active
55771,Northern Ethiopia Crisis,Ethiopia,ETH,Afar,ET02,Fanti /Zone 4,ET0204,2,11472,2021-02-28T00:00:00,2021,2,3,Conflict,5774,5698,Afar,ET02,SA,Active
55890,Northern Ethiopia Crisis,Ethiopia,ETH,Tigray,ET01,Mekelle,ET0107,2,106706,2021-02-28T00:00:00,2021,2,3,Conflict,68814,37892,Tigray,ET01,SA,Active
55864,Northern Ethiopia Crisis,Ethiopia,ETH,Amhara,ET03,West Gondar,ET0312,2,377,2021-02-28T00:00:00,2021,2,3,Conflict,213,164,Tigray,ET01,SA,Active
55858,Northern Ethiopia Crisis,Ethiopia,ETH,Amhara,ET03,West Gondar,ET0312,2,370,2021-02-28T00:00:00,2021,2,3,Conflict,194,176,Amhara,ET03,SA,Active
55781,Northern Ethiopia Crisis,Ethiopia,ETH,Afar,ET02,Kilbati /Zone2,ET0202,2,1120,2021-02-28T00:00:00,2021,2,3,Conflict,604,516,Not available,Not available,SA,Active
55818,Northern Ethiopia Crisis,Ethiopia,ETH,Amhara,ET03,North Gondar,ET0301,2,11563,2021-02-28T00:00:00,2021,2,3,Conflict,5494,6069,Tigray,ET01,SA,Active
55845,Northern Ethiopia Crisis,Ethiopia,ETH,Amhara,ET03,Wag Hamra,ET0308,2,674,2021-02-28T00:00:00,2021,2,3,Conflict,318,356,Tigray,ET01,SA,Active
142329,Northern Ethiopia Crisis,Ethiopia,ETH,Tigray,ET01,South Eastern,ET0106,2,5400,2021-02-28T00:00:00,2021,2,3,Conflict,2798,2602,Afar,ET02,SA,Active
142326,Northern Ethiopia Crisis,Ethiopia,ETH,Tigray,ET01,South Eastern,ET0106,2,2488,2021-02-28T00:00:00,2021,2,3,Conflict,1438,1050,Tigray,ET01,SA,Active
142317,Northern Ethiopia Crisis,Ethiopia,ETH,Tigray,ET01,North Western,ET0101,2,18927,2021-02-28T00:00:00,2021,2,3,Conflict,12676,6251,Amhara,ET03,SA,Active
142319,Northern Ethiopia Crisis,Ethiopia,ETH,Tigray,ET01,North Western,ET0101,2,193387,2021-02-28T00:00:00,2021,2,3,Conflict,78229,115158,Tigray,ET01,SA,Active
142320,Northern Ethiopia Crisis,Ethiopia,ETH,Tigray,ET01,North Western,ET0101,2,508270,2021-03-31T00:00:00,2021,3,4,Conflict,225817,282453,Tigray,ET01,SA,Active
142343,Northern Ethiopia Crisis,Ethiopia,ETH,Tigray,ET01,Western,ET0105,2,3596,2021-03-31T00:00:00,2021,3,4,Conflict,2192,1404,Tigray,ET01,SA,Active
55846,Northern Ethiopia Crisis,Ethiopia,ETH,Amhara,ET03,Wag Hamra,ET0308,2,969,2021-03-31T00:00:00,2021,3,4,Conflict,460,509,Tigray,ET01,SA,Active
55820,Northern Ethiopia Crisis,Ethiopia,ETH,Amhara,ET03,North Gondar,ET0301,2,15127,2021-03-31T00:00:00,2021,3,4,Conflict,7472,7655,Tigray,ET01,SA,Active
55859,Northern Ethiopia Crisis,Ethiopia,ETH,Amhara,ET03,West Gondar,ET0312,2,370,2021-03-31T00:00:00,2021,3,4,Conflict,194,176,Amhara,ET03,SA,Active
55857,Northern Ethiopia Crisis,Ethiopia,ETH,Amhara,ET03,West Gondar,ET0312,2,307,2021-03-31T00:00:00,2021,3,4,Conflict,174,133,Tigray,ET01,SA,Active
55891,Northern Ethiopia Crisis,Ethiopia,ETH,Tigray,ET01,Mekelle,ET0107,2,126267,2021-03-31T00:00:00,2021,3,4,Conflict,61379,64888,Tigray,ET01,SA,Active
55884,Northern Ethiopia Crisis,Ethiopia,ETH,Tigray,ET01,Eastern,ET0103,2,105447,2021-03-31T00:00:00,2021,3,4,Conflict,55145,50302,Tigray,ET01,SA,Active
55874,Northern Ethiopia Crisis,Ethiopia,ETH,Tigray,ET01,Central,ET0102,2,521,2021-03-31T00:00:00,2021,3,4,Conflict,64,457,Not available,Not available,SA,Active
55877,Northern Ethiopia Crisis,Ethiopia,ETH,Tigray,ET01,Central,ET0102,2,217451,2021-03-31T00:00:00,2021,3,4,Conflict,109387,108064,Tigray,ET01,SA,Active
55772,Northern Ethiopia Crisis,Ethiopia,ETH,Afar,ET02,Fanti /Zone 4,ET0204,2,11472,2021-03-31T00:00:00,2021,3,4,Conflict,5759,5713,Afar,ET02,SA,Active
55791,Northern Ethiopia Crisis,Ethiopia,ETH,Afar,ET02,Kilbati /Zone2,ET0202,2,27398,2021-03-31T00:00:00,2021,3,4,Conflict,15245,12153,Tigray,ET01,SA,Active
55803,Northern Ethiopia Crisis,Ethiopia,ETH,Amhara,ET03,Central Gondar,ET0311,2,2008,2021-03-31T00:00:00,2021,3,4,Conflict,962,1046,Tigray,ET01,SA,Active
55784,Northern Ethiopia Crisis,Ethiopia,ETH,Afar,ET02,Kilbati /Zone2,ET0202,2,5328,2021-03-31T00:00:00,2021,3,4,Conflict,2744,2584,Afar,ET02,SA,Active
90263,Northern Ethiopia Crisis,Ethiopia,ETH,Afar,ET02,Kilbati /Zone2,ET0202,2,1145,2021-03-31T00:00:00,2021,3,4,Conflict,629,516,Not available,Not available,SA,Active
79495,Countrywide monitoring,Ethiopia,ETH,Somali,ET05,Jarar,ET0503,2,30917,2021-04-30T00:00:00,2021,4,25,Natural disaster,14761,16156,Somali,ET05,SA,Active
79480,Countrywide monitoring,Ethiopia,ETH,Somali,ET05,Jarar,ET0503,2,277,2021-04-30T00:00:00,2021,4,25,Conflict,128,149,Oromia,ET04,SA,Active
79436,Countrywide monitoring,Ethiopia,ETH,Somali,ET05,Fafan,ET0502,2,99669,2021-04-30T00:00:00,2021,4,25,Conflict,48536,51133,Oromia,ET04,SA,Active
79419,Countrywide monitoring,Ethiopia,ETH,Somali,ET05,Fafan,ET0502,2,17719,2021-04-30T00:00:00,2021,4,25,Conflict,8633,9086,Somali,ET05,SA,Active
79401,Countrywide monitoring,Ethiopia,ETH,Somali,ET05,Fafan,ET0502,2,8430,2021-04-30T00:00:00,2021,4,25,Natural disaster,4080,4350,Somali,ET05,SA,Active
131036,Countrywide monitoring,Ethiopia,ETH,Afar,ET02,Hari /Zone 5,ET0205,2,3743,2021-04-30T00:00:00,2021,4,25,Natural disaster,1975,1768,Afar,ET02,SA,Active
131120,Countrywide monitoring,Ethiopia,ETH,Amhara,ET03,Awi,ET0309,2,7097,2021-04-30T00:00:00,2021,4,25,Conflict,3645,3452,Amhara,ET03,SA,Active
131131,Countrywide monitoring,Ethiopia,ETH,Amhara,ET03,Awi,ET0309,2,76649,2021-04-30T00:00:00,2021,4,25,Conflict,36299,40350,Benishangul-Gumuz,ET06,SA,Active
131087,Countrywide monitoring,Ethiopia,ETH,Afar,ET02,Kilbati /Zone2,ET0202,2,9861,2021-04-30T00:00:00,2021,4,25,Natural disaster,5221,4640,Afar,ET02,SA,Active
131102,Countrywide monitoring,Ethiopia,ETH,Amhara,ET03,Awi,ET0309,2,121,2021-04-30T00:00:00,2021,4,25,Natural disaster,64,57,Benishangul-Gumuz,ET06,SA,Active
79372,Countrywide monitoring,Ethiopia,ETH,Somali,ET05,Erer,ET0504,2,27430,2021-04-30T00:00:00,2021,4,25,Conflict,13533,13897,Oromia,ET04,SA,Active
79323,Countrywide monitoring,Ethiopia,ETH,Somali,ET05,Erer,ET0504,2,613,2021-04-30T00:00:00,2021,4,25,Conflict,308,305,Somali,ET05,SA,Active
79338,Countrywide monitoring,Ethiopia,ETH,Somali,ET05,Erer,ET0504,2,1372,2021-04-30T00:00:00,2021,4,25,Natural disaster,701,671,Somali,ET05,SA,Active
79310,Countrywide monitoring,Ethiopia,ETH,Oromia,ET04,Bale,ET0411,2,10412,2021-04-30T00:00:00,2021,4,25,Conflict,4281,6131,Somali,ET05,SA,Active
79286,Countrywide monitoring,Ethiopia,ETH,Oromia,ET04,Bale,ET0411,2,146,2021-04-30T00:00:00,2021,4,25,Economic reasons,59,87,Oromia,ET04,SA,Active
79249,Countrywide monitoring,Ethiopia,ETH,Oromia,ET04,Arsi,ET0408,2,1857,2021-04-30T00:00:00,2021,4,25,Conflict,1044,813,Somali,ET05,SA,Active
79269,Countrywide monitoring,Ethiopia,ETH,Oromia,ET04,Arsi,ET0408,2,2820,2021-04-30T00:00:00,2021,4,25,Natural disaster,1379,1441,Oromia,ET04,SA,Active
79173,Countrywide monitoring,Ethiopia,ETH,Gambela,ET12,Nuwer,ET1201,2,33608,2021-04-30T00:00:00,2021,4,25,Conflict,17207,16401,Gambela,ET12,SA,Active
79208,Countrywide monitoring,Ethiopia,ETH,Harari,ET13,Harari,ET1301,2,2690,2021-04-30T00:00:00,2021,4,25,Conflict,1380,1310,Somali,ET05,SA,Active
79134,Countrywide monitoring,Ethiopia,ETH,Gambela,ET12,Nuwer,ET1201,2,4153,2021-04-30T00:00:00,2021,4,25,Natural disaster,2208,1945,Gambela,ET12,SA,Active
135269,Countrywide monitoring,Ethiopia,ETH,Gambela,ET12,Majang,ET1203,2,1026,2021-04-30T00:00:00,2021,4,25,Conflict,501,525,Not available,Not available,SA,Active
135244,Countrywide monitoring,Ethiopia,ETH,Gambela,ET12,Agnewak,ET1202,2,5810,2021-04-30T00:00:00,2021,4,25,Conflict,2816,2994,Gambela,ET12,SA,Active
135163,Countrywide monitoring,Ethiopia,ETH,Central Ethiopia,ET07,Yem,ET0724,2,270,2021-04-30T00:00:00,2021,4,25,Natural disaster,138,132,Central Ethiopia,ET07,SA,Active
135193,Countrywide monitoring,Ethiopia,ETH,Dire Dawa,ET15,Dire Dawa urban,ET1501,2,4921,2021-04-30T00:00:00,2021,4,25,Conflict,2355,2566,Oromia,ET04,SA,Active
135139,Countrywide monitoring,Ethiopia,ETH,Central Ethiopia,ET07,Siltie,ET0720,2,3873,2021-04-30T00:00:00,2021,4,25,Conflict,1772,2101,Oromia,ET04,SA,Active
135126,Countrywide monitoring,Ethiopia,ETH,Central Ethiopia,ET07,Siltie,ET0720,2,1064,2021-04-30T00:00:00,2021,4,25,Conflict,513,551,Somali,ET05,SA,Active
135114,Countrywide monitoring,Ethiopia,ETH,Central Ethiopia,ET07,Siltie,ET0720,2,503,2021-04-30T00:00:00,2021,4,25,Natural disaster,259,244,Somali,ET05,SA,Active
131540,Countrywide monitoring,Ethiopia,ETH,South Ethiopia People,ET08,Ari,ET0805,2,127,2021-04-30T00:00:00,2021,4,25,Natural disaster,58,69,Not available,Not available,SA,Active
131528,Countrywide monitoring,Ethiopia,ETH,South Ethiopia People,ET08,Amaro,ET0808,2,28877,2021-04-30T00:00:00,2021,4,25,Conflict,14889,13988,Not available,Not available,SA,Active
131521,Countrywide monitoring,Ethiopia,ETH,South Ethiopia People,ET08,Amaro,ET0808,2,914,2021-04-30T00:00:00,2021,4,25,Conflict,454,460,Oromia,ET04,SA,Active
131510,Countrywide monitoring,Ethiopia,ETH,South Ethiopia People,ET08,Ali,ET0806,2,567,2021-04-30T00:00:00,2021,4,25,Conflict,282,285,Not available,Not available,SA,Active
131488,Countrywide monitoring,Ethiopia,ETH,Somali,ET05,Siti,ET0501,2,58408,2021-04-30T00:00:00,2021,4,25,Natural disaster,28180,30228,Somali,ET05,SA,Active
131444,Countrywide monitoring,Ethiopia,ETH,Somali,ET05,Siti,ET0501,2,9862,2021-04-30T00:00:00,2021,4,25,Conflict,4717,5145,Somali,ET05,SA,Active
131457,Countrywide monitoring,Ethiopia,ETH,Somali,ET05,Siti,ET0501,2,15545,2021-04-30T00:00:00,2021,4,25,Conflict,7402,8143,Oromia,ET04,SA,Active
131337,Countrywide monitoring,Ethiopia,ETH,Oromia,ET04,East Wellega,ET0402,2,8537,2021-04-30T00:00:00,2021,4,25,Conflict,3873,4664,Benishangul-Gumuz,ET06,SA,Active
131330,Countrywide monitoring,Ethiopia,ETH,Oromia,ET04,East Wellega,ET0402,2,2000,2021-04-30T00:00:00,2021,4,25,Natural disaster,1089,911,Harari,ET13,SA,Active
131348,Countrywide monitoring,Ethiopia,ETH,Oromia,ET04,East Wellega,ET0402,2,22560,2021-04-30T00:00:00,2021,4,25,Natural disaster,11133,11427,Oromia,ET04,SA,Active
131318,Countrywide monitoring,Ethiopia,ETH,Oromia,ET04,East Shewa,ET0407,2,3150,2021-04-30T00:00:00,2021,4,25,Natural disaster,1578,1572,Oromia,ET04,SA,Active
131327,Countrywide monitoring,Ethiopia,ETH,Oromia,ET04,East Wellega,ET0402,2,433,2021-04-30T00:00:00,2021,4,25,Natural disaster,187,246,Benishangul-Gumuz,ET06,SA,Active
131328,Countrywide monitoring,Ethiopia,ETH,Oromia,ET04,East Wellega,ET0402,2,943,2021-04-30T00:00:00,2021,4,25,Conflict,412,531,Oromia,ET04,SA,Active
131313,Countrywide monitoring,Ethiopia,ETH,Oromia,ET04,East Shewa,ET0407,2,1466,2021-04-30T00:00:00,2021,4,25,Conflict,763,703,Oromia,ET04,SA,Active
131418,Countrywide monitoring,Ethiopia,ETH,Somali,ET05,Shabelle,ET0506,2,91931,2021-04-30T00:00:00,2021,4,25,Natural disaster,46617,45314,Somali,ET05,SA,Active
131162,Countrywide monitoring,Ethiopia,ETH,Amhara,ET03,Central Gondar,ET0311,2,676,2021-04-30T00:00:00,2021,4,25,Conflict,317,359,Benishangul-Gumuz,ET06,SA,Active
131153,Countrywide monitoring,Ethiopia,ETH,Amhara,ET03,Central Gondar,ET0311,2,133,2021-04-30T00:00:00,2021,4,25,Conflict,62,71,Amhara,ET03,SA,Active
131270,Countrywide monitoring,Ethiopia,ETH,Oromia,ET04,East Hararge,ET0410,2,70314,2021-04-30T00:00:00,2021,4,25,Conflict,35337,34977,Somali,ET05,SA,Active
131246,Countrywide monitoring,Ethiopia,ETH,Oromia,ET04,East Hararge,ET0410,2,53103,2021-04-30T00:00:00,2021,4,25,Conflict,26507,26596,Oromia,ET04,SA,Active
131234,Countrywide monitoring,Ethiopia,ETH,Oromia,ET04,East Hararge,ET0410,2,1539,2021-04-30T00:00:00,2021,4,25,Natural disaster,797,742,Somali,ET05,SA,Active
55785,Northern Ethiopia Crisis,Ethiopia,ETH,Afar,ET02,Kilbati /Zone2,ET0202,2,7194,2021-04-30T00:00:00,2021,4,5,Conflict,3842,3352,Afar,ET02,SA,Active
55804,Northern Ethiopia Crisis,Ethiopia,ETH,Amhara,ET03,Central Gondar,ET0311,2,2765,2021-04-30T00:00:00,2021,4,5,Conflict,1376,1389,Tigray,ET01,SA,Active
55792,Northern Ethiopia Crisis,Ethiopia,ETH,Afar,ET02,Kilbati /Zone2,ET0202,2,28529,2021-04-30T00:00:00,2021,4,5,Conflict,15744,12785,Tigray,ET01,SA,Active
55773,Northern Ethiopia Crisis,Ethiopia,ETH,Afar,ET02,Fanti /Zone 4,ET0204,2,11472,2021-04-30T00:00:00,2021,4,5,Conflict,5697,5775,Afar,ET02,SA,Active
55739,Northern Ethiopia Crisis,Ethiopia,ETH,Afar,ET02,Kilbati /Zone2,ET0202,2,1225,2021-04-30T00:00:00,2021,4,5,Conflict,644,581,Not available,Not available,SA,Active
45033,Countrywide monitoring,Ethiopia,ETH,Somali,ET05,Nogob,ET0510,2,1794,2021-04-30T00:00:00,2021,4,25,Conflict,892,902,Somali,ET05,SA,Active
45039,Countrywide monitoring,Ethiopia,ETH,Somali,ET05,Nogob,ET0510,2,9167,2021-04-30T00:00:00,2021,4,25,Conflict,4539,4628,Oromia,ET04,SA,Active
45043,Countrywide monitoring,Ethiopia,ETH,Somali,ET05,Nogob,ET0510,2,25144,2021-04-30T00:00:00,2021,4,25,Natural disaster,12435,12709,Somali,ET05,SA,Active
44975,Countrywide monitoring,Ethiopia,ETH,Somali,ET05,Liban,ET0509,2,40667,2021-04-30T00:00:00,2021,4,25,Conflict,19837,20830,Somali,ET05,SA,Active
44998,Countrywide monitoring,Ethiopia,ETH,Somali,ET05,Liban,ET0509,2,82268,2021-04-30T00:00:00,2021,4,25,Conflict,40616,41652,Oromia,ET04,SA,Active
44951,Countrywide monitoring,Ethiopia,ETH,Somali,ET05,Liban,ET0509,2,16227,2021-04-30T00:00:00,2021,4,25,Natural disaster,8134,8093,Somali,ET05,SA,Active
44901,Countrywide monitoring,Ethiopia,ETH,Somali,ET05,Korahe,ET0505,2,19518,2021-04-30T00:00:00,2021,4,25,Natural disaster,9655,9863,Somali,ET05,SA,Active
44820,Countrywide monitoring,Ethiopia,ETH,Oromia,ET04,East Bale,ET0421,2,2820,2021-04-30T00:00:00,2021,4,25,Conflict,1060,1760,Oromia,ET04,SA,Active
44839,Countrywide monitoring,Ethiopia,ETH,Oromia,ET04,East Bale,ET0421,2,11756,2021-04-30T00:00:00,2021,4,25,Conflict,5081,6675,Somali,ET05,SA,Active
44786,Countrywide monitoring,Ethiopia,ETH,Oromia,ET04,Borena,ET0412,2,130150,2021-04-30T00:00:00,2021,4,25,Conflict,73187,56963,Somali,ET05,SA,Active
44808,Countrywide monitoring,Ethiopia,ETH,Oromia,ET04,Buno Bedele,ET0416,2,9027,2021-04-30T00:00:00,2021,4,25,Natural disaster,4322,4705,Oromia,ET04,SA,Active
44741,Countrywide monitoring,Ethiopia,ETH,Oromia,ET04,Borena,ET0412,2,17438,2021-04-30T00:00:00,2021,4,25,Conflict,9949,7489,Oromia,ET04,SA,Active
35183,Countrywide monitoring,Ethiopia,ETH,Afar,ET02,Gabi /Zone 3,ET0203,2,45059,2021-04-30T00:00:00,2021,4,25,Natural disaster,22550,22509,Afar,ET02,SA,Active
35156,Countrywide monitoring,Ethiopia,ETH,Afar,ET02,Gabi /Zone 3,ET0203,2,13917,2021-04-30T00:00:00,2021,4,25,Conflict,6909,7008,Afar,ET02,SA,Active
35129,Countrywide monitoring,Ethiopia,ETH,Afar,ET02,Fanti /Zone 4,ET0204,2,5851,2021-04-30T00:00:00,2021,4,25,Natural disaster,3178,2673,Afar,ET02,SA,Active
35095,Countrywide monitoring,Ethiopia,ETH,Afar,ET02,Awsi /Zone 1,ET0201,2,22640,2021-04-30T00:00:00,2021,4,25,Natural disaster,11923,10717,Afar,ET02,SA,Active
35082,Countrywide monitoring,Ethiopia,ETH,Afar,ET02,Awsi /Zone 1,ET0201,2,14112,2021-04-30T00:00:00,2021,4,25,Conflict,7401,6711,Afar,ET02,SA,Active
35043,Countrywide monitoring,Ethiopia,ETH,Addis Ababa,ET14,Region 14,ET1401,2,5853,2021-04-30T00:00:00,2021,4,25,Conflict,2944,2909,Somali,ET05,SA,Active
55878,Northern Ethiopia Crisis,Ethiopia,ETH,Tigray,ET01,Central,ET0102,2,282420,2021-04-30T00:00:00,2021,4,5,Conflict,136693,145727,Tigray,ET01,SA,Active
55876,Northern Ethiopia Crisis,Ethiopia,ETH,Tigray,ET01,Central,ET0102,2,14212,2021-04-30T00:00:00,2021,4,5,Conflict,6822,7390,Not available,Not available,SA,Active
55883,Northern Ethiopia Crisis,Ethiopia,ETH,Tigray,ET01,Eastern,ET0103,2,92384,2021-04-30T00:00:00,2021,4,5,Conflict,46348,46036,Tigray,ET01,SA,Active
55892,Northern Ethiopia Crisis,Ethiopia,ETH,Tigray,ET01,Mekelle,ET0107,2,200909,2021-04-30T00:00:00,2021,4,5,Conflict,98483,102426,Tigray,ET01,SA,Active
55860,Northern Ethiopia Crisis,Ethiopia,ETH,Amhara,ET03,West Gondar,ET0312,2,370,2021-04-30T00:00:00,2021,4,5,Conflict,194,176,Amhara,ET03,SA,Active
55865,Northern Ethiopia Crisis,Ethiopia,ETH,Amhara,ET03,West Gondar,ET0312,2,377,2021-04-30T00:00:00,2021,4,5,Conflict,213,164,Tigray,ET01,SA,Active
55821,Northern Ethiopia Crisis,Ethiopia,ETH,Amhara,ET03,North Gondar,ET0301,2,15844,2021-04-30T00:00:00,2021,4,5,Conflict,7822,8022,Tigray,ET01,SA,Active
55847,Northern Ethiopia Crisis,Ethiopia,ETH,Amhara,ET03,Wag Hamra,ET0308,2,1456,2021-04-30T00:00:00,2021,4,5,Conflict,712,744,Tigray,ET01,SA,Active
73692,Countrywide monitoring,Ethiopia,ETH,Amhara,ET03,North Wello,ET0303,2,171,2021-04-30T00:00:00,2021,4,25,Conflict,72,99,Amhara,ET03,SA,Active
73720,Countrywide monitoring,Ethiopia,ETH,Amhara,ET03,North Wello,ET0303,2,4910,2021-04-30T00:00:00,2021,4,25,Conflict,2419,2491,Oromia,ET04,SA,Active
73690,Countrywide monitoring,Ethiopia,ETH,Amhara,ET03,North Wello,ET0303,2,160,2021-04-30T00:00:00,2021,4,25,Conflict,84,76,Not available,Not available,SA,Active
73805,Countrywide monitoring,Ethiopia,ETH,Amhara,ET03,South Gondar,ET0302,2,215,2021-04-30T00:00:00,2021,4,25,Conflict,108,107,Not available,Not available,SA,Active
73793,Countrywide monitoring,Ethiopia,ETH,Amhara,ET03,South Gondar,ET0302,2,80,2021-04-30T00:00:00,2021,4,25,Conflict,43,37,Amhara,ET03,SA,Active
73828,Countrywide monitoring,Ethiopia,ETH,Amhara,ET03,South Gondar,ET0302,2,6228,2021-04-30T00:00:00,2021,4,25,Conflict,3088,3140,Benishangul-Gumuz,ET06,SA,Active
73832,Countrywide monitoring,Ethiopia,ETH,Amhara,ET03,South Gondar,ET0302,2,9365,2021-04-30T00:00:00,2021,4,25,Conflict,4772,4593,Oromia,ET04,SA,Active
73844,Countrywide monitoring,Ethiopia,ETH,Amhara,ET03,South Wello,ET0304,2,58,2021-04-30T00:00:00,2021,4,25,Conflict,30,28,Somali,ET05,SA,Active
74080,Countrywide monitoring,Ethiopia,ETH,South West Ethiopia People,ET11,Sheka,ET1101,2,9163,2021-04-30T00:00:00,2021,4,25,Conflict,3942,5221,Not available,Not available,SA,Active
74095,Countrywide monitoring,Ethiopia,ETH,South West Ethiopia People,ET11,West Omo,ET1105,2,780,2021-04-30T00:00:00,2021,4,25,Conflict,348,432,Not available,Not available,SA,Active
74045,Countrywide monitoring,Ethiopia,ETH,Oromia,ET04,South West Shewa,ET0413,2,223,2021-04-30T00:00:00,2021,4,25,Conflict,109,114,Somali,ET05,SA,Active
73913,Countrywide monitoring,Ethiopia,ETH,Oromia,ET04,Jimma,ET0404,2,13644,2021-04-30T00:00:00,2021,4,25,Natural disaster,6539,7105,Oromia,ET04,SA,Active
73978,Countrywide monitoring,Ethiopia,ETH,Oromia,ET04,North Shewa (OR),ET0406,2,804,2021-04-30T00:00:00,2021,4,25,Conflict,413,391,Somali,ET05,SA,Active
142336,Northern Ethiopia Crisis,Ethiopia,ETH,Tigray,ET01,Southern,ET0104,2,13388,2021-04-30T00:00:00,2021,4,5,Conflict,6428,6960,Tigray,ET01,SA,Active
142331,Northern Ethiopia Crisis,Ethiopia,ETH,Tigray,ET01,South Eastern,ET0106,2,7253,2021-04-30T00:00:00,2021,4,5,Conflict,3482,3771,Tigray,ET01,SA,Active
142323,Northern Ethiopia Crisis,Ethiopia,ETH,Tigray,ET01,North Western,ET0101,2,969448,2021-04-30T00:00:00,2021,4,5,Conflict,457404,512044,Tigray,ET01,SA,Active
141124,Countrywide monitoring,Ethiopia,ETH,South Ethiopia People,ET08,Burji,ET0810,2,1073,2021-04-30T00:00:00,2021,4,25,Conflict,527,546,Oromia,ET04,SA,Active
142314,Northern Ethiopia Crisis,Ethiopia,ETH,Tigray,ET01,North Western,ET0101,2,3501,2021-04-30T00:00:00,2021,4,5,Conflict,1720,1781,Amhara,ET03,SA,Active
141080,Countrywide monitoring,Ethiopia,ETH,Oromia,ET04,Jimma,ET0404,2,322,2021-04-30T00:00:00,2021,4,25,Conflict,148,174,Somali,ET05,SA,Active
141103,Countrywide monitoring,Ethiopia,ETH,Oromia,ET04,Jimma,ET0404,2,5127,2021-04-30T00:00:00,2021,4,25,Other reason,2579,2548,Oromia,ET04,SA,Active
141014,Countrywide monitoring,Ethiopia,ETH,Oromia,ET04,Guji,ET0414,2,9525,2021-04-30T00:00:00,2021,4,25,Conflict,5063,4462,Oromia,ET04,SA,Active
141004,Countrywide monitoring,Ethiopia,ETH,Oromia,ET04,Guji,ET0414,2,6376,2021-04-30T00:00:00,2021,4,25,Conflict,3278,3098,Somali,ET05,SA,Active
150357,Countrywide monitoring,Ethiopia,ETH,South West Ethiopia People,ET11,Bench Sheko,ET1103,2,9944,2021-04-30T00:00:00,2021,4,25,Conflict,4499,5445,Not available,Not available,SA,Active
150336,Countrywide monitoring,Ethiopia,ETH,South West Ethiopia People,ET11,Bench Sheko,ET1103,2,204,2021-04-30T00:00:00,2021,4,25,Natural disaster,93,111,Not available,Not available,SA,Active
150329,Countrywide monitoring,Ethiopia,ETH,South Ethiopia People,ET08,Wolayita,ET0801,2,10284,2021-04-30T00:00:00,2021,4,25,Natural disaster,5249,5035,Not available,Not available,SA,Active
150316,Countrywide monitoring,Ethiopia,ETH,South Ethiopia People,ET08,Wolayita,ET0801,2,2314,2021-04-30T00:00:00,2021,4,25,Conflict,1198,1116,Afar,ET02,SA,Active
150304,Countrywide monitoring,Ethiopia,ETH,South Ethiopia People,ET08,South Omo,ET0812,2,65001,2021-04-30T00:00:00,2021,4,25,Natural disaster,32437,32564,Not available,Not available,SA,Active
150286,Countrywide monitoring,Ethiopia,ETH,South Ethiopia People,ET08,Konso,ET0809,2,29663,2021-04-30T00:00:00,2021,4,25,Conflict,14901,14762,Not available,Not available,SA,Active
150256,Countrywide monitoring,Ethiopia,ETH,South Ethiopia People,ET08,Gamo,ET0802,2,1833,2021-04-30T00:00:00,2021,4,25,Natural disaster,890,943,Not available,Not available,SA,Active
150250,Countrywide monitoring,Ethiopia,ETH,South Ethiopia People,ET08,Derashe,ET0807,2,10793,2021-04-30T00:00:00,2021,4,25,Conflict,5499,5294,Not available,Not available,SA,Active
140870,Countrywide monitoring,Ethiopia,ETH,Amhara,ET03,North Shewa (AM),ET0305,2,936,2021-04-30T00:00:00,2021,4,25,Conflict,466,470,Not available,Not available,SA,Active
140887,Countrywide monitoring,Ethiopia,ETH,Amhara,ET03,North Shewa (AM),ET0305,2,13729,2021-04-30T00:00:00,2021,4,25,Conflict,6492,7237,Oromia,ET04,SA,Active
140910,Countrywide monitoring,Ethiopia,ETH,Amhara,ET03,North Wello,ET0303,2,78,2021-04-30T00:00:00,2021,4,25,Conflict,39,39,Somali,ET05,SA,Active
140944,Countrywide monitoring,Ethiopia,ETH,Oromia,ET04,Guji,ET0414,2,131,2021-04-30T00:00:00,2021,4,25,Natural disaster,70,61,Oromia,ET04,SA,Active
140956,Countrywide monitoring,Ethiopia,ETH,Oromia,ET04,Guji,ET0414,2,372,2021-04-30T00:00:00,2021,4,25,Economic reasons,187,185,Somali,ET05,SA,Active
140777,Countrywide monitoring,Ethiopia,ETH,Amhara,ET03,East Gojam,ET0306,2,594,2021-04-30T00:00:00,2021,4,25,Natural disaster,282,312,Amhara,ET03,SA,Active
140755,Countrywide monitoring,Ethiopia,ETH,Amhara,ET03,East Gojam,ET0306,2,288,2021-04-30T00:00:00,2021,4,25,Conflict,129,159,Benishangul-Gumuz,ET06,SA,Active
140765,Countrywide monitoring,Ethiopia,ETH,Amhara,ET03,East Gojam,ET0306,2,393,2021-04-30T00:00:00,2021,4,25,Conflict,188,205,Oromia,ET04,SA,Active
138396,Countrywide monitoring,Ethiopia,ETH,Oromia,ET04,West Hararge,ET0409,2,6638,2021-04-30T00:00:00,2021,4,25,Conflict,3273,3365,Somali,ET05,SA,Active
138333,Countrywide monitoring,Ethiopia,ETH,Oromia,ET04,West Guji,ET0415,2,651,2021-04-30T00:00:00,2021,4,25,Conflict,355,296,Not available,Not available,SA,Active
138348,Countrywide monitoring,Ethiopia,ETH,Oromia,ET04,West Guji,ET0415,2,29173,2021-04-30T00:00:00,2021,4,25,Natural disaster,13986,15187,Oromia,ET04,SA,Active
138352,Countrywide monitoring,Ethiopia,ETH,Oromia,ET04,West Guji,ET0415,2,39639,2021-04-30T00:00:00,2021,4,25,Conflict,20627,19012,Oromia,ET04,SA,Active
138321,Countrywide monitoring,Ethiopia,ETH,Oromia,ET04,West Arsi,ET0417,2,15271,2021-04-30T00:00:00,2021,4,25,Conflict,7332,7939,Oromia,ET04,SA,Active
138207,Countrywide monitoring,Ethiopia,ETH,Benishangul-Gumuz,ET06,Assosa,ET0603,2,3719,2021-04-30T00:00:00,2021,4,25,Conflict,1629,2090,Benishangul-Gumuz,ET06,SA,Active
138264,Countrywide monitoring,Ethiopia,ETH,Oromia,ET04,West Arsi,ET0417,2,562,2021-04-30T00:00:00,2021,4,25,Conflict,328,234,Somali,ET05,SA,Active
138251,Countrywide monitoring,Ethiopia,ETH,Oromia,ET04,West Arsi,ET0417,2,382,2021-04-30T00:00:00,2021,4,25,Natural disaster,202,180,Oromia,ET04,SA,Active
138165,Countrywide monitoring,Ethiopia,ETH,Amhara,ET03,West Gojam,ET0307,2,15504,2021-04-30T00:00:00,2021,4,25,Conflict,7352,8152,Oromia,ET04,SA,Active
138166,Countrywide monitoring,Ethiopia,ETH,Amhara,ET03,West Gojam,ET0307,2,44364,2021-04-30T00:00:00,2021,4,25,Conflict,21848,22516,Benishangul-Gumuz,ET06,SA,Active
138182,Countrywide monitoring,Ethiopia,ETH,Amhara,ET03,West Gondar,ET0312,2,342,2021-04-30T00:00:00,2021,4,25,Conflict,176,166,Oromia,ET04,SA,Active
138202,Countrywide monitoring,Ethiopia,ETH,Benishangul-Gumuz,ET06,Assosa,ET0603,2,451,2021-04-30T00:00:00,2021,4,25,Conflict,184,267,Oromia,ET04,SA,Active
138187,Countrywide monitoring,Ethiopia,ETH,Amhara,ET03,West Gondar,ET0312,2,625,2021-04-30T00:00:00,2021,4,25,Conflict,372,253,Amhara,ET03,SA,Active
138101,Countrywide monitoring,Ethiopia,ETH,Amhara,ET03,Wag Hamra,ET0308,2,672,2021-04-30T00:00:00,2021,4,25,Conflict,328,344,Amhara,ET03,SA,Active
138104,Countrywide monitoring,Ethiopia,ETH,Amhara,ET03,Wag Hamra,ET0308,2,949,2021-04-30T00:00:00,2021,4,25,Conflict,497,452,Oromia,ET04,SA,Active
138088,Countrywide monitoring,Ethiopia,ETH,Amhara,ET03,Wag Hamra,ET0308,2,232,2021-04-30T00:00:00,2021,4,25,Conflict,106,126,Benishangul-Gumuz,ET06,SA,Active
138066,Countrywide monitoring,Ethiopia,ETH,Amhara,ET03,South Wello,ET0304,2,3031,2021-04-30T00:00:00,2021,4,25,Conflict,1508,1523,Oromia,ET04,SA,Active
136761,Countrywide monitoring,Ethiopia,ETH,Central Ethiopia,ET07,Hadiya,ET0702,2,3452,2021-04-30T00:00:00,2021,4,25,Conflict,1841,1611,Not available,Not available,SA,Active
136763,Countrywide monitoring,Ethiopia,ETH,Central Ethiopia,ET07,Hadiya,ET0702,2,3815,2021-04-30T00:00:00,2021,4,25,Natural disaster,2005,1810,Central Ethiopia,ET07,SA,Active
136823,Countrywide monitoring,Ethiopia,ETH,Oromia,ET04,West Hararge,ET0409,2,16937,2021-04-30T00:00:00,2021,4,25,Conflict,8485,8452,Oromia,ET04,SA,Active
136804,Countrywide monitoring,Ethiopia,ETH,Central Ethiopia,ET07,Kembata,ET0703,2,5487,2021-04-30T00:00:00,2021,4,25,Conflict,2909,2578,Not available,Not available,SA,Active
136863,Countrywide monitoring,Ethiopia,ETH,Oromia,ET04,West Shewa,ET0405,2,349,2021-04-30T00:00:00,2021,4,25,Conflict,227,122,Somali,ET05,SA,Active
136900,Countrywide monitoring,Ethiopia,ETH,Oromia,ET04,West Wellega,ET0401,2,2571,2021-04-30T00:00:00,2021,4,25,Conflict,1284,1287,Oromia,ET04,SA,Active
136875,Countrywide monitoring,Ethiopia,ETH,Oromia,ET04,West Shewa,ET0405,2,566,2021-04-30T00:00:00,2021,4,25,Natural disaster,278,288,Oromia,ET04,SA,Active
136916,Countrywide monitoring,Ethiopia,ETH,Oromia,ET04,West Wellega,ET0401,2,30755,2021-04-30T00:00:00,2021,4,25,Conflict,14041,16714,Benishangul-Gumuz,ET06,SA,Active
136947,Countrywide monitoring,Ethiopia,ETH,Sidama,ET16,Sidama,ET1600,2,662,2021-04-30T00:00:00,2021,4,25,Natural disaster,338,324,Not available,Not available,SA,Active
136949,Countrywide monitoring,Ethiopia,ETH,Sidama,ET16,Sidama,ET1600,2,840,2021-04-30T00:00:00,2021,4,25,Natural disaster,426,414,Afar,ET02,SA,Active
136971,Countrywide monitoring,Ethiopia,ETH,Sidama,ET16,Sidama,ET1600,2,27102,2021-04-30T00:00:00,2021,4,25,Conflict,14639,12463,Afar,ET02,SA,Active
136999,Countrywide monitoring,Ethiopia,ETH,Somali,ET05,Afder,ET0508,2,3265,2021-04-30T00:00:00,2021,4,25,Conflict,1501,1764,Somali,ET05,SA,Active
138045,Countrywide monitoring,Ethiopia,ETH,Amhara,ET03,South Wello,ET0304,2,605,2021-04-30T00:00:00,2021,4,25,Conflict,303,302,Not available,Not available,SA,Active
136750,Countrywide monitoring,Ethiopia,ETH,Central Ethiopia,ET07,Hadiya,ET0702,2,1218,2021-04-30T00:00:00,2021,4,25,Conflict,587,631,Somali,ET05,SA,Active
136700,Countrywide monitoring,Ethiopia,ETH,Central Ethiopia,ET07,Guraghe,ET0701,2,3452,2021-04-30T00:00:00,2021,4,25,Conflict,1656,1796,Oromia,ET04,SA,Active
136712,Countrywide monitoring,Ethiopia,ETH,Central Ethiopia,ET07,Guraghe,ET0701,2,9222,2021-04-30T00:00:00,2021,4,25,Conflict,4715,4507,Central Ethiopia,ET07,SA,Active
135449,Countrywide monitoring,Ethiopia,ETH,Somali,ET05,Doolo,ET0507,2,50258,2021-04-30T00:00:00,2021,4,25,Natural disaster,24227,26031,Somali,ET05,SA,Active
136647,Countrywide monitoring,Ethiopia,ETH,Benishangul-Gumuz,ET06,Kamashi,ET0604,2,169,2021-04-30T00:00:00,2021,4,25,Conflict,92,77,Amhara,ET03,SA,Active
136650,Countrywide monitoring,Ethiopia,ETH,Benishangul-Gumuz,ET06,Kamashi,ET0604,2,865,2021-04-30T00:00:00,2021,4,25,Conflict,402,463,Benishangul-Gumuz,ET06,SA,Active
136656,Countrywide monitoring,Ethiopia,ETH,Benishangul-Gumuz,ET06,Kamashi,ET0604,2,3608,2021-04-30T00:00:00,2021,4,25,Conflict,1747,1861,Oromia,ET04,SA,Active
135428,Countrywide monitoring,Ethiopia,ETH,Somali,ET05,Doolo,ET0507,2,3265,2021-04-30T00:00:00,2021,4,25,Conflict,1651,1614,Somali,ET05,SA,Active
135411,Countrywide monitoring,Ethiopia,ETH,Somali,ET05,Daawa,ET0511,2,110033,2021-04-30T00:00:00,2021,4,25,Conflict,54460,55573,Oromia,ET04,SA,Active
135388,Countrywide monitoring,Ethiopia,ETH,Somali,ET05,Daawa,ET0511,2,36652,2021-04-30T00:00:00,2021,4,25,Conflict,18799,17853,Somali,ET05,SA,Active
135342,Countrywide monitoring,Ethiopia,ETH,Somali,ET05,Daawa,ET0511,2,464,2021-04-30T00:00:00,2021,4,25,Natural disaster,207,257,Somali,ET05,SA,Active
135302,Countrywide monitoring,Ethiopia,ETH,Somali,ET05,Afder,ET0508,2,10576,2021-04-30T00:00:00,2021,4,25,Conflict,5169,5407,Oromia,ET04,SA,Active
135329,Countrywide monitoring,Ethiopia,ETH,Somali,ET05,Afder,ET0508,2,59874,2021-04-30T00:00:00,2021,4,25,Natural disaster,29991,29883,Somali,ET05,SA,Active
142315,Northern Ethiopia Crisis,Ethiopia,ETH,Tigray,ET01,North Western,ET0101,2,16742,2021-05-30T00:00:00,2021,5,6,Conflict,8036,8706,Amhara,ET03,SA,Active
142324,Northern Ethiopia Crisis,Ethiopia,ETH,Tigray,ET01,North Western,ET0101,2,1062017,2021-05-30T00:00:00,2021,5,6,Conflict,500232,561785,Tigray,ET01,SA,Active
142330,Northern Ethiopia Crisis,Ethiopia,ETH,Tigray,ET01,South Eastern,ET0106,2,6903,2021-05-30T00:00:00,2021,5,6,Conflict,1635,5268,Tigray,ET01,SA,Active
142344,Northern Ethiopia Crisis,Ethiopia,ETH,Tigray,ET01,Western,ET0105,2,3596,2021-05-30T00:00:00,2021,5,6,Conflict,2192,1404,Tigray,ET01,SA,Active
142340,Northern Ethiopia Crisis,Ethiopia,ETH,Tigray,ET01,Southern,ET0104,2,43720,2021-05-30T00:00:00,2021,5,6,Conflict,20705,23015,Tigray,ET01,SA,Active
55848,Northern Ethiopia Crisis,Ethiopia,ETH,Amhara,ET03,Wag Hamra,ET0308,2,2702,2021-05-30T00:00:00,2021,5,6,Conflict,880,1822,Tigray,ET01,SA,Active
55815,Northern Ethiopia Crisis,Ethiopia,ETH,Amhara,ET03,North Gondar,ET0301,2,6984,2021-05-30T00:00:00,2021,5,6,Conflict,3425,3559,Tigray,ET01,SA,Active
55866,Northern Ethiopia Crisis,Ethiopia,ETH,Amhara,ET03,West Gondar,ET0312,2,377,2021-05-30T00:00:00,2021,5,6,Conflict,196,181,Amhara,ET03,SA,Active
55861,Northern Ethiopia Crisis,Ethiopia,ETH,Amhara,ET03,West Gondar,ET0312,2,370,2021-05-30T00:00:00,2021,5,6,Conflict,209,161,Tigray,ET01,SA,Active
55893,Northern Ethiopia Crisis,Ethiopia,ETH,Tigray,ET01,Mekelle,ET0107,2,267595,2021-05-30T00:00:00,2021,5,6,Conflict,120214,147381,Tigray,ET01,SA,Active
55885,Northern Ethiopia Crisis,Ethiopia,ETH,Tigray,ET01,Eastern,ET0103,2,116568,2021-05-30T00:00:00,2021,5,6,Conflict,48656,67912,Tigray,ET01,SA,Active
55880,Northern Ethiopia Crisis,Ethiopia,ETH,Tigray,ET01,Central,ET0102,2,401079,2021-05-30T00:00:00,2021,5,6,Conflict,193857,207222,Tigray,ET01,SA,Active
55774,Northern Ethiopia Crisis,Ethiopia,ETH,Afar,ET02,Fanti /Zone 4,ET0204,2,16800,2021-05-30T00:00:00,2021,5,6,Conflict,8592,8208,Afar,ET02,SA,Active
55793,Northern Ethiopia Crisis,Ethiopia,ETH,Afar,ET02,Kilbati /Zone2,ET0202,2,30377,2021-05-30T00:00:00,2021,5,6,Conflict,16681,13696,Tigray,ET01,SA,Active
55776,Northern Ethiopia Crisis,Ethiopia,ETH,Afar,ET02,Gabi /Zone 3,ET0203,2,2466,2021-05-30T00:00:00,2021,5,6,Conflict,1257,1209,Afar,ET02,SA,Active
55808,Northern Ethiopia Crisis,Ethiopia,ETH,Amhara,ET03,Central Gondar,ET0311,2,11872,2021-05-30T00:00:00,2021,5,6,Conflict,5895,5977,Tigray,ET01,SA,Active
55805,Northern Ethiopia Crisis,Ethiopia,ETH,Amhara,ET03,Central Gondar,ET0311,2,3021,2021-06-30T00:00:00,2021,6,7,Conflict,1498,1523,Tigray,ET01,SA,Active
55786,Northern Ethiopia Crisis,Ethiopia,ETH,Afar,ET02,Kilbati /Zone2,ET0202,2,7794,2021-06-30T00:00:00,2021,6,7,Conflict,4085,3709,Afar,ET02,SA,Active
55769,Northern Ethiopia Crisis,Ethiopia,ETH,Afar,ET02,Fanti /Zone 4,ET0204,2,9762,2021-06-30T00:00:00,2021,6,7,Conflict,5160,4602,Afar,ET02,SA,Active
55794,Northern Ethiopia Crisis,Ethiopia,ETH,Afar,ET02,Kilbati /Zone2,ET0202,2,31445,2021-06-30T00:00:00,2021,6,7,Conflict,17338,14107,Tigray,ET01,SA,Active
55879,Northern Ethiopia Crisis,Ethiopia,ETH,Tigray,ET01,Central,ET0102,2,393609,2021-06-30T00:00:00,2021,6,7,Conflict,191976,201633,Tigray,ET01,SA,Active
55875,Northern Ethiopia Crisis,Ethiopia,ETH,Tigray,ET01,Central,ET0102,2,10326,2021-06-30T00:00:00,2021,6,7,Conflict,4957,5369,Not available,Not available,SA,Active
55886,Northern Ethiopia Crisis,Ethiopia,ETH,Tigray,ET01,Eastern,ET0103,2,173202,2021-06-30T00:00:00,2021,6,7,Conflict,105972,67230,Tigray,ET01,SA,Active
55862,Northern Ethiopia Crisis,Ethiopia,ETH,Amhara,ET03,West Gondar,ET0312,2,370,2021-06-30T00:00:00,2021,6,7,Conflict,209,161,Tigray,ET01,SA,Active
55867,Northern Ethiopia Crisis,Ethiopia,ETH,Amhara,ET03,West Gondar,ET0312,2,377,2021-06-30T00:00:00,2021,6,7,Conflict,196,181,Amhara,ET03,SA,Active
55819,Northern Ethiopia Crisis,Ethiopia,ETH,Amhara,ET03,North Gondar,ET0301,2,12954,2021-06-30T00:00:00,2021,6,7,Conflict,6206,6748,Tigray,ET01,SA,Active
55850,Northern Ethiopia Crisis,Ethiopia,ETH,Amhara,ET03,Wag Hamra,ET0308,2,3266,2021-06-30T00:00:00,2021,6,7,Conflict,1833,1433,Tigray,ET01,SA,Active
55896,Northern Ethiopia Crisis,Ethiopia,ETH,Tigray,ET01,Mekelle,ET0107,2,295979,2021-06-30T00:00:00,2021,6,7,Conflict,167581,128398,Tigray,ET01,SA,Active
55897,Northern Ethiopia Crisis,Ethiopia,ETH,Tigray,ET01,North Western,ET0101,2,2595,2021-06-30T00:00:00,2021,6,7,Conflict,1227,1368,Amhara,ET03,SA,Active
142341,Northern Ethiopia Crisis,Ethiopia,ETH,Tigray,ET01,Southern,ET0104,2,52190,2021-06-30T00:00:00,2021,6,7,Conflict,29851,22339,Tigray,ET01,SA,Active
142345,Northern Ethiopia Crisis,Ethiopia,ETH,Tigray,ET01,Western,ET0105,2,3596,2021-06-30T00:00:00,2021,6,7,Conflict,2192,1404,Tigray,ET01,SA,Active
142332,Northern Ethiopia Crisis,Ethiopia,ETH,Tigray,ET01,South Eastern,ET0106,2,15601,2021-06-30T00:00:00,2021,6,7,Conflict,10261,5340,Tigray,ET01,SA,Active
142325,Northern Ethiopia Crisis,Ethiopia,ETH,Tigray,ET01,North Western,ET0101,2,1089300,2021-06-30T00:00:00,2021,6,7,Conflict,520942,568358,Tigray,ET01,SA,Active
141105,Countrywide monitoring,Ethiopia,ETH,South Ethiopia People,ET08,Ari,ET0805,2,132,2021-07-30T00:00:00,2021,7,26,Natural disaster,61,71,Not available,Not available,SA,Active
141094,Countrywide monitoring,Ethiopia,ETH,Oromia,ET04,Jimma,ET0404,2,4537,2021-07-30T00:00:00,2021,7,26,Other reason,2254,2283,Oromia,ET04,SA,Active
141073,Countrywide monitoring,Ethiopia,ETH,Oromia,ET04,Jimma,ET0404,2,168,2021-07-30T00:00:00,2021,7,26,Conflict,78,90,Oromia,ET04,SA,Active
141079,Countrywide monitoring,Ethiopia,ETH,Oromia,ET04,Jimma,ET0404,2,318,2021-07-30T00:00:00,2021,7,26,Conflict,153,165,Somali,ET05,SA,Active
141007,Countrywide monitoring,Ethiopia,ETH,Oromia,ET04,Guji,ET0414,2,6606,2021-07-30T00:00:00,2021,7,26,Conflict,3534,3072,Somali,ET05,SA,Active
141012,Countrywide monitoring,Ethiopia,ETH,Oromia,ET04,Guji,ET0414,2,8635,2021-07-30T00:00:00,2021,7,26,Conflict,4093,4542,Oromia,ET04,SA,Active
150252,Countrywide monitoring,Ethiopia,ETH,South Ethiopia People,ET08,Derashe,ET0807,2,12026,2021-07-30T00:00:00,2021,7,26,Conflict,6336,5690,Not available,Not available,SA,Active
150237,Countrywide monitoring,Ethiopia,ETH,South Ethiopia People,ET08,Burji,ET0810,2,1365,2021-07-30T00:00:00,2021,7,26,Conflict,699,666,Oromia,ET04,SA,Active
150266,Countrywide monitoring,Ethiopia,ETH,South Ethiopia People,ET08,Gamo,ET0802,2,2455,2021-07-30T00:00:00,2021,7,26,Natural disaster,1247,1208,Not available,Not available,SA,Active
150277,Countrywide monitoring,Ethiopia,ETH,South Ethiopia People,ET08,Konso,ET0809,2,9044,2021-07-30T00:00:00,2021,7,26,Conflict,4715,4329,Not available,Not available,SA,Active
150303,Countrywide monitoring,Ethiopia,ETH,South Ethiopia People,ET08,South Omo,ET0812,2,63990,2021-07-30T00:00:00,2021,7,26,Natural disaster,32987,31003,Not available,Not available,SA,Active
150314,Countrywide monitoring,Ethiopia,ETH,South Ethiopia People,ET08,Wolayita,ET0801,2,2259,2021-07-30T00:00:00,2021,7,26,Conflict,1155,1104,Afar,ET02,SA,Active
150325,Countrywide monitoring,Ethiopia,ETH,South Ethiopia People,ET08,Wolayita,ET0801,2,9203,2021-07-30T00:00:00,2021,7,26,Natural disaster,4623,4580,Not available,Not available,SA,Active
150340,Countrywide monitoring,Ethiopia,ETH,South West Ethiopia People,ET11,Bench Sheko,ET1103,2,313,2021-07-30T00:00:00,2021,7,26,Natural disaster,134,179,Not available,Not available,SA,Active
150361,Countrywide monitoring,Ethiopia,ETH,South West Ethiopia People,ET11,Bench Sheko,ET1103,2,23335,2021-07-30T00:00:00,2021,7,26,Conflict,10522,12813,Not available,Not available,SA,Active
135328,Countrywide monitoring,Ethiopia,ETH,Somali,ET05,Afder,ET0508,2,58847,2021-07-30T00:00:00,2021,7,26,Natural disaster,28435,30412,Somali,ET05,SA,Active
135340,Countrywide monitoring,Ethiopia,ETH,Somali,ET05,Daawa,ET0511,2,384,2021-07-30T00:00:00,2021,7,26,Natural disaster,187,197,Somali,ET05,SA,Active
135375,Countrywide monitoring,Ethiopia,ETH,Somali,ET05,Daawa,ET0511,2,28740,2021-07-30T00:00:00,2021,7,26,Conflict,14077,14663,Somali,ET05,SA,Active
135408,Countrywide monitoring,Ethiopia,ETH,Somali,ET05,Daawa,ET0511,2,100726,2021-07-30T00:00:00,2021,7,26,Conflict,48342,52384,Oromia,ET04,SA,Active
135448,Countrywide monitoring,Ethiopia,ETH,Somali,ET05,Doolo,ET0507,2,49996,2021-07-30T00:00:00,2021,7,26,Natural disaster,24542,25454,Somali,ET05,SA,Active
136713,Countrywide monitoring,Ethiopia,ETH,Central Ethiopia,ET07,Guraghe,ET0701,2,14471,2021-07-30T00:00:00,2021,7,26,Conflict,7047,7424,Central Ethiopia,ET07,SA,Active
136702,Countrywide monitoring,Ethiopia,ETH,Central Ethiopia,ET07,Guraghe,ET0701,2,3975,2021-07-30T00:00:00,2021,7,26,Conflict,2000,1975,Oromia,ET04,SA,Active
136686,Countrywide monitoring,Ethiopia,ETH,Central Ethiopia,ET07,Guraghe,ET0701,2,123,2021-07-30T00:00:00,2021,7,26,Natural disaster,50,73,Central Ethiopia,ET07,SA,Active
136746,Countrywide monitoring,Ethiopia,ETH,Central Ethiopia,ET07,Hadiya,ET0702,2,969,2021-07-30T00:00:00,2021,7,26,Conflict,457,512,Somali,ET05,SA,Active
136732,Countrywide monitoring,Ethiopia,ETH,Central Ethiopia,ET07,Hadiya,ET0702,2,405,2021-07-30T00:00:00,2021,7,26,Conflict,183,222,Dire Dawa,ET15,SA,Active
138052,Countrywide monitoring,Ethiopia,ETH,Amhara,ET03,South Wello,ET0304,2,1066,2021-07-30T00:00:00,2021,7,26,Conflict,477,589,Afar,ET02,SA,Active
136988,Countrywide monitoring,Ethiopia,ETH,Somali,ET05,Afder,ET0508,2,1723,2021-07-30T00:00:00,2021,7,26,Conflict,932,791,Somali,ET05,SA,Active
136972,Countrywide monitoring,Ethiopia,ETH,Sidama,ET16,Sidama,ET1600,2,27356,2021-07-30T00:00:00,2021,7,26,Conflict,14071,13285,Afar,ET02,SA,Active
136950,Countrywide monitoring,Ethiopia,ETH,Sidama,ET16,Sidama,ET1600,2,1067,2021-07-30T00:00:00,2021,7,26,Natural disaster,555,512,Afar,ET02,SA,Active
136948,Countrywide monitoring,Ethiopia,ETH,Sidama,ET16,Sidama,ET1600,2,681,2021-07-30T00:00:00,2021,7,26,Natural disaster,337,344,Sidama,ET16,SA,Active
136942,Countrywide monitoring,Ethiopia,ETH,Sidama,ET16,Sidama,ET1600,2,460,2021-07-30T00:00:00,2021,7,26,Conflict,229,231,Not available,Not available,SA,Active
136923,Countrywide monitoring,Ethiopia,ETH,Oromia,ET04,West Wellega,ET0401,2,47015,2021-07-30T00:00:00,2021,7,26,Conflict,21666,25349,Benishangul-Gumuz,ET06,SA,Active
136895,Countrywide monitoring,Ethiopia,ETH,Oromia,ET04,West Wellega,ET0401,2,1693,2021-07-30T00:00:00,2021,7,26,Conflict,805,888,Oromia,ET04,SA,Active
136876,Countrywide monitoring,Ethiopia,ETH,Oromia,ET04,West Shewa,ET0405,2,566,2021-07-30T00:00:00,2021,7,26,Natural disaster,278,288,Oromia,ET04,SA,Active
136864,Countrywide monitoring,Ethiopia,ETH,Oromia,ET04,West Shewa,ET0405,2,349,2021-07-30T00:00:00,2021,7,26,Conflict,227,122,Somali,ET05,SA,Active
136803,Countrywide monitoring,Ethiopia,ETH,Central Ethiopia,ET07,Kembata,ET0703,2,5469,2021-07-30T00:00:00,2021,7,26,Conflict,2720,2749,Not available,Not available,SA,Active
136824,Countrywide monitoring,Ethiopia,ETH,Oromia,ET04,West Hararge,ET0409,2,16937,2021-07-30T00:00:00,2021,7,26,Conflict,8486,8451,Oromia,ET04,SA,Active
136768,Countrywide monitoring,Ethiopia,ETH,Central Ethiopia,ET07,Hadiya,ET0702,2,3915,2021-07-30T00:00:00,2021,7,26,Natural disaster,2044,1871,Central Ethiopia,ET07,SA,Active
136775,Countrywide monitoring,Ethiopia,ETH,Central Ethiopia,ET07,Hadiya,ET0702,2,4429,2021-07-30T00:00:00,2021,7,26,Conflict,2238,2191,Not available,Not available,SA,Active
138068,Countrywide monitoring,Ethiopia,ETH,Amhara,ET03,South Wello,ET0304,2,6147,2021-07-30T00:00:00,2021,7,26,Conflict,3031,3116,Oromia,ET04,SA,Active
138102,Countrywide monitoring,Ethiopia,ETH,Amhara,ET03,Wag Hamra,ET0308,2,861,2021-07-30T00:00:00,2021,7,26,Conflict,457,404,Amhara,ET03,SA,Active
138103,Countrywide monitoring,Ethiopia,ETH,Amhara,ET03,Wag Hamra,ET0308,2,881,2021-07-30T00:00:00,2021,7,26,Conflict,442,439,Oromia,ET04,SA,Active
138193,Countrywide monitoring,Ethiopia,ETH,Amhara,ET03,West Gondar,ET0312,2,970,2021-07-30T00:00:00,2021,7,26,Conflict,554,416,Amhara,ET03,SA,Active
138183,Countrywide monitoring,Ethiopia,ETH,Amhara,ET03,West Gondar,ET0312,2,342,2021-07-30T00:00:00,2021,7,26,Conflict,176,166,Oromia,ET04,SA,Active
138168,Countrywide monitoring,Ethiopia,ETH,Amhara,ET03,West Gojam,ET0307,2,62283,2021-07-30T00:00:00,2021,7,26,Conflict,29557,32726,Benishangul-Gumuz,ET06,SA,Active
138170,Countrywide monitoring,Ethiopia,ETH,Amhara,ET03,West Gojam,ET0307,2,90804,2021-07-30T00:00:00,2021,7,26,Conflict,44382,46422,Oromia,ET04,SA,Active
138254,Countrywide monitoring,Ethiopia,ETH,Oromia,ET04,West Arsi,ET0417,2,410,2021-07-30T00:00:00,2021,7,26,Natural disaster,196,214,Oromia,ET04,SA,Active
138266,Countrywide monitoring,Ethiopia,ETH,Oromia,ET04,West Arsi,ET0417,2,568,2021-07-30T00:00:00,2021,7,26,Conflict,330,238,Somali,ET05,SA,Active
138205,Countrywide monitoring,Ethiopia,ETH,Benishangul-Gumuz,ET06,Assosa,ET0603,2,1563,2021-07-30T00:00:00,2021,7,26,Conflict,866,697,Oromia,ET04,SA,Active
138206,Countrywide monitoring,Ethiopia,ETH,Benishangul-Gumuz,ET06,Assosa,ET0603,2,3415,2021-07-30T00:00:00,2021,7,26,Conflict,1713,1702,Benishangul-Gumuz,ET06,SA,Active
138346,Countrywide monitoring,Ethiopia,ETH,Oromia,ET04,West Guji,ET0415,2,20364,2021-07-30T00:00:00,2021,7,26,Natural disaster,10998,9366,Oromia,ET04,SA,Active
138330,Countrywide monitoring,Ethiopia,ETH,Oromia,ET04,West Arsi,ET0417,2,21219,2021-07-30T00:00:00,2021,7,26,Conflict,10526,10693,Oromia,ET04,SA,Active
138342,Countrywide monitoring,Ethiopia,ETH,Oromia,ET04,West Guji,ET0415,2,9906,2021-07-30T00:00:00,2021,7,26,Conflict,5191,4715,Oromia,ET04,SA,Active
138397,Countrywide monitoring,Ethiopia,ETH,Oromia,ET04,West Hararge,ET0409,2,6641,2021-07-30T00:00:00,2021,7,26,Conflict,3313,3328,Somali,ET05,SA,Active
140753,Countrywide monitoring,Ethiopia,ETH,Amhara,ET03,East Gojam,ET0306,2,271,2021-07-30T00:00:00,2021,7,26,Conflict,124,147,Benishangul-Gumuz,ET06,SA,Active
140770,Countrywide monitoring,Ethiopia,ETH,Amhara,ET03,East Gojam,ET0306,2,562,2021-07-30T00:00:00,2021,7,26,Natural disaster,268,294,Amhara,ET03,SA,Active
140780,Countrywide monitoring,Ethiopia,ETH,Amhara,ET03,East Gojam,ET0306,2,4990,2021-07-30T00:00:00,2021,7,26,Conflict,2648,2342,Oromia,ET04,SA,Active
140945,Countrywide monitoring,Ethiopia,ETH,Oromia,ET04,Guji,ET0414,2,131,2021-07-30T00:00:00,2021,7,26,Natural disaster,72,59,Oromia,ET04,SA,Active
140955,Countrywide monitoring,Ethiopia,ETH,Oromia,ET04,Guji,ET0414,2,354,2021-07-30T00:00:00,2021,7,26,Economic reasons,164,190,Somali,ET05,SA,Active
140898,Countrywide monitoring,Ethiopia,ETH,Amhara,ET03,North Shewa (AM),ET0305,2,82217,2021-07-30T00:00:00,2021,7,26,Conflict,39609,42608,Amhara,ET03,SA,Active
140918,Countrywide monitoring,Ethiopia,ETH,Amhara,ET03,North Wello,ET0303,2,117,2021-07-30T00:00:00,2021,7,26,Conflict,60,57,Not available,Not available,SA,Active
140872,Countrywide monitoring,Ethiopia,ETH,Amhara,ET03,North Shewa (AM),ET0305,2,1226,2021-07-30T00:00:00,2021,7,26,Conflict,595,631,Not available,Not available,SA,Active
140878,Countrywide monitoring,Ethiopia,ETH,Amhara,ET03,North Shewa (AM),ET0305,2,4500,2021-07-30T00:00:00,2021,7,26,Conflict,2003,2497,Oromia,ET04,SA,Active
140831,Countrywide monitoring,Ethiopia,ETH,Amhara,ET03,North Shewa (AM),ET0305,2,62,2021-07-30T00:00:00,2021,7,26,Conflict,31,31,Afar,ET02,SA,Active
73695,Countrywide monitoring,Ethiopia,ETH,Amhara,ET03,North Wello,ET0303,2,202,2021-07-30T00:00:00,2021,7,26,Conflict,98,104,Benishangul-Gumuz,ET06,SA,Active
73696,Countrywide monitoring,Ethiopia,ETH,Amhara,ET03,North Wello,ET0303,2,227,2021-07-30T00:00:00,2021,7,26,Conflict,101,126,Amhara,ET03,SA,Active
73722,Countrywide monitoring,Ethiopia,ETH,Amhara,ET03,North Wello,ET0303,2,9100,2021-07-30T00:00:00,2021,7,26,Conflict,4388,4712,Oromia,ET04,SA,Active
73831,Countrywide monitoring,Ethiopia,ETH,Amhara,ET03,South Gondar,ET0302,2,8905,2021-07-30T00:00:00,2021,7,26,Conflict,4542,4363,Benishangul-Gumuz,ET06,SA,Active
73834,Countrywide monitoring,Ethiopia,ETH,Amhara,ET03,South Gondar,ET0302,2,16991,2021-07-30T00:00:00,2021,7,26,Conflict,8749,8242,Oromia,ET04,SA,Active
73843,Countrywide monitoring,Ethiopia,ETH,Amhara,ET03,South Wello,ET0304,2,55,2021-07-30T00:00:00,2021,7,26,Conflict,27,28,Somali,ET05,SA,Active
73864,Countrywide monitoring,Ethiopia,ETH,Amhara,ET03,South Wello,ET0304,2,311,2021-07-30T00:00:00,2021,7,26,Conflict,152,159,Not available,Not available,SA,Active
73798,Countrywide monitoring,Ethiopia,ETH,Amhara,ET03,South Gondar,ET0302,2,95,2021-07-30T00:00:00,2021,7,26,Conflict,47,48,Amhara,ET03,SA,Active
73811,Countrywide monitoring,Ethiopia,ETH,Amhara,ET03,South Gondar,ET0302,2,1480,2021-07-30T00:00:00,2021,7,26,Conflict,785,695,Not available,Not available,SA,Active
73790,Countrywide monitoring,Ethiopia,ETH,Amhara,ET03,Oromia,ET0310,2,13342,2021-07-30T00:00:00,2021,7,26,Conflict,6673,6669,Amhara,ET03,SA,Active
73972,Countrywide monitoring,Ethiopia,ETH,Oromia,ET04,North Shewa (OR),ET0406,2,128,2021-07-30T00:00:00,2021,7,26,Conflict,73,55,Somali,ET05,SA,Active
73909,Countrywide monitoring,Ethiopia,ETH,Oromia,ET04,Jimma,ET0404,2,10881,2021-07-30T00:00:00,2021,7,26,Natural disaster,4696,6185,Oromia,ET04,SA,Active
74046,Countrywide monitoring,Ethiopia,ETH,Oromia,ET04,South West Shewa,ET0413,2,223,2021-07-30T00:00:00,2021,7,26,Conflict,109,114,Somali,ET05,SA,Active
73976,Countrywide monitoring,Ethiopia,ETH,Oromia,ET04,North Shewa (OR),ET0406,2,669,2021-07-30T00:00:00,2021,7,26,Conflict,337,332,Oromia,ET04,SA,Active
74090,Countrywide monitoring,Ethiopia,ETH,South West Ethiopia People,ET11,West Omo,ET1105,2,604,2021-07-30T00:00:00,2021,7,26,Conflict,236,368,Not available,Not available,SA,Active
74079,Countrywide monitoring,Ethiopia,ETH,South West Ethiopia People,ET11,Sheka,ET1101,2,8273,2021-07-30T00:00:00,2021,7,26,Conflict,3482,4791,Not available,Not available,SA,Active
45042,Countrywide monitoring,Ethiopia,ETH,Somali,ET05,Nogob,ET0510,2,25111,2021-07-30T00:00:00,2021,7,26,Natural disaster,11756,13355,Somali,ET05,SA,Active
45038,Countrywide monitoring,Ethiopia,ETH,Somali,ET05,Nogob,ET0510,2,8775,2021-07-30T00:00:00,2021,7,26,Conflict,4419,4356,Oromia,ET04,SA,Active
45034,Countrywide monitoring,Ethiopia,ETH,Somali,ET05,Nogob,ET0510,2,1822,2021-07-30T00:00:00,2021,7,26,Conflict,990,832,Somali,ET05,SA,Active
44997,Countrywide monitoring,Ethiopia,ETH,Somali,ET05,Liban,ET0509,2,79996,2021-07-30T00:00:00,2021,7,26,Conflict,39414,40582,Oromia,ET04,SA,Active
44977,Countrywide monitoring,Ethiopia,ETH,Somali,ET05,Liban,ET0509,2,43702,2021-07-30T00:00:00,2021,7,26,Conflict,21301,22401,Somali,ET05,SA,Active
44949,Countrywide monitoring,Ethiopia,ETH,Somali,ET05,Liban,ET0509,2,15203,2021-07-30T00:00:00,2021,7,26,Natural disaster,7475,7728,Somali,ET05,SA,Active
44832,Countrywide monitoring,Ethiopia,ETH,Oromia,ET04,East Bale,ET0421,2,10769,2021-07-30T00:00:00,2021,7,26,Conflict,4132,6637,Somali,ET05,SA,Active
44823,Countrywide monitoring,Ethiopia,ETH,Oromia,ET04,East Bale,ET0421,2,3263,2021-07-30T00:00:00,2021,7,26,Conflict,1563,1700,Oromia,ET04,SA,Active
44900,Countrywide monitoring,Ethiopia,ETH,Somali,ET05,Korahe,ET0505,2,19083,2021-07-30T00:00:00,2021,7,26,Natural disaster,9402,9681,Somali,ET05,SA,Active
44882,Countrywide monitoring,Ethiopia,ETH,Somali,ET05,Korahe,ET0505,2,381,2021-07-30T00:00:00,2021,7,26,Conflict,189,192,Oromia,ET04,SA,Active
35080,Countrywide monitoring,Ethiopia,ETH,Afar,ET02,Awsi /Zone 1,ET0201,2,13844,2021-07-30T00:00:00,2021,7,26,Conflict,6807,7037,Afar,ET02,SA,Active
35094,Countrywide monitoring,Ethiopia,ETH,Afar,ET02,Awsi /Zone 1,ET0201,2,22454,2021-07-30T00:00:00,2021,7,26,Natural disaster,11342,11112,Afar,ET02,SA,Active
35134,Countrywide monitoring,Ethiopia,ETH,Afar,ET02,Fanti /Zone 4,ET0204,2,7653,2021-07-30T00:00:00,2021,7,26,Natural disaster,3813,3840,Afar,ET02,SA,Active
35154,Countrywide monitoring,Ethiopia,ETH,Afar,ET02,Gabi /Zone 3,ET0203,2,13816,2021-07-30T00:00:00,2021,7,26,Conflict,7164,6652,Afar,ET02,SA,Active
35184,Countrywide monitoring,Ethiopia,ETH,Afar,ET02,Gabi /Zone 3,ET0203,2,47166,2021-07-30T00:00:00,2021,7,26,Natural disaster,25988,21178,Afar,ET02,SA,Active
35199,Countrywide monitoring,Ethiopia,ETH,Afar,ET02,Hari /Zone 5,ET0205,2,294,2021-07-30T00:00:00,2021,7,26,Conflict,150,144,Afar,ET02,SA,Active
44729,Countrywide monitoring,Ethiopia,ETH,Oromia,ET04,Borena,ET0412,2,10056,2021-07-30T00:00:00,2021,7,26,Conflict,5698,4358,Oromia,ET04,SA,Active
44803,Countrywide monitoring,Ethiopia,ETH,Oromia,ET04,Buno Bedele,ET0416,2,7532,2021-07-30T00:00:00,2021,7,26,Natural disaster,3745,3787,Oromia,ET04,SA,Active
44781,Countrywide monitoring,Ethiopia,ETH,Oromia,ET04,Borena,ET0412,2,122620,2021-07-30T00:00:00,2021,7,26,Conflict,68781,53839,Somali,ET05,SA,Active
131256,Countrywide monitoring,Ethiopia,ETH,Oromia,ET04,East Hararge,ET0410,2,64164,2021-07-30T00:00:00,2021,7,26,Conflict,31947,32217,Somali,ET05,SA,Active
131245,Countrywide monitoring,Ethiopia,ETH,Oromia,ET04,East Hararge,ET0410,2,52053,2021-07-30T00:00:00,2021,7,26,Conflict,26524,25529,Oromia,ET04,SA,Active
131232,Countrywide monitoring,Ethiopia,ETH,Oromia,ET04,East Hararge,ET0410,2,1535,2021-07-30T00:00:00,2021,7,26,Natural disaster,788,747,Somali,ET05,SA,Active
131163,Countrywide monitoring,Ethiopia,ETH,Amhara,ET03,Central Gondar,ET0311,2,936,2021-07-30T00:00:00,2021,7,26,Conflict,458,478,Benishangul-Gumuz,ET06,SA,Active
131169,Countrywide monitoring,Ethiopia,ETH,Amhara,ET03,Central Gondar,ET0311,2,1340,2021-07-30T00:00:00,2021,7,26,Conflict,686,654,Amhara,ET03,SA,Active
131417,Countrywide monitoring,Ethiopia,ETH,Somali,ET05,Shabelle,ET0506,2,91879,2021-07-30T00:00:00,2021,7,26,Natural disaster,47087,44792,Somali,ET05,SA,Active
131395,Countrywide monitoring,Ethiopia,ETH,Somali,ET05,Shabelle,ET0506,2,1547,2021-07-30T00:00:00,2021,7,26,Conflict,786,761,Oromia,ET04,SA,Active
131314,Countrywide monitoring,Ethiopia,ETH,Oromia,ET04,East Shewa,ET0407,2,1466,2021-07-30T00:00:00,2021,7,26,Conflict,763,703,Oromia,ET04,SA,Active
131319,Countrywide monitoring,Ethiopia,ETH,Oromia,ET04,East Shewa,ET0407,2,3150,2021-07-30T00:00:00,2021,7,26,Natural disaster,1578,1572,Oromia,ET04,SA,Active
131346,Countrywide monitoring,Ethiopia,ETH,Oromia,ET04,East Wellega,ET0402,2,19650,2021-07-30T00:00:00,2021,7,26,Natural disaster,9077,10573,Oromia,ET04,SA,Active
131340,Countrywide monitoring,Ethiopia,ETH,Oromia,ET04,East Wellega,ET0402,2,9695,2021-07-30T00:00:00,2021,7,26,Conflict,4472,5223,Oromia,ET04,SA,Active
131350,Countrywide monitoring,Ethiopia,ETH,Oromia,ET04,East Wellega,ET0402,2,23490,2021-07-30T00:00:00,2021,7,26,Conflict,11010,12480,Benishangul-Gumuz,ET06,SA,Active
131442,Countrywide monitoring,Ethiopia,ETH,Somali,ET05,Siti,ET0501,2,8954,2021-07-30T00:00:00,2021,7,26,Conflict,4537,4417,Somali,ET05,SA,Active
131447,Countrywide monitoring,Ethiopia,ETH,Somali,ET05,Siti,ET0501,2,12764,2021-07-30T00:00:00,2021,7,26,Conflict,6339,6425,Oromia,ET04,SA,Active
131504,Countrywide monitoring,Ethiopia,ETH,Somali,ET05,Siti,ET0501,2,64643,2021-07-30T00:00:00,2021,7,26,Natural disaster,32568,32075,Somali,ET05,SA,Active
131527,Countrywide monitoring,Ethiopia,ETH,South Ethiopia People,ET08,Amaro,ET0808,2,28296,2021-07-30T00:00:00,2021,7,26,Conflict,14837,13459,Not available,Not available,SA,Active
131522,Countrywide monitoring,Ethiopia,ETH,South Ethiopia People,ET08,Amaro,ET0808,2,1113,2021-07-30T00:00:00,2021,7,26,Conflict,562,551,Oromia,ET04,SA,Active
135120,Countrywide monitoring,Ethiopia,ETH,Central Ethiopia,ET07,Siltie,ET0720,2,765,2021-07-30T00:00:00,2021,7,26,Conflict,383,382,Somali,ET05,SA,Active
135113,Countrywide monitoring,Ethiopia,ETH,Central Ethiopia,ET07,Siltie,ET0720,2,467,2021-07-30T00:00:00,2021,7,26,Natural disaster,206,261,Somali,ET05,SA,Active
135182,Countrywide monitoring,Ethiopia,ETH,Dire Dawa,ET15,Dire Dawa urban,ET1501,2,2491,2021-07-30T00:00:00,2021,7,26,Conflict,1174,1317,Oromia,ET04,SA,Active
135153,Countrywide monitoring,Ethiopia,ETH,Central Ethiopia,ET07,Yem,ET0724,2,220,2021-07-30T00:00:00,2021,7,26,Natural disaster,96,124,Central Ethiopia,ET07,SA,Active
135143,Countrywide monitoring,Ethiopia,ETH,Central Ethiopia,ET07,Siltie,ET0720,2,4486,2021-07-30T00:00:00,2021,7,26,Conflict,2252,2234,Oromia,ET04,SA,Active
135248,Countrywide monitoring,Ethiopia,ETH,Gambela,ET12,Itang Special woreda,ET1204,2,421,2021-07-30T00:00:00,2021,7,26,Conflict,200,221,Gambela,ET12,SA,Active
135238,Countrywide monitoring,Ethiopia,ETH,Gambela,ET12,Agnewak,ET1202,2,4628,2021-07-30T00:00:00,2021,7,26,Conflict,2214,2414,Gambela,ET12,SA,Active
135271,Countrywide monitoring,Ethiopia,ETH,Gambela,ET12,Majang,ET1203,2,1186,2021-07-30T00:00:00,2021,7,26,Conflict,471,715,Not available,Not available,SA,Active
135281,Countrywide monitoring,Ethiopia,ETH,Gambela,ET12,Nuwer,ET1201,2,3534,2021-07-30T00:00:00,2021,7,26,Natural disaster,1794,1740,Gambela,ET12,SA,Active
135294,Countrywide monitoring,Ethiopia,ETH,Somali,ET05,Afder,ET0508,2,7023,2021-07-30T00:00:00,2021,7,26,Conflict,3715,3308,Oromia,ET04,SA,Active
79216,Countrywide monitoring,Ethiopia,ETH,Harari,ET13,Harari,ET1301,2,3133,2021-07-30T00:00:00,2021,7,26,Conflict,1605,1528,Somali,ET05,SA,Active
79171,Countrywide monitoring,Ethiopia,ETH,Gambela,ET12,Nuwer,ET1201,2,30547,2021-07-30T00:00:00,2021,7,26,Conflict,16261,14286,Gambela,ET12,SA,Active
79250,Countrywide monitoring,Ethiopia,ETH,Oromia,ET04,Arsi,ET0408,2,1864,2021-07-30T00:00:00,2021,7,26,Conflict,1042,822,Somali,ET05,SA,Active
79263,Countrywide monitoring,Ethiopia,ETH,Oromia,ET04,Arsi,ET0408,2,2446,2021-07-30T00:00:00,2021,7,26,Natural disaster,1192,1254,Oromia,ET04,SA,Active
79296,Countrywide monitoring,Ethiopia,ETH,Oromia,ET04,Bale,ET0411,2,5196,2021-07-30T00:00:00,2021,7,26,Conflict,2123,3073,Somali,ET05,SA,Active
79322,Countrywide monitoring,Ethiopia,ETH,Somali,ET05,Erer,ET0504,2,608,2021-07-30T00:00:00,2021,7,26,Conflict,333,275,Somali,ET05,SA,Active
79369,Countrywide monitoring,Ethiopia,ETH,Somali,ET05,Erer,ET0504,2,26819,2021-07-30T00:00:00,2021,7,26,Conflict,13371,13448,Oromia,ET04,SA,Active
79340,Countrywide monitoring,Ethiopia,ETH,Somali,ET05,Erer,ET0504,2,1445,2021-07-30T00:00:00,2021,7,26,Natural disaster,752,693,Somali,ET05,SA,Active
131111,Countrywide monitoring,Ethiopia,ETH,Amhara,ET03,Awi,ET0309,2,1710,2021-07-30T00:00:00,2021,7,26,Conflict,880,830,Oromia,ET04,SA,Active
131118,Countrywide monitoring,Ethiopia,ETH,Amhara,ET03,Awi,ET0309,2,5970,2021-07-30T00:00:00,2021,7,26,Conflict,3099,2871,Amhara,ET03,SA,Active
131123,Countrywide monitoring,Ethiopia,ETH,Amhara,ET03,Awi,ET0309,2,16063,2021-07-30T00:00:00,2021,7,26,Conflict,8059,8004,Benishangul-Gumuz,ET06,SA,Active
131037,Countrywide monitoring,Ethiopia,ETH,Afar,ET02,Hari /Zone 5,ET0205,2,4309,2021-07-30T00:00:00,2021,7,26,Natural disaster,2106,2203,Afar,ET02,SA,Active
131073,Countrywide monitoring,Ethiopia,ETH,Afar,ET02,Kilbati /Zone2,ET0202,2,8027,2021-07-30T00:00:00,2021,7,26,Natural disaster,4193,3834,Afar,ET02,SA,Active
79409,Countrywide monitoring,Ethiopia,ETH,Somali,ET05,Fafan,ET0502,2,8741,2021-07-30T00:00:00,2021,7,26,Natural disaster,4270,4471,Somali,ET05,SA,Active
79418,Countrywide monitoring,Ethiopia,ETH,Somali,ET05,Fafan,ET0502,2,17613,2021-07-30T00:00:00,2021,7,26,Conflict,8253,9360,Somali,ET05,SA,Active
79453,Countrywide monitoring,Ethiopia,ETH,Somali,ET05,Fafan,ET0502,2,126712,2021-07-30T00:00:00,2021,7,26,Conflict,60002,66710,Oromia,ET04,SA,Active
79497,Countrywide monitoring,Ethiopia,ETH,Somali,ET05,Jarar,ET0503,2,31192,2021-07-30T00:00:00,2021,7,26,Natural disaster,14682,16510,Somali,ET05,SA,Active
79489,Countrywide monitoring,Ethiopia,ETH,Somali,ET05,Jarar,ET0503,2,294,2021-07-30T00:00:00,2021,7,26,Conflict,138,156,Oromia,ET04,SA,Active
79486,Countrywide monitoring,Ethiopia,ETH,Somali,ET05,Jarar,ET0503,2,283,2021-09-30T00:00:00,2021,9,27,Conflict,133,150,Oromia,ET04,SA,Active
79494,Countrywide monitoring,Ethiopia,ETH,Somali,ET05,Jarar,ET0503,2,30095,2021-09-30T00:00:00,2021,9,27,Natural disaster,15576,14519,Somali,ET05,SA,Active
79459,Countrywide monitoring,Ethiopia,ETH,Somali,ET05,Fafan,ET0502,2,143375,2021-09-30T00:00:00,2021,9,27,Conflict,70196,73179,Oromia,ET04,SA,Active
79417,Countrywide monitoring,Ethiopia,ETH,Somali,ET05,Fafan,ET0502,2,17607,2021-09-30T00:00:00,2021,9,27,Conflict,8834,8773,Somali,ET05,SA,Active
79406,Countrywide monitoring,Ethiopia,ETH,Somali,ET05,Fafan,ET0502,2,8585,2021-09-30T00:00:00,2021,9,27,Natural disaster,4273,4312,Somali,ET05,SA,Active
131077,Countrywide monitoring,Ethiopia,ETH,Afar,ET02,Kilbati /Zone2,ET0202,2,8340,2021-09-30T00:00:00,2021,9,27,Natural disaster,4402,3938,Afar,ET02,SA,Active
131017,Countrywide monitoring,Ethiopia,ETH,Afar,ET02,Hari /Zone 5,ET0205,2,2584,2021-09-30T00:00:00,2021,9,27,Natural disaster,1336,1248,Afar,ET02,SA,Active
131124,Countrywide monitoring,Ethiopia,ETH,Amhara,ET03,Awi,ET0309,2,20569,2021-09-30T00:00:00,2021,9,27,Conflict,9727,10842,Benishangul-Gumuz,ET06,SA,Active
131122,Countrywide monitoring,Ethiopia,ETH,Amhara,ET03,Awi,ET0309,2,15081,2021-09-30T00:00:00,2021,9,27,Conflict,9146,5935,Amhara,ET03,SA,Active
131115,Countrywide monitoring,Ethiopia,ETH,Amhara,ET03,Awi,ET0309,2,3096,2021-09-30T00:00:00,2021,9,27,Conflict,1226,1870,Oromia,ET04,SA,Active
79353,Countrywide monitoring,Ethiopia,ETH,Somali,ET05,Erer,ET0504,2,17131,2021-09-30T00:00:00,2021,9,27,Conflict,7948,9183,Oromia,ET04,SA,Active
79326,Countrywide monitoring,Ethiopia,ETH,Somali,ET05,Erer,ET0504,2,830,2021-09-30T00:00:00,2021,9,27,Natural disaster,370,460,Somali,ET05,SA,Active
79299,Countrywide monitoring,Ethiopia,ETH,Oromia,ET04,Bale,ET0411,2,5939,2021-09-30T00:00:00,2021,9,27,Conflict,2625,3314,Somali,ET05,SA,Active
79273,Countrywide monitoring,Ethiopia,ETH,Oromia,ET04,Arsi,ET0408,2,2982,2021-09-30T00:00:00,2021,9,27,Natural disaster,1396,1586,Oromia,ET04,SA,Active
79240,Countrywide monitoring,Ethiopia,ETH,Oromia,ET04,Arsi,ET0408,2,1794,2021-09-30T00:00:00,2021,9,27,Conflict,1002,792,Somali,ET05,SA,Active
79165,Countrywide monitoring,Ethiopia,ETH,Gambela,ET12,Nuwer,ET1201,2,21059,2021-09-30T00:00:00,2021,9,27,Conflict,10790,10269,Gambela,ET12,SA,Active
79182,Countrywide monitoring,Ethiopia,ETH,Harari,ET13,Harari,ET1301,2,326,2021-09-30T00:00:00,2021,9,27,Conflict,164,162,Harari,ET13,SA,Active
79209,Countrywide monitoring,Ethiopia,ETH,Harari,ET13,Harari,ET1301,2,2799,2021-09-30T00:00:00,2021,9,27,Conflict,1466,1333,Somali,ET05,SA,Active
79139,Countrywide monitoring,Ethiopia,ETH,Gambela,ET12,Nuwer,ET1201,2,8256,2021-09-30T00:00:00,2021,9,27,Natural disaster,4371,3885,Gambela,ET12,SA,Active
135270,Countrywide monitoring,Ethiopia,ETH,Gambela,ET12,Majang,ET1203,2,1072,2021-09-30T00:00:00,2021,9,27,Conflict,502,570,Not available,Not available,SA,Active
135237,Countrywide monitoring,Ethiopia,ETH,Gambela,ET12,Agnewak,ET1202,2,4587,2021-09-30T00:00:00,2021,9,27,Conflict,2128,2459,Gambela,ET12,SA,Active
135247,Countrywide monitoring,Ethiopia,ETH,Gambela,ET12,Itang Special woreda,ET1204,2,419,2021-09-30T00:00:00,2021,9,27,Conflict,197,222,Gambela,ET12,SA,Active
135159,Countrywide monitoring,Ethiopia,ETH,Central Ethiopia,ET07,Yem,ET0724,2,231,2021-09-30T00:00:00,2021,9,27,Natural disaster,111,120,Central Ethiopia,ET07,SA,Active
135183,Countrywide monitoring,Ethiopia,ETH,Dire Dawa,ET15,Dire Dawa urban,ET1501,2,2491,2021-09-30T00:00:00,2021,9,27,Conflict,1174,1317,Oromia,ET04,SA,Active
135117,Countrywide monitoring,Ethiopia,ETH,Central Ethiopia,ET07,Siltie,ET0720,2,613,2021-09-30T00:00:00,2021,9,27,Natural disaster,287,326,Central Ethiopia,ET07,SA,Active
135118,Countrywide monitoring,Ethiopia,ETH,Central Ethiopia,ET07,Siltie,ET0720,2,690,2021-09-30T00:00:00,2021,9,27,Conflict,342,348,Somali,ET05,SA,Active
135134,Countrywide monitoring,Ethiopia,ETH,Central Ethiopia,ET07,Siltie,ET0720,2,3189,2021-09-30T00:00:00,2021,9,27,Conflict,1558,1631,Oromia,ET04,SA,Active
131529,Countrywide monitoring,Ethiopia,ETH,South Ethiopia People,ET08,Amaro,ET0808,2,33169,2021-09-30T00:00:00,2021,9,27,Conflict,16792,16377,Not available,Not available,SA,Active
131519,Countrywide monitoring,Ethiopia,ETH,South Ethiopia People,ET08,Amaro,ET0808,2,818,2021-09-30T00:00:00,2021,9,27,Conflict,400,418,Oromia,ET04,SA,Active
131501,Countrywide monitoring,Ethiopia,ETH,Somali,ET05,Siti,ET0501,2,63400,2021-09-30T00:00:00,2021,9,27,Natural disaster,32085,31315,Somali,ET05,SA,Active
131458,Countrywide monitoring,Ethiopia,ETH,Somali,ET05,Siti,ET0501,2,15727,2021-09-30T00:00:00,2021,9,27,Conflict,7728,7999,Oromia,ET04,SA,Active
131462,Countrywide monitoring,Ethiopia,ETH,Somali,ET05,Siti,ET0501,2,19705,2021-09-30T00:00:00,2021,9,27,Conflict,10095,9610,Somali,ET05,SA,Active
131351,Countrywide monitoring,Ethiopia,ETH,Oromia,ET04,East Wellega,ET0402,2,24285,2021-09-30T00:00:00,2021,9,27,Natural disaster,11774,12511,Oromia,ET04,SA,Active
131352,Countrywide monitoring,Ethiopia,ETH,Oromia,ET04,East Wellega,ET0402,2,24756,2021-09-30T00:00:00,2021,9,27,Conflict,11951,12805,Benishangul-Gumuz,ET06,SA,Active
131338,Countrywide monitoring,Ethiopia,ETH,Oromia,ET04,East Wellega,ET0402,2,8743,2021-09-30T00:00:00,2021,9,27,Conflict,4180,4563,Oromia,ET04,SA,Active
131320,Countrywide monitoring,Ethiopia,ETH,Oromia,ET04,East Shewa,ET0407,2,3150,2021-09-30T00:00:00,2021,9,27,Natural disaster,1578,1572,Somali,ET05,SA,Active
131315,Countrywide monitoring,Ethiopia,ETH,Oromia,ET04,East Shewa,ET0407,2,1466,2021-09-30T00:00:00,2021,9,27,Conflict,763,703,Oromia,ET04,SA,Active
131391,Countrywide monitoring,Ethiopia,ETH,Somali,ET05,Shabelle,ET0506,2,1470,2021-09-30T00:00:00,2021,9,27,Conflict,735,735,Oromia,ET04,SA,Active
131414,Countrywide monitoring,Ethiopia,ETH,Somali,ET05,Shabelle,ET0506,2,87157,2021-09-30T00:00:00,2021,9,27,Natural disaster,43053,44104,Somali,ET05,SA,Active
131168,Countrywide monitoring,Ethiopia,ETH,Amhara,ET03,Central Gondar,ET0311,2,1219,2021-09-30T00:00:00,2021,9,27,Conflict,593,626,Benishangul-Gumuz,ET06,SA,Active
131233,Countrywide monitoring,Ethiopia,ETH,Oromia,ET04,East Hararge,ET0410,2,1535,2021-09-30T00:00:00,2021,9,27,Natural disaster,784,751,Somali,ET05,SA,Active
131257,Countrywide monitoring,Ethiopia,ETH,Oromia,ET04,East Hararge,ET0410,2,64568,2021-09-30T00:00:00,2021,9,27,Conflict,31846,32722,Somali,ET05,SA,Active
131248,Countrywide monitoring,Ethiopia,ETH,Oromia,ET04,East Hararge,ET0410,2,59554,2021-09-30T00:00:00,2021,9,27,Conflict,29751,29803,Oromia,ET04,SA,Active
44799,Countrywide monitoring,Ethiopia,ETH,Oromia,ET04,Buno Bedele,ET0416,2,7208,2021-09-30T00:00:00,2021,9,27,Natural disaster,3626,3582,Oromia,ET04,SA,Active
44730,Countrywide monitoring,Ethiopia,ETH,Oromia,ET04,Borena,ET0412,2,10679,2021-09-30T00:00:00,2021,9,27,Conflict,6291,4388,Oromia,ET04,SA,Active
35168,Countrywide monitoring,Ethiopia,ETH,Afar,ET02,Gabi /Zone 3,ET0203,2,18413,2021-09-30T00:00:00,2021,9,27,Conflict,10161,8252,Afar,ET02,SA,Active
35196,Countrywide monitoring,Ethiopia,ETH,Afar,ET02,Hari /Zone 5,ET0205,2,268,2021-09-30T00:00:00,2021,9,27,Conflict,135,133,Afar,ET02,SA,Active
35181,Countrywide monitoring,Ethiopia,ETH,Afar,ET02,Gabi /Zone 3,ET0203,2,40106,2021-09-30T00:00:00,2021,9,27,Natural disaster,21920,18186,Afar,ET02,SA,Active
35096,Countrywide monitoring,Ethiopia,ETH,Afar,ET02,Awsi /Zone 1,ET0201,2,24589,2021-09-30T00:00:00,2021,9,27,Natural disaster,12919,11670,Afar,ET02,SA,Active
35076,Countrywide monitoring,Ethiopia,ETH,Afar,ET02,Awsi /Zone 1,ET0201,2,12140,2021-09-30T00:00:00,2021,9,27,Conflict,6357,5783,Afar,ET02,SA,Active
44883,Countrywide monitoring,Ethiopia,ETH,Somali,ET05,Korahe,ET0505,2,911,2021-09-30T00:00:00,2021,9,27,Conflict,461,450,Somali,ET05,SA,Active
44902,Countrywide monitoring,Ethiopia,ETH,Somali,ET05,Korahe,ET0505,2,19812,2021-09-30T00:00:00,2021,9,27,Natural disaster,9866,9946,Somali,ET05,SA,Active
44948,Countrywide monitoring,Ethiopia,ETH,Somali,ET05,Liban,ET0509,2,14534,2021-09-30T00:00:00,2021,9,27,Natural disaster,7242,7292,Somali,ET05,SA,Active
44778,Countrywide monitoring,Ethiopia,ETH,Oromia,ET04,Borena,ET0412,2,116017,2021-09-30T00:00:00,2021,9,27,Conflict,66205,49812,Somali,ET05,SA,Active
44819,Countrywide monitoring,Ethiopia,ETH,Oromia,ET04,East Bale,ET0421,2,2760,2021-09-30T00:00:00,2021,9,27,Conflict,1220,1540,Oromia,ET04,SA,Active
44838,Countrywide monitoring,Ethiopia,ETH,Oromia,ET04,East Bale,ET0421,2,11650,2021-09-30T00:00:00,2021,9,27,Conflict,5163,6487,Somali,ET05,SA,Active
44879,Countrywide monitoring,Ethiopia,ETH,Somali,ET05,Korahe,ET0505,2,366,2021-09-30T00:00:00,2021,9,27,Conflict,185,181,Oromia,ET04,SA,Active
44969,Countrywide monitoring,Ethiopia,ETH,Somali,ET05,Liban,ET0509,2,38602,2021-09-30T00:00:00,2021,9,27,Conflict,19126,19476,Somali,ET05,SA,Active
44999,Countrywide monitoring,Ethiopia,ETH,Somali,ET05,Liban,ET0509,2,87899,2021-09-30T00:00:00,2021,9,27,Conflict,42879,45020,Oromia,ET04,SA,Active
45037,Countrywide monitoring,Ethiopia,ETH,Somali,ET05,Nogob,ET0510,2,8417,2021-09-30T00:00:00,2021,9,27,Conflict,3934,4483,Oromia,ET04,SA,Active
45031,Countrywide monitoring,Ethiopia,ETH,Somali,ET05,Nogob,ET0510,2,1646,2021-09-30T00:00:00,2021,9,27,Conflict,764,882,Somali,ET05,SA,Active
45041,Countrywide monitoring,Ethiopia,ETH,Somali,ET05,Nogob,ET0510,2,23929,2021-09-30T00:00:00,2021,9,27,Natural disaster,11558,12371,Somali,ET05,SA,Active
74078,Countrywide monitoring,Ethiopia,ETH,South West Ethiopia People,ET11,Sheka,ET1101,2,7645,2021-09-30T00:00:00,2021,9,27,Conflict,3565,4080,Not available,Not available,SA,Active
74091,Countrywide monitoring,Ethiopia,ETH,South West Ethiopia People,ET11,West Omo,ET1105,2,612,2021-09-30T00:00:00,2021,9,27,Conflict,272,340,Not available,Not available,SA,Active
73977,Countrywide monitoring,Ethiopia,ETH,Oromia,ET04,North Shewa (OR),ET0406,2,669,2021-09-30T00:00:00,2021,9,27,Conflict,337,332,Oromia,ET04,SA,Active
74047,Countrywide monitoring,Ethiopia,ETH,Oromia,ET04,South West Shewa,ET0413,2,223,2021-09-30T00:00:00,2021,9,27,Conflict,109,114,Somali,ET05,SA,Active
73910,Countrywide monitoring,Ethiopia,ETH,Oromia,ET04,Jimma,ET0404,2,11255,2021-09-30T00:00:00,2021,9,27,Natural disaster,5294,5961,Oromia,ET04,SA,Active
73954,Countrywide monitoring,Ethiopia,ETH,Oromia,ET04,North Shewa (OR),ET0406,2,88,2021-09-30T00:00:00,2021,9,27,Conflict,53,35,Somali,ET05,SA,Active
73786,Countrywide monitoring,Ethiopia,ETH,Amhara,ET03,Oromia,ET0310,2,6371,2021-09-30T00:00:00,2021,9,27,Conflict,3212,3159,Amhara,ET03,SA,Active
73808,Countrywide monitoring,Ethiopia,ETH,Amhara,ET03,South Gondar,ET0302,2,773,2021-09-30T00:00:00,2021,9,27,Conflict,405,368,Amhara,ET03,SA,Active
73829,Countrywide monitoring,Ethiopia,ETH,Amhara,ET03,South Gondar,ET0302,2,6849,2021-09-30T00:00:00,2021,9,27,Conflict,3642,3207,Benishangul-Gumuz,ET06,SA,Active
73815,Countrywide monitoring,Ethiopia,ETH,Amhara,ET03,South Gondar,ET0302,2,2121,2021-09-30T00:00:00,2021,9,27,Conflict,1108,1013,Not available,Not available,SA,Active
73836,Countrywide monitoring,Ethiopia,ETH,Amhara,ET03,South Gondar,ET0302,2,21403,2021-09-30T00:00:00,2021,9,27,Conflict,10837,10566,Oromia,ET04,SA,Active
140883,Countrywide monitoring,Ethiopia,ETH,Amhara,ET03,North Shewa (AM),ET0305,2,7550,2021-09-30T00:00:00,2021,9,27,Conflict,3690,3860,Oromia,ET04,SA,Active
140888,Countrywide monitoring,Ethiopia,ETH,Amhara,ET03,North Shewa (AM),ET0305,2,22062,2021-09-30T00:00:00,2021,9,27,Conflict,11450,10612,Amhara,ET03,SA,Active
140876,Countrywide monitoring,Ethiopia,ETH,Amhara,ET03,North Shewa (AM),ET0305,2,2768,2021-09-30T00:00:00,2021,9,27,Conflict,1330,1438,Not available,Not available,SA,Active
140952,Countrywide monitoring,Ethiopia,ETH,Oromia,ET04,Guji,ET0414,2,310,2021-09-30T00:00:00,2021,9,27,Economic reasons,151,159,Somali,ET05,SA,Active
140942,Countrywide monitoring,Ethiopia,ETH,Oromia,ET04,Guji,ET0414,2,116,2021-09-30T00:00:00,2021,9,27,Natural disaster,58,58,Oromia,ET04,SA,Active
140781,Countrywide monitoring,Ethiopia,ETH,Amhara,ET03,East Gojam,ET0306,2,5180,2021-09-30T00:00:00,2021,9,27,Conflict,2629,2551,Benishangul-Gumuz,ET06,SA,Active
140782,Countrywide monitoring,Ethiopia,ETH,Amhara,ET03,East Gojam,ET0306,2,11177,2021-09-30T00:00:00,2021,9,27,Conflict,5855,5322,Oromia,ET04,SA,Active
140771,Countrywide monitoring,Ethiopia,ETH,Amhara,ET03,East Gojam,ET0306,2,562,2021-09-30T00:00:00,2021,9,27,Natural disaster,268,294,Amhara,ET03,SA,Active
140742,Countrywide monitoring,Ethiopia,ETH,Amhara,ET03,Central Gondar,ET0311,2,17027,2021-09-30T00:00:00,2021,9,27,Conflict,8843,8184,Amhara,ET03,SA,Active
138387,Countrywide monitoring,Ethiopia,ETH,Oromia,ET04,West Hararge,ET0409,2,6180,2021-09-30T00:00:00,2021,9,27,Conflict,3001,3179,Somali,ET05,SA,Active
138324,Countrywide monitoring,Ethiopia,ETH,Oromia,ET04,West Arsi,ET0417,2,16936,2021-09-30T00:00:00,2021,9,27,Conflict,8222,8714,Oromia,ET04,SA,Active
138349,Countrywide monitoring,Ethiopia,ETH,Oromia,ET04,West Guji,ET0415,2,35028,2021-09-30T00:00:00,2021,9,27,Conflict,18913,16115,Oromia,ET04,SA,Active
138345,Countrywide monitoring,Ethiopia,ETH,Oromia,ET04,West Guji,ET0415,2,14207,2021-09-30T00:00:00,2021,9,27,Natural disaster,7359,6848,Oromia,ET04,SA,Active
138255,Countrywide monitoring,Ethiopia,ETH,Oromia,ET04,West Arsi,ET0417,2,420,2021-09-30T00:00:00,2021,9,27,Natural disaster,201,219,Oromia,ET04,SA,Active
138259,Countrywide monitoring,Ethiopia,ETH,Oromia,ET04,West Arsi,ET0417,2,485,2021-09-30T00:00:00,2021,9,27,Conflict,281,204,Somali,ET05,SA,Active
138172,Countrywide monitoring,Ethiopia,ETH,Amhara,ET03,West Gojam,ET0307,2,111037,2021-09-30T00:00:00,2021,9,27,Conflict,54715,56322,Benishangul-Gumuz,ET06,SA,Active
138174,Countrywide monitoring,Ethiopia,ETH,Amhara,ET03,West Gojam,ET0307,2,128815,2021-09-30T00:00:00,2021,9,27,Conflict,62609,66206,Oromia,ET04,SA,Active
138188,Countrywide monitoring,Ethiopia,ETH,Amhara,ET03,West Gondar,ET0312,2,625,2021-09-30T00:00:00,2021,9,27,Conflict,372,253,Amhara,ET03,SA,Active
138067,Countrywide monitoring,Ethiopia,ETH,Amhara,ET03,South Wello,ET0304,2,5511,2021-09-30T00:00:00,2021,9,27,Conflict,2636,2875,Oromia,ET04,SA,Active
136776,Countrywide monitoring,Ethiopia,ETH,Central Ethiopia,ET07,Hadiya,ET0702,2,5070,2021-09-30T00:00:00,2021,9,27,Conflict,2545,2525,Not available,Not available,SA,Active
136797,Countrywide monitoring,Ethiopia,ETH,Central Ethiopia,ET07,Kembata,ET0703,2,205,2021-09-30T00:00:00,2021,9,27,Conflict,116,89,Oromia,ET04,SA,Active
136805,Countrywide monitoring,Ethiopia,ETH,Central Ethiopia,ET07,Kembata,ET0703,2,6527,2021-09-30T00:00:00,2021,9,27,Conflict,3294,3233,Not available,Not available,SA,Active
136851,Countrywide monitoring,Ethiopia,ETH,Oromia,ET04,West Shewa,ET0405,2,201,2021-09-30T00:00:00,2021,9,27,Conflict,143,58,Somali,ET05,SA,Active
136827,Countrywide monitoring,Ethiopia,ETH,Oromia,ET04,West Hararge,ET0409,2,18085,2021-09-30T00:00:00,2021,9,27,Conflict,9045,9040,Oromia,ET04,SA,Active
136894,Countrywide monitoring,Ethiopia,ETH,Oromia,ET04,West Wellega,ET0401,2,1186,2021-09-30T00:00:00,2021,9,27,Conflict,560,626,Oromia,ET04,SA,Active
136918,Countrywide monitoring,Ethiopia,ETH,Oromia,ET04,West Wellega,ET0401,2,33599,2021-09-30T00:00:00,2021,9,27,Conflict,14855,18744,Benishangul-Gumuz,ET06,SA,Active
136959,Countrywide monitoring,Ethiopia,ETH,Sidama,ET16,Sidama,ET1600,2,2386,2021-09-30T00:00:00,2021,9,27,Conflict,1233,1153,Not available,Not available,SA,Active
136960,Countrywide monitoring,Ethiopia,ETH,Sidama,ET16,Sidama,ET1600,2,2884,2021-09-30T00:00:00,2021,9,27,Conflict,1306,1578,Afar,ET02,SA,Active
136956,Countrywide monitoring,Ethiopia,ETH,Sidama,ET16,Sidama,ET1600,2,1261,2021-09-30T00:00:00,2021,9,27,Natural disaster,669,592,Afar,ET02,SA,Active
136998,Countrywide monitoring,Ethiopia,ETH,Somali,ET05,Afder,ET0508,2,2845,2021-09-30T00:00:00,2021,9,27,Conflict,1400,1445,Somali,ET05,SA,Active
138044,Countrywide monitoring,Ethiopia,ETH,Amhara,ET03,South Wello,ET0304,2,576,2021-09-30T00:00:00,2021,9,27,Conflict,281,295,Not available,Not available,SA,Active
138047,Countrywide monitoring,Ethiopia,ETH,Amhara,ET03,South Wello,ET0304,2,888,2021-09-30T00:00:00,2021,9,27,Conflict,435,453,Afar,ET02,SA,Active
136729,Countrywide monitoring,Ethiopia,ETH,Central Ethiopia,ET07,Hadiya,ET0702,2,240,2021-09-30T00:00:00,2021,9,27,Conflict,122,118,Oromia,ET04,SA,Active
136735,Countrywide monitoring,Ethiopia,ETH,Central Ethiopia,ET07,Hadiya,ET0702,2,551,2021-09-30T00:00:00,2021,9,27,Conflict,271,280,Central Ethiopia,ET07,SA,Active
136727,Countrywide monitoring,Ethiopia,ETH,Central Ethiopia,ET07,Hadiya,ET0702,2,211,2021-09-30T00:00:00,2021,9,27,Natural disaster,106,105,Central Ethiopia,ET07,SA,Active
136754,Countrywide monitoring,Ethiopia,ETH,Central Ethiopia,ET07,Hadiya,ET0702,2,1933,2021-09-30T00:00:00,2021,9,27,Conflict,914,1019,Somali,ET05,SA,Active
136687,Countrywide monitoring,Ethiopia,ETH,Central Ethiopia,ET07,Guraghe,ET0701,2,124,2021-09-30T00:00:00,2021,9,27,Natural disaster,65,59,Central Ethiopia,ET07,SA,Active
136701,Countrywide monitoring,Ethiopia,ETH,Central Ethiopia,ET07,Guraghe,ET0701,2,3972,2021-09-30T00:00:00,2021,9,27,Conflict,2015,1957,Oromia,ET04,SA,Active
136715,Countrywide monitoring,Ethiopia,ETH,Central Ethiopia,ET07,Guraghe,ET0701,2,17231,2021-09-30T00:00:00,2021,9,27,Conflict,8733,8498,Central Ethiopia,ET07,SA,Active
135446,Countrywide monitoring,Ethiopia,ETH,Somali,ET05,Doolo,ET0507,2,46589,2021-09-30T00:00:00,2021,9,27,Natural disaster,22752,23837,Somali,ET05,SA,Active
135467,Countrywide monitoring,Ethiopia,ETH,Somali,ET05,Erer,ET0504,2,552,2021-09-30T00:00:00,2021,9,27,Conflict,249,303,Somali,ET05,SA,Active
135420,Countrywide monitoring,Ethiopia,ETH,Somali,ET05,Doolo,ET0507,2,2220,2021-09-30T00:00:00,2021,9,27,Conflict,1098,1122,Somali,ET05,SA,Active
135410,Countrywide monitoring,Ethiopia,ETH,Somali,ET05,Daawa,ET0511,2,107334,2021-09-30T00:00:00,2021,9,27,Conflict,49494,57840,Oromia,ET04,SA,Active
135378,Countrywide monitoring,Ethiopia,ETH,Somali,ET05,Daawa,ET0511,2,29408,2021-09-30T00:00:00,2021,9,27,Conflict,12387,17021,Somali,ET05,SA,Active
135367,Countrywide monitoring,Ethiopia,ETH,Somali,ET05,Daawa,ET0511,2,8003,2021-09-30T00:00:00,2021,9,27,Natural disaster,3494,4509,Somali,ET05,SA,Active
135330,Countrywide monitoring,Ethiopia,ETH,Somali,ET05,Afder,ET0508,2,62153,2021-09-30T00:00:00,2021,9,27,Natural disaster,29990,32163,Somali,ET05,SA,Active
135303,Countrywide monitoring,Ethiopia,ETH,Somali,ET05,Afder,ET0508,2,10591,2021-09-30T00:00:00,2021,9,27,Conflict,4723,5868,Oromia,ET04,SA,Active
150360,Countrywide monitoring,Ethiopia,ETH,South West Ethiopia People,ET11,Bench Sheko,ET1103,2,14042,2021-09-30T00:00:00,2021,9,27,Conflict,6554,7488,Not available,Not available,SA,Active
150326,Countrywide monitoring,Ethiopia,ETH,South Ethiopia People,ET08,Wolayita,ET0801,2,10122,2021-09-30T00:00:00,2021,9,27,Natural disaster,5110,5012,Not available,Not available,SA,Active
150337,Countrywide monitoring,Ethiopia,ETH,South West Ethiopia People,ET11,Bench Sheko,ET1103,2,239,2021-09-30T00:00:00,2021,9,27,Natural disaster,99,140,Not available,Not available,SA,Active
150321,Countrywide monitoring,Ethiopia,ETH,South Ethiopia People,ET08,Wolayita,ET0801,2,2614,2021-09-30T00:00:00,2021,9,27,Conflict,1311,1303,Afar,ET02,SA,Active
150302,Countrywide monitoring,Ethiopia,ETH,South Ethiopia People,ET08,South Omo,ET0812,2,62852,2021-09-30T00:00:00,2021,9,27,Natural disaster,31875,30977,Not available,Not available,SA,Active
150368,Countrywide monitoring,Ethiopia,ETH,South West Ethiopia People,ET11,Kefa,ET1102,2,126,2021-09-30T00:00:00,2021,9,27,Natural disaster,59,67,Not available,Not available,SA,Active
150265,Countrywide monitoring,Ethiopia,ETH,South Ethiopia People,ET08,Gamo,ET0802,2,2391,2021-09-30T00:00:00,2021,9,27,Natural disaster,1257,1134,Not available,Not available,SA,Active
150268,Countrywide monitoring,Ethiopia,ETH,South Ethiopia People,ET08,Gofa,ET0803,2,1235,2021-09-30T00:00:00,2021,9,27,Natural disaster,652,583,Not available,Not available,SA,Active
150279,Countrywide monitoring,Ethiopia,ETH,South Ethiopia People,ET08,Konso,ET0809,2,13999,2021-09-30T00:00:00,2021,9,27,Conflict,7268,6731,Not available,Not available,SA,Active
150236,Countrywide monitoring,Ethiopia,ETH,South Ethiopia People,ET08,Burji,ET0810,2,1291,2021-09-30T00:00:00,2021,9,27,Conflict,658,633,Oromia,ET04,SA,Active
150248,Countrywide monitoring,Ethiopia,ETH,South Ethiopia People,ET08,Derashe,ET0807,2,10357,2021-09-30T00:00:00,2021,9,27,Conflict,5152,5205,Not available,Not available,SA,Active
141013,Countrywide monitoring,Ethiopia,ETH,Oromia,ET04,Guji,ET0414,2,9188,2021-09-30T00:00:00,2021,9,27,Conflict,4653,4535,Oromia,ET04,SA,Active
140999,Countrywide monitoring,Ethiopia,ETH,Oromia,ET04,Guji,ET0414,2,5500,2021-09-30T00:00:00,2021,9,27,Conflict,3188,2312,Somali,ET05,SA,Active
141082,Countrywide monitoring,Ethiopia,ETH,Oromia,ET04,Jimma,ET0404,2,516,2021-09-30T00:00:00,2021,9,27,Conflict,245,271,Somali,ET05,SA,Active
141098,Countrywide monitoring,Ethiopia,ETH,Oromia,ET04,Jimma,ET0404,2,4855,2021-09-30T00:00:00,2021,9,27,Other reason,2375,2480,Oromia,ET04,SA,Active
141106,Countrywide monitoring,Ethiopia,ETH,South Ethiopia People,ET08,Ari,ET0805,2,135,2021-09-30T00:00:00,2021,9,27,Natural disaster,67,68,Not available,Not available,SA,Active
142321,Northern Ethiopia Crisis,Ethiopia,ETH,Tigray,ET01,North Western,ET0101,2,800164,2021-10-30T00:00:00,2021,10,8,Conflict,380782,419382,Tigray,ET01,SA,Active
142312,Northern Ethiopia Crisis,Ethiopia,ETH,Tigray,ET01,North Western,ET0101,2,2595,2021-10-30T00:00:00,2021,10,8,Conflict,1247,1348,Amhara,ET03,SA,Active
142333,Northern Ethiopia Crisis,Ethiopia,ETH,Tigray,ET01,South Eastern,ET0106,2,19842,2021-10-30T00:00:00,2021,10,8,Conflict,9807,10035,Tigray,ET01,SA,Active
142338,Northern Ethiopia Crisis,Ethiopia,ETH,Tigray,ET01,Southern,ET0104,2,38348,2021-10-30T00:00:00,2021,10,8,Conflict,19266,19082,Tigray,ET01,SA,Active
55851,Northern Ethiopia Crisis,Ethiopia,ETH,Amhara,ET03,Wag Hamra,ET0308,2,3266,2021-10-30T00:00:00,2021,10,8,Conflict,1833,1433,Tigray,ET01,SA,Active
55840,Northern Ethiopia Crisis,Ethiopia,ETH,Amhara,ET03,South Wello,ET0304,2,78,2021-10-30T00:00:00,2021,10,8,Conflict,45,33,Afar,ET02,SA,Active
55817,Northern Ethiopia Crisis,Ethiopia,ETH,Amhara,ET03,North Gondar,ET0301,2,10255,2021-10-30T00:00:00,2021,10,8,Conflict,5021,5234,Amhara,ET03,SA,Active
55868,Northern Ethiopia Crisis,Ethiopia,ETH,Amhara,ET03,West Gondar,ET0312,2,377,2021-10-30T00:00:00,2021,10,8,Conflict,196,181,Amhara,ET03,SA,Active
55872,Northern Ethiopia Crisis,Ethiopia,ETH,Tigray,ET01,Central,ET0102,2,170,2021-10-30T00:00:00,2021,10,8,Conflict,108,62,Amhara,ET03,SA,Active
55863,Northern Ethiopia Crisis,Ethiopia,ETH,Amhara,ET03,West Gondar,ET0312,2,370,2021-10-30T00:00:00,2021,10,8,Conflict,209,161,Tigray,ET01,SA,Active
55844,Northern Ethiopia Crisis,Ethiopia,ETH,Amhara,ET03,South Wello,ET0304,2,119703,2021-10-30T00:00:00,2021,10,8,Conflict,58313,61390,Amhara,ET03,SA,Active
55842,Northern Ethiopia Crisis,Ethiopia,ETH,Amhara,ET03,South Wello,ET0304,2,7739,2021-10-30T00:00:00,2021,10,8,Conflict,4002,3737,Tigray,ET01,SA,Active
55887,Northern Ethiopia Crisis,Ethiopia,ETH,Tigray,ET01,Eastern,ET0103,2,180228,2021-10-30T00:00:00,2021,10,8,Conflict,93574,86654,Tigray,ET01,SA,Active
55894,Northern Ethiopia Crisis,Ethiopia,ETH,Tigray,ET01,Mekelle,ET0107,2,272353,2021-10-30T00:00:00,2021,10,8,Conflict,138055,134298,Tigray,ET01,SA,Active
55881,Northern Ethiopia Crisis,Ethiopia,ETH,Tigray,ET01,Central,ET0102,2,500584,2021-10-30T00:00:00,2021,10,8,Conflict,237344,263240,Tigray,ET01,SA,Active
55775,Northern Ethiopia Crisis,Ethiopia,ETH,Afar,ET02,Fanti /Zone 4,ET0204,2,80009,2021-10-30T00:00:00,2021,10,8,Conflict,37359,42650,Afar,ET02,SA,Active
55765,Northern Ethiopia Crisis,Ethiopia,ETH,Afar,ET02,Awsi /Zone 1,ET0201,2,26891,2021-10-30T00:00:00,2021,10,8,Conflict,11740,15151,Afar,ET02,SA,Active
55795,Northern Ethiopia Crisis,Ethiopia,ETH,Afar,ET02,Kilbati /Zone2,ET0202,2,34035,2021-10-30T00:00:00,2021,10,8,Conflict,18652,15383,Tigray,ET01,SA,Active
55787,Northern Ethiopia Crisis,Ethiopia,ETH,Afar,ET02,Kilbati /Zone2,ET0202,2,8394,2021-10-30T00:00:00,2021,10,8,Conflict,4385,4009,Afar,ET02,SA,Active
55806,Northern Ethiopia Crisis,Ethiopia,ETH,Amhara,ET03,Central Gondar,ET0311,2,3126,2021-10-30T00:00:00,2021,10,8,Conflict,1547,1579,Tigray,ET01,SA,Active
55814,Northern Ethiopia Crisis,Ethiopia,ETH,Amhara,ET03,North Gondar,ET0301,2,6126,2021-10-30T00:00:00,2021,10,8,Conflict,2792,3334,Tigray,ET01,SA,Active
45040,Countrywide monitoring,Ethiopia,ETH,Somali,ET05,Nogob,ET0510,2,22325,2022-01-31T00:00:00,2022,1,28,Natural disaster,11007,11318,Somali,ET05,SA,Active
45000,Countrywide monitoring,Ethiopia,ETH,Somali,ET05,Liban,ET0509,2,89288,2022-01-31T00:00:00,2022,1,28,Conflict,43521,45767,Oromia,ET04,SA,Active
45023,Countrywide monitoring,Ethiopia,ETH,Somali,ET05,Nogob,ET0510,2,776,2022-01-31T00:00:00,2022,1,28,Conflict,402,374,Oromia,ET04,SA,Active
44972,Countrywide monitoring,Ethiopia,ETH,Somali,ET05,Liban,ET0509,2,39643,2022-01-31T00:00:00,2022,1,28,Conflict,19599,20044,Somali,ET05,SA,Active
44840,Countrywide monitoring,Ethiopia,ETH,Oromia,ET04,East Bale,ET0421,2,11913,2022-01-31T00:00:00,2022,1,28,Conflict,4962,6951,Somali,ET05,SA,Active
44818,Countrywide monitoring,Ethiopia,ETH,Oromia,ET04,East Bale,ET0421,2,2680,2022-01-31T00:00:00,2022,1,28,Conflict,1060,1620,Oromia,ET04,SA,Active
44953,Countrywide monitoring,Ethiopia,ETH,Somali,ET05,Liban,ET0509,2,19944,2022-01-31T00:00:00,2022,1,28,Natural disaster,9749,10195,Somali,ET05,SA,Active
44913,Countrywide monitoring,Ethiopia,ETH,Somali,ET05,Korahe,ET0505,2,21859,2022-01-31T00:00:00,2022,1,28,Natural disaster,10768,11091,Somali,ET05,SA,Active
44891,Countrywide monitoring,Ethiopia,ETH,Somali,ET05,Korahe,ET0505,2,1294,2022-01-31T00:00:00,2022,1,28,Conflict,628,666,Oromia,ET04,SA,Active
44737,Countrywide monitoring,Ethiopia,ETH,Oromia,ET04,Borena,ET0412,2,15338,2022-01-31T00:00:00,2022,1,28,Conflict,8672,6666,Oromia,ET04,SA,Active
44800,Countrywide monitoring,Ethiopia,ETH,Oromia,ET04,Buno Bedele,ET0416,2,7295,2022-01-31T00:00:00,2022,1,28,Natural disaster,3640,3655,Oromia,ET04,SA,Active
44776,Countrywide monitoring,Ethiopia,ETH,Oromia,ET04,Borena,ET0412,2,105278,2022-01-31T00:00:00,2022,1,28,Conflict,57352,47926,Somali,ET05,SA,Active
73955,Countrywide monitoring,Ethiopia,ETH,Oromia,ET04,North Shewa (OR),ET0406,2,88,2022-01-31T00:00:00,2022,1,28,Conflict,53,35,Somali,ET05,SA,Active
73979,Countrywide monitoring,Ethiopia,ETH,Oromia,ET04,North Shewa (OR),ET0406,2,12043,2022-01-31T00:00:00,2022,1,28,Conflict,5692,6351,Oromia,ET04,SA,Active
73911,Countrywide monitoring,Ethiopia,ETH,Oromia,ET04,Jimma,ET0404,2,11590,2022-01-31T00:00:00,2022,1,28,Natural disaster,5660,5930,Oromia,ET04,SA,Active
73929,Countrywide monitoring,Ethiopia,ETH,Oromia,ET04,Kelem Wellega,ET0418,2,990,2022-01-31T00:00:00,2022,1,28,Natural disaster,492,498,Oromia,ET04,SA,Active
73931,Countrywide monitoring,Ethiopia,ETH,Oromia,ET04,Kelem Wellega,ET0418,2,9481,2022-01-31T00:00:00,2022,1,28,Conflict,4499,4982,Oromia,ET04,SA,Active
74048,Countrywide monitoring,Ethiopia,ETH,Oromia,ET04,South West Shewa,ET0413,2,223,2022-01-31T00:00:00,2022,1,28,Conflict,109,114,Somali,ET05,SA,Active
74094,Countrywide monitoring,Ethiopia,ETH,South West Ethiopia People,ET11,West Omo,ET1105,2,640,2022-01-31T00:00:00,2022,1,28,Conflict,284,356,South West Ethiopia,ET11,SA,Active
74085,Countrywide monitoring,Ethiopia,ETH,South West Ethiopia People,ET11,Sheka,ET1101,2,10277,2022-01-31T00:00:00,2022,1,28,Conflict,4821,5456,South West Ethiopia,ET11,SA,Active
131226,Countrywide monitoring,Ethiopia,ETH,Oromia,ET04,East Hararge,ET0410,2,1457,2022-01-31T00:00:00,2022,1,28,Natural disaster,809,648,Somali,ET05,SA,Active
131266,Countrywide monitoring,Ethiopia,ETH,Oromia,ET04,East Hararge,ET0410,2,68482,2022-01-31T00:00:00,2022,1,28,Conflict,34695,33787,Somali,ET05,SA,Active
131274,Countrywide monitoring,Ethiopia,ETH,Oromia,ET04,East Hararge,ET0410,2,75316,2022-01-31T00:00:00,2022,1,28,Conflict,38733,36583,Oromia,ET04,SA,Active
131412,Countrywide monitoring,Ethiopia,ETH,Somali,ET05,Shabelle,ET0506,2,79522,2022-01-31T00:00:00,2022,1,28,Natural disaster,39269,40253,Somali,ET05,SA,Active
131390,Countrywide monitoring,Ethiopia,ETH,Somali,ET05,Shabelle,ET0506,2,1215,2022-01-31T00:00:00,2022,1,28,Conflict,660,555,Oromia,ET04,SA,Active
131329,Countrywide monitoring,Ethiopia,ETH,Oromia,ET04,East Wellega,ET0402,2,1521,2022-01-31T00:00:00,2022,1,28,Natural disaster,679,842,Benishangul-Gumuz,ET06,SA,Active
131342,Countrywide monitoring,Ethiopia,ETH,Oromia,ET04,East Wellega,ET0402,2,11040,2022-01-31T00:00:00,2022,1,28,Natural disaster,5697,5343,Oromia,ET04,SA,Active
131345,Countrywide monitoring,Ethiopia,ETH,Oromia,ET04,East Wellega,ET0402,2,12529,2022-01-31T00:00:00,2022,1,28,Conflict,6108,6421,Benishangul-Gumuz,ET06,SA,Active
131465,Countrywide monitoring,Ethiopia,ETH,Somali,ET05,Siti,ET0501,2,21024,2022-01-31T00:00:00,2022,1,28,Conflict,11054,9970,Somali,ET05,SA,Active
131456,Countrywide monitoring,Ethiopia,ETH,Somali,ET05,Siti,ET0501,2,15143,2022-01-31T00:00:00,2022,1,28,Conflict,8223,6920,Oromia,ET04,SA,Active
131500,Countrywide monitoring,Ethiopia,ETH,Somali,ET05,Siti,ET0501,2,62397,2022-01-31T00:00:00,2022,1,28,Natural disaster,32657,29740,Somali,ET05,SA,Active
131520,Countrywide monitoring,Ethiopia,ETH,South Ethiopia People,ET08,Amaro,ET0808,2,896,2022-01-31T00:00:00,2022,1,28,Conflict,495,401,Oromia,ET04,SA,Active
131534,Countrywide monitoring,Ethiopia,ETH,South Ethiopia People,ET08,Amaro,ET0808,2,42839,2022-01-31T00:00:00,2022,1,28,Conflict,23102,19737,Not available,Not available,SA,Active
135135,Countrywide monitoring,Ethiopia,ETH,Central Ethiopia,ET07,Siltie,ET0720,2,3193,2022-01-31T00:00:00,2022,1,28,Conflict,1657,1536,Oromia,ET04,SA,Active
135119,Countrywide monitoring,Ethiopia,ETH,Central Ethiopia,ET07,Siltie,ET0720,2,692,2022-01-31T00:00:00,2022,1,28,Conflict,346,346,Somali,ET05,SA,Active
135177,Countrywide monitoring,Ethiopia,ETH,Dire Dawa,ET15,Dire Dawa urban,ET1501,2,570,2022-01-31T00:00:00,2022,1,28,Conflict,274,296,Oromia,ET04,SA,Active
135162,Countrywide monitoring,Ethiopia,ETH,Central Ethiopia,ET07,Yem,ET0724,2,261,2022-01-31T00:00:00,2022,1,28,Natural disaster,130,131,Central Ethiopia,ET07,SA,Active
135246,Countrywide monitoring,Ethiopia,ETH,Gambela,ET12,Itang Special woreda,ET1204,2,402,2022-01-31T00:00:00,2022,1,28,Conflict,187,215,Gambela,ET12,SA,Active
135236,Countrywide monitoring,Ethiopia,ETH,Gambela,ET12,Agnewak,ET1202,2,4585,2022-01-31T00:00:00,2022,1,28,Conflict,2124,2461,Gambela,ET12,SA,Active
79200,Countrywide monitoring,Ethiopia,ETH,Harari,ET13,Harari,ET1301,2,2563,2022-01-31T00:00:00,2022,1,28,Conflict,1305,1258,Somali,ET05,SA,Active
79185,Countrywide monitoring,Ethiopia,ETH,Harari,ET13,Harari,ET1301,2,327,2022-01-31T00:00:00,2022,1,28,Conflict,165,162,Harari,ET13,SA,Active
79162,Countrywide monitoring,Ethiopia,ETH,Gambela,ET12,Nuwer,ET1201,2,18954,2022-01-31T00:00:00,2022,1,28,Natural disaster,9854,9100,Gambela,ET12,SA,Active
79163,Countrywide monitoring,Ethiopia,ETH,Gambela,ET12,Nuwer,ET1201,2,19868,2022-01-31T00:00:00,2022,1,28,Conflict,9926,9942,Gambela,ET12,SA,Active
79178,Countrywide monitoring,Ethiopia,ETH,Harari,ET13,Harari,ET1301,2,234,2022-01-31T00:00:00,2022,1,28,Conflict,124,110,Oromia,ET04,SA,Active
79252,Countrywide monitoring,Ethiopia,ETH,Oromia,ET04,Arsi,ET0408,2,1875,2022-01-31T00:00:00,2022,1,28,Conflict,1047,828,Somali,ET05,SA,Active
79272,Countrywide monitoring,Ethiopia,ETH,Oromia,ET04,Arsi,ET0408,2,2979,2022-01-31T00:00:00,2022,1,28,Natural disaster,1450,1529,Oromia,ET04,SA,Active
79315,Countrywide monitoring,Ethiopia,ETH,Oromia,ET04,Bale,ET0411,2,11096,2022-01-31T00:00:00,2022,1,28,Conflict,5194,5902,Somali,ET05,SA,Active
79339,Countrywide monitoring,Ethiopia,ETH,Somali,ET05,Erer,ET0504,2,1376,2022-01-31T00:00:00,2022,1,28,Natural disaster,713,663,Somali,ET05,SA,Active
79342,Countrywide monitoring,Ethiopia,ETH,Somali,ET05,Erer,ET0504,2,2345,2022-01-31T00:00:00,2022,1,28,Conflict,1141,1204,Somali,ET05,SA,Active
79403,Countrywide monitoring,Ethiopia,ETH,Somali,ET05,Fafan,ET0502,2,8431,2022-01-31T00:00:00,2022,1,28,Natural disaster,4127,4304,Somali,ET05,SA,Active
79377,Countrywide monitoring,Ethiopia,ETH,Somali,ET05,Erer,ET0504,2,33416,2022-01-31T00:00:00,2022,1,28,Conflict,17040,16376,Oromia,ET04,SA,Active
79420,Countrywide monitoring,Ethiopia,ETH,Somali,ET05,Fafan,ET0502,2,18523,2022-01-31T00:00:00,2022,1,28,Conflict,9030,9493,Somali,ET05,SA,Active
79454,Countrywide monitoring,Ethiopia,ETH,Somali,ET05,Fafan,ET0502,2,131173,2022-01-31T00:00:00,2022,1,28,Conflict,65355,65818,Oromia,ET04,SA,Active
79481,Countrywide monitoring,Ethiopia,ETH,Somali,ET05,Jarar,ET0503,2,277,2022-01-31T00:00:00,2022,1,28,Conflict,125,152,Oromia,ET04,SA,Active
79493,Countrywide monitoring,Ethiopia,ETH,Somali,ET05,Jarar,ET0503,2,28621,2022-01-31T00:00:00,2022,1,28,Natural disaster,13596,15025,Somali,ET05,SA,Active
141107,Countrywide monitoring,Ethiopia,ETH,South Ethiopia People,ET08,Ari,ET0805,2,136,2022-01-31T00:00:00,2022,1,28,Natural disaster,71,65,Not available,Not available,SA,Active
141119,Countrywide monitoring,Ethiopia,ETH,South Ethiopia People,ET08,Basketo,ET0804,2,502,2022-01-31T00:00:00,2022,1,28,Conflict,244,258,Not available,Not available,SA,Active
141095,Countrywide monitoring,Ethiopia,ETH,Oromia,ET04,Jimma,ET0404,2,4619,2022-01-31T00:00:00,2022,1,28,Other reason,2299,2320,Oromia,ET04,SA,Active
141086,Countrywide monitoring,Ethiopia,ETH,Oromia,ET04,Jimma,ET0404,2,583,2022-01-31T00:00:00,2022,1,28,Conflict,294,289,Somali,ET05,SA,Active
141046,Countrywide monitoring,Ethiopia,ETH,Oromia,ET04,Guji,ET0414,2,85867,2022-01-31T00:00:00,2022,1,28,Conflict,44008,41859,Oromia,ET04,SA,Active
150251,Countrywide monitoring,Ethiopia,ETH,South Ethiopia People,ET08,Derashe,ET0807,2,10819,2022-01-31T00:00:00,2022,1,28,Conflict,5351,5468,Not available,Not available,SA,Active
150238,Countrywide monitoring,Ethiopia,ETH,South Ethiopia People,ET08,Burji,ET0810,2,1383,2022-01-31T00:00:00,2022,1,28,Conflict,725,658,Oromia,ET04,SA,Active
150243,Countrywide monitoring,Ethiopia,ETH,South Ethiopia People,ET08,Burji,ET0810,2,2188,2022-01-31T00:00:00,2022,1,28,Conflict,1153,1035,Not available,Not available,SA,Active
150295,Countrywide monitoring,Ethiopia,ETH,South Ethiopia People,ET08,South Omo,ET0812,2,50325,2022-01-31T00:00:00,2022,1,28,Natural disaster,25169,25156,Not available,Not available,SA,Active
150269,Countrywide monitoring,Ethiopia,ETH,South Ethiopia People,ET08,Gofa,ET0803,2,10866,2022-01-31T00:00:00,2022,1,28,Natural disaster,5289,5577,Not available,Not available,SA,Active
150264,Countrywide monitoring,Ethiopia,ETH,South Ethiopia People,ET08,Gamo,ET0802,2,2306,2022-01-31T00:00:00,2022,1,28,Natural disaster,1135,1171,Not available,Not available,SA,Active
150278,Countrywide monitoring,Ethiopia,ETH,South Ethiopia People,ET08,Konso,ET0809,2,11736,2022-01-31T00:00:00,2022,1,28,Conflict,5586,6150,Not available,Not available,SA,Active
150369,Countrywide monitoring,Ethiopia,ETH,South West Ethiopia People,ET11,Kefa,ET1102,2,297,2022-01-31T00:00:00,2022,1,28,Natural disaster,147,150,South West Ethiopia,ET11,SA,Active
150306,Countrywide monitoring,Ethiopia,ETH,South Ethiopia People,ET08,Wolayita,ET0801,2,321,2022-01-31T00:00:00,2022,1,28,Conflict,166,155,Not available,Not available,SA,Active
150317,Countrywide monitoring,Ethiopia,ETH,South Ethiopia People,ET08,Wolayita,ET0801,2,2453,2022-01-31T00:00:00,2022,1,28,Conflict,1181,1272,Afar,ET02,SA,Active
150338,Countrywide monitoring,Ethiopia,ETH,South West Ethiopia People,ET11,Bench Sheko,ET1103,2,242,2022-01-31T00:00:00,2022,1,28,Natural disaster,107,135,South West Ethiopia,ET11,SA,Active
150327,Countrywide monitoring,Ethiopia,ETH,South Ethiopia People,ET08,Wolayita,ET0801,2,10164,2022-01-31T00:00:00,2022,1,28,Natural disaster,5019,5145,Not available,Not available,SA,Active
150355,Countrywide monitoring,Ethiopia,ETH,South West Ethiopia People,ET11,Bench Sheko,ET1103,2,6809,2022-01-31T00:00:00,2022,1,28,Conflict,3184,3625,South West Ethiopia,ET11,SA,Active
135304,Countrywide monitoring,Ethiopia,ETH,Somali,ET05,Afder,ET0508,2,10622,2022-01-31T00:00:00,2022,1,28,Conflict,5197,5425,Oromia,ET04,SA,Active
135332,Countrywide monitoring,Ethiopia,ETH,Somali,ET05,Afder,ET0508,2,86484,2022-01-31T00:00:00,2022,1,28,Natural disaster,42293,44191,Somali,ET05,SA,Active
135384,Countrywide monitoring,Ethiopia,ETH,Somali,ET05,Daawa,ET0511,2,33689,2022-01-31T00:00:00,2022,1,28,Natural disaster,14966,18723,Somali,ET05,SA,Active
135397,Countrywide monitoring,Ethiopia,ETH,Somali,ET05,Daawa,ET0511,2,43035,2022-01-31T00:00:00,2022,1,28,Conflict,18303,24732,Somali,ET05,SA,Active
135418,Countrywide monitoring,Ethiopia,ETH,Somali,ET05,Doolo,ET0507,2,2171,2022-01-31T00:00:00,2022,1,28,Conflict,1037,1134,Oromia,ET04,SA,Active
135409,Countrywide monitoring,Ethiopia,ETH,Somali,ET05,Daawa,ET0511,2,106725,2022-01-31T00:00:00,2022,1,28,Conflict,49077,57648,Oromia,ET04,SA,Active
135447,Countrywide monitoring,Ethiopia,ETH,Somali,ET05,Doolo,ET0507,2,49600,2022-01-31T00:00:00,2022,1,28,Natural disaster,23885,25715,Somali,ET05,SA,Active
136714,Countrywide monitoring,Ethiopia,ETH,Central Ethiopia,ET07,Guraghe,ET0701,2,15166,2022-01-31T00:00:00,2022,1,28,Conflict,7638,7528,Central Ethiopia,ET07,SA,Active
136704,Countrywide monitoring,Ethiopia,ETH,Central Ethiopia,ET07,Guraghe,ET0701,2,4115,2022-01-31T00:00:00,2022,1,28,Conflict,2103,2012,Oromia,ET04,SA,Active
136688,Countrywide monitoring,Ethiopia,ETH,Central Ethiopia,ET07,Guraghe,ET0701,2,124,2022-01-31T00:00:00,2022,1,28,Natural disaster,62,62,Central Ethiopia,ET07,SA,Active
136755,Countrywide monitoring,Ethiopia,ETH,Central Ethiopia,ET07,Hadiya,ET0702,2,1954,2022-01-31T00:00:00,2022,1,28,Conflict,949,1005,Somali,ET05,SA,Active
136744,Countrywide monitoring,Ethiopia,ETH,Central Ethiopia,ET07,Hadiya,ET0702,2,845,2022-01-31T00:00:00,2022,1,28,Conflict,436,409,Not available,Not available,SA,Active
136734,Countrywide monitoring,Ethiopia,ETH,Central Ethiopia,ET07,Hadiya,ET0702,2,501,2022-01-31T00:00:00,2022,1,28,Conflict,254,247,Central Ethiopia,ET07,SA,Active
136976,Countrywide monitoring,Ethiopia,ETH,Sidama,ET16,Sidama,ET1600,2,34175,2022-01-31T00:00:00,2022,1,28,Conflict,17534,16641,Afar,ET02,SA,Active
136985,Countrywide monitoring,Ethiopia,ETH,Somali,ET05,Afder,ET0508,2,570,2022-01-31T00:00:00,2022,1,28,Natural disaster,264,306,Oromia,ET04,SA,Active
136986,Countrywide monitoring,Ethiopia,ETH,Somali,ET05,Afder,ET0508,2,1080,2022-01-31T00:00:00,2022,1,28,Conflict,522,558,Somali,ET05,SA,Active
136955,Countrywide monitoring,Ethiopia,ETH,Sidama,ET16,Sidama,ET1600,2,1242,2022-01-31T00:00:00,2022,1,28,Natural disaster,675,567,Afar,ET02,SA,Active
136967,Countrywide monitoring,Ethiopia,ETH,Sidama,ET16,Sidama,ET1600,2,5220,2022-01-31T00:00:00,2022,1,28,Conflict,2625,2595,South West Ethiopia,ET11,SA,Active
136921,Countrywide monitoring,Ethiopia,ETH,Oromia,ET04,West Wellega,ET0401,2,43724,2022-01-31T00:00:00,2022,1,28,Conflict,20580,23144,Benishangul-Gumuz,ET06,SA,Active
136899,Countrywide monitoring,Ethiopia,ETH,Oromia,ET04,West Wellega,ET0401,2,2558,2022-01-31T00:00:00,2022,1,28,Conflict,1174,1384,Oromia,ET04,SA,Active
136880,Countrywide monitoring,Ethiopia,ETH,Oromia,ET04,West Shewa,ET0405,2,6579,2022-01-31T00:00:00,2022,1,28,Conflict,3403,3176,Oromia,ET04,SA,Active
136852,Countrywide monitoring,Ethiopia,ETH,Oromia,ET04,West Shewa,ET0405,2,201,2022-01-31T00:00:00,2022,1,28,Conflict,143,58,Somali,ET05,SA,Active
136808,Countrywide monitoring,Ethiopia,ETH,Central Ethiopia,ET07,Kembata,ET0703,2,8333,2022-01-31T00:00:00,2022,1,28,Conflict,4241,4092,South West Ethiopia,ET11,SA,Active
136826,Countrywide monitoring,Ethiopia,ETH,Oromia,ET04,West Hararge,ET0409,2,17355,2022-01-31T00:00:00,2022,1,28,Conflict,8705,8650,Oromia,ET04,SA,Active
136772,Countrywide monitoring,Ethiopia,ETH,Central Ethiopia,ET07,Hadiya,ET0702,2,4191,2022-01-31T00:00:00,2022,1,28,Natural disaster,1994,2197,Central Ethiopia,ET07,SA,Active
136779,Countrywide monitoring,Ethiopia,ETH,Central Ethiopia,ET07,Hadiya,ET0702,2,12051,2022-01-31T00:00:00,2022,1,28,Conflict,6119,5932,South West Ethiopia,ET11,SA,Active
136793,Countrywide monitoring,Ethiopia,ETH,Central Ethiopia,ET07,Kembata,ET0703,2,133,2022-01-31T00:00:00,2022,1,28,Conflict,67,66,Oromia,ET04,SA,Active
138252,Countrywide monitoring,Ethiopia,ETH,Oromia,ET04,West Arsi,ET0417,2,382,2022-01-31T00:00:00,2022,1,28,Natural disaster,162,220,Oromia,ET04,SA,Active
138268,Countrywide monitoring,Ethiopia,ETH,Oromia,ET04,West Arsi,ET0417,2,571,2022-01-31T00:00:00,2022,1,28,Conflict,331,240,Somali,ET05,SA,Active
138211,Countrywide monitoring,Ethiopia,ETH,Benishangul-Gumuz,ET06,Assosa,ET0603,2,10701,2022-01-31T00:00:00,2022,1,28,Conflict,5238,5463,Oromia,ET04,SA,Active
138216,Countrywide monitoring,Ethiopia,ETH,Benishangul-Gumuz,ET06,Assosa,ET0603,2,16151,2022-01-31T00:00:00,2022,1,28,Conflict,7933,8218,Benishangul-Gumuz,ET06,SA,Active
138359,Countrywide monitoring,Ethiopia,ETH,Oromia,ET04,West Guji,ET0415,2,79921,2022-01-31T00:00:00,2022,1,28,Natural disaster,43093,36828,Oromia,ET04,SA,Active
138329,Countrywide monitoring,Ethiopia,ETH,Oromia,ET04,West Arsi,ET0417,2,19274,2022-01-31T00:00:00,2022,1,28,Conflict,9330,9944,Oromia,ET04,SA,Active
138391,Countrywide monitoring,Ethiopia,ETH,Oromia,ET04,West Hararge,ET0409,2,6373,2022-01-31T00:00:00,2022,1,28,Conflict,3164,3209,Somali,ET05,SA,Active
138363,Countrywide monitoring,Ethiopia,ETH,Oromia,ET04,West Guji,ET0415,2,88342,2022-01-31T00:00:00,2022,1,28,Conflict,45182,43160,Oromia,ET04,SA,Active
140943,Countrywide monitoring,Ethiopia,ETH,Oromia,ET04,Guji,ET0414,2,125,2022-01-31T00:00:00,2022,1,28,Economic reasons,60,65,Somali,ET05,SA,Active
140936,Countrywide monitoring,Ethiopia,ETH,Oromia,ET04,East Wellega,ET0402,2,67983,2022-01-31T00:00:00,2022,1,28,Conflict,33951,34032,Oromia,ET04,SA,Active
140946,Countrywide monitoring,Ethiopia,ETH,Oromia,ET04,Guji,ET0414,2,132,2022-01-31T00:00:00,2022,1,28,Natural disaster,74,58,Oromia,ET04,SA,Active
140996,Countrywide monitoring,Ethiopia,ETH,Oromia,ET04,Guji,ET0414,2,4883,2022-01-31T00:00:00,2022,1,28,Conflict,2629,2254,Somali,ET05,SA,Active
142313,Northern Ethiopia Crisis,Ethiopia,ETH,Tigray,ET01,North Western,ET0101,2,2595,2022-02-28T00:00:00,2022,2,9,Conflict,1247,1348,Amhara,ET03,SA,Active
142322,Northern Ethiopia Crisis,Ethiopia,ETH,Tigray,ET01,North Western,ET0101,2,800164,2022-02-28T00:00:00,2022,2,9,Conflict,380782,419382,Tigray,ET01,SA,Active
142339,Northern Ethiopia Crisis,Ethiopia,ETH,Tigray,ET01,Southern,ET0104,2,38348,2022-02-28T00:00:00,2022,2,9,Conflict,19266,19082,Tigray,ET01,SA,Active
142334,Northern Ethiopia Crisis,Ethiopia,ETH,Tigray,ET01,South Eastern,ET0106,2,19842,2022-02-28T00:00:00,2022,2,9,Conflict,9807,10035,Tigray,ET01,SA,Active
55882,Northern Ethiopia Crisis,Ethiopia,ETH,Tigray,ET01,Central,ET0102,2,500584,2022-02-28T00:00:00,2022,2,9,Conflict,237344,263240,Tigray,ET01,SA,Active
55895,Northern Ethiopia Crisis,Ethiopia,ETH,Tigray,ET01,Mekelle,ET0107,2,272353,2022-02-28T00:00:00,2022,2,9,Conflict,138055,134298,Tigray,ET01,SA,Active
55888,Northern Ethiopia Crisis,Ethiopia,ETH,Tigray,ET01,Eastern,ET0103,2,180228,2022-02-28T00:00:00,2022,2,9,Conflict,93574,86654,Tigray,ET01,SA,Active
55843,Northern Ethiopia Crisis,Ethiopia,ETH,Amhara,ET03,South Wello,ET0304,2,11086,2022-02-28T00:00:00,2022,2,9,Conflict,5438,5648,Oromia,ET04,SA,Active
55873,Northern Ethiopia Crisis,Ethiopia,ETH,Tigray,ET01,Central,ET0102,2,170,2022-02-28T00:00:00,2022,2,9,Conflict,108,62,Amhara,ET03,SA,Active
55871,Northern Ethiopia Crisis,Ethiopia,ETH,Amhara,ET03,West Gondar,ET0312,2,811,2022-02-28T00:00:00,2022,2,9,Conflict,466,345,Amhara,ET03,SA,Active
55816,Northern Ethiopia Crisis,Ethiopia,ETH,Amhara,ET03,North Gondar,ET0301,2,9118,2022-02-28T00:00:00,2022,2,9,Conflict,4275,4843,Tigray,ET01,SA,Active
55841,Northern Ethiopia Crisis,Ethiopia,ETH,Amhara,ET03,South Wello,ET0304,2,582,2022-02-28T00:00:00,2022,2,9,Conflict,283,299,South West Ethiopia,ET11,SA,Active
55852,Northern Ethiopia Crisis,Ethiopia,ETH,Amhara,ET03,Wag Hamra,ET0308,2,3270,2022-02-28T00:00:00,2022,2,9,Conflict,1627,1643,Amhara,ET03,SA,Active
55853,Northern Ethiopia Crisis,Ethiopia,ETH,Amhara,ET03,West Gojam,ET0307,2,500,2022-02-28T00:00:00,2022,2,9,Conflict,164,336,Tigray,ET01,SA,Active
55854,Northern Ethiopia Crisis,Ethiopia,ETH,Amhara,ET03,West Gojam,ET0307,2,80199,2022-02-28T00:00:00,2022,2,9,Conflict,39946,40253,Benishangul-Gumuz,ET06,SA,Active
55855,Northern Ethiopia Crisis,Ethiopia,ETH,Amhara,ET03,West Gojam,ET0307,2,96030,2022-02-28T00:00:00,2022,2,9,Conflict,48171,47859,Oromia,ET04,SA,Active
55856,Northern Ethiopia Crisis,Ethiopia,ETH,Amhara,ET03,West Gondar,ET0312,2,295,2022-02-28T00:00:00,2022,2,9,Conflict,144,151,Oromia,ET04,SA,Active
55849,Northern Ethiopia Crisis,Ethiopia,ETH,Amhara,ET03,Wag Hamra,ET0308,2,2718,2022-02-28T00:00:00,2022,2,9,Conflict,1357,1361,Tigray,ET01,SA,Active
55822,Northern Ethiopia Crisis,Ethiopia,ETH,Amhara,ET03,North Gondar,ET0301,2,61072,2022-02-28T00:00:00,2022,2,9,Conflict,29999,31073,Amhara,ET03,SA,Active
55823,Northern Ethiopia Crisis,Ethiopia,ETH,Amhara,ET03,North Shewa (AM),ET0305,2,164,2022-02-28T00:00:00,2022,2,9,Natural disaster,79,85,Amhara,ET03,SA,Active
55824,Northern Ethiopia Crisis,Ethiopia,ETH,Amhara,ET03,North Shewa (AM),ET0305,2,677,2022-02-28T00:00:00,2022,2,9,Conflict,328,349,South West Ethiopia,ET11,SA,Active
55825,Northern Ethiopia Crisis,Ethiopia,ETH,Amhara,ET03,North Shewa (AM),ET0305,2,2320,2022-02-28T00:00:00,2022,2,9,Conflict,1131,1189,Not available,Not available,SA,Active
55826,Northern Ethiopia Crisis,Ethiopia,ETH,Amhara,ET03,North Shewa (AM),ET0305,2,5762,2022-02-28T00:00:00,2022,2,9,Conflict,2671,3091,Amhara,ET03,SA,Active
55827,Northern Ethiopia Crisis,Ethiopia,ETH,Amhara,ET03,North Shewa (AM),ET0305,2,20881,2022-02-28T00:00:00,2022,2,9,Conflict,10297,10584,Oromia,ET04,SA,Active
55828,Northern Ethiopia Crisis,Ethiopia,ETH,Amhara,ET03,North Wello,ET0303,2,123,2022-02-28T00:00:00,2022,2,9,Conflict,65,58,South West Ethiopia,ET11,SA,Active
55829,Northern Ethiopia Crisis,Ethiopia,ETH,Amhara,ET03,North Wello,ET0303,2,179,2022-02-28T00:00:00,2022,2,9,Conflict,84,95,Benishangul-Gumuz,ET06,SA,Active
55830,Northern Ethiopia Crisis,Ethiopia,ETH,Amhara,ET03,North Wello,ET0303,2,3607,2022-02-28T00:00:00,2022,2,9,Conflict,1726,1881,Amhara,ET03,SA,Active
55831,Northern Ethiopia Crisis,Ethiopia,ETH,Amhara,ET03,North Wello,ET0303,2,10149,2022-02-28T00:00:00,2022,2,9,Conflict,4940,5209,Oromia,ET04,SA,Active
55832,Northern Ethiopia Crisis,Ethiopia,ETH,Amhara,ET03,North Wello,ET0303,2,23946,2022-02-28T00:00:00,2022,2,9,Conflict,15412,8534,Tigray,ET01,SA,Active
55833,Northern Ethiopia Crisis,Ethiopia,ETH,Amhara,ET03,Oromia,ET0310,2,1944,2022-02-28T00:00:00,2022,2,9,Conflict,941,1003,Amhara,ET03,SA,Active
55834,Northern Ethiopia Crisis,Ethiopia,ETH,Amhara,ET03,South Gondar,ET0302,2,213,2022-02-28T00:00:00,2022,2,9,Conflict,107,106,Tigray,ET01,SA,Active
55835,Northern Ethiopia Crisis,Ethiopia,ETH,Amhara,ET03,South Gondar,ET0302,2,491,2022-02-28T00:00:00,2022,2,9,Conflict,243,248,Amhara,ET03,SA,Active
55836,Northern Ethiopia Crisis,Ethiopia,ETH,Amhara,ET03,South Gondar,ET0302,2,2121,2022-02-28T00:00:00,2022,2,9,Conflict,1108,1013,South West Ethiopia,ET11,SA,Active
55837,Northern Ethiopia Crisis,Ethiopia,ETH,Amhara,ET03,South Gondar,ET0302,2,9546,2022-02-28T00:00:00,2022,2,9,Conflict,4967,4579,Benishangul-Gumuz,ET06,SA,Active
55838,Northern Ethiopia Crisis,Ethiopia,ETH,Amhara,ET03,South Gondar,ET0302,2,25648,2022-02-28T00:00:00,2022,2,9,Conflict,12862,12786,Oromia,ET04,SA,Active
55839,Northern Ethiopia Crisis,Ethiopia,ETH,Amhara,ET03,South Wello,ET0304,2,52,2022-02-28T00:00:00,2022,2,9,Conflict,23,29,Somali,ET05,SA,Active
55766,Northern Ethiopia Crisis,Ethiopia,ETH,Afar,ET02,Awsi /Zone 1,ET0201,2,55185,2022-02-28T00:00:00,2022,2,9,Conflict,26528,28657,Afar,ET02,SA,Active
55767,Northern Ethiopia Crisis,Ethiopia,ETH,Afar,ET02,Fanti /Zone 4,ET0204,2,1080,2022-02-28T00:00:00,2022,2,9,Conflict,526,554,Afar,ET02,SA,Active
55768,Northern Ethiopia Crisis,Ethiopia,ETH,Afar,ET02,Fanti /Zone 4,ET0204,2,2762,2022-02-28T00:00:00,2022,2,9,Natural disaster,1389,1373,Afar,ET02,SA,Active
55764,Northern Ethiopia Crisis,Ethiopia,ETH,Afar,ET02,Awsi /Zone 1,ET0201,2,26790,2022-02-28T00:00:00,2022,2,9,Natural disaster,13415,13375,Afar,ET02,SA,Active
55789,Northern Ethiopia Crisis,Ethiopia,ETH,Afar,ET02,Kilbati /Zone2,ET0202,2,21504,2022-02-28T00:00:00,2022,2,9,Conflict,9658,11846,Afar,ET02,SA,Active
55809,Northern Ethiopia Crisis,Ethiopia,ETH,Amhara,ET03,Central Gondar,ET0311,2,22005,2022-02-28T00:00:00,2022,2,9,Conflict,10377,11628,Amhara,ET03,SA,Active
55810,Northern Ethiopia Crisis,Ethiopia,ETH,Amhara,ET03,East Gojam,ET0306,2,562,2022-02-28T00:00:00,2022,2,9,Natural disaster,271,291,Amhara,ET03,SA,Active
55811,Northern Ethiopia Crisis,Ethiopia,ETH,Amhara,ET03,East Gojam,ET0306,2,4504,2022-02-28T00:00:00,2022,2,9,Conflict,2268,2236,Benishangul-Gumuz,ET06,SA,Active
55812,Northern Ethiopia Crisis,Ethiopia,ETH,Amhara,ET03,East Gojam,ET0306,2,12781,2022-02-28T00:00:00,2022,2,9,Conflict,6668,6113,Oromia,ET04,SA,Active
55807,Northern Ethiopia Crisis,Ethiopia,ETH,Amhara,ET03,Central Gondar,ET0311,2,3446,2022-02-28T00:00:00,2022,2,9,Conflict,1636,1810,Tigray,ET01,SA,Active
55796,Northern Ethiopia Crisis,Ethiopia,ETH,Amhara,ET03,Awi,ET0309,2,1960,2022-02-28T00:00:00,2022,2,9,Conflict,1003,957,Oromia,ET04,SA,Active
55797,Northern Ethiopia Crisis,Ethiopia,ETH,Amhara,ET03,Awi,ET0309,2,5898,2022-02-28T00:00:00,2022,2,9,Conflict,2974,2924,Amhara,ET03,SA,Active
55798,Northern Ethiopia Crisis,Ethiopia,ETH,Amhara,ET03,Awi,ET0309,2,36478,2022-02-28T00:00:00,2022,2,9,Conflict,18256,18222,Benishangul-Gumuz,ET06,SA,Active
55799,Northern Ethiopia Crisis,Ethiopia,ETH,Amhara,ET03,Central Gondar,ET0311,2,384,2022-02-28T00:00:00,2022,2,9,Conflict,193,191,Oromia,ET04,SA,Active
55800,Northern Ethiopia Crisis,Ethiopia,ETH,Amhara,ET03,Central Gondar,ET0311,2,1007,2022-02-28T00:00:00,2022,2,9,Conflict,509,498,Benishangul-Gumuz,ET06,SA,Active
55783,Northern Ethiopia Crisis,Ethiopia,ETH,Afar,ET02,Kilbati /Zone2,ET0202,2,2167,2022-02-28T00:00:00,2022,2,9,Natural disaster,1085,1082,Afar,ET02,SA,Active
55777,Northern Ethiopia Crisis,Ethiopia,ETH,Afar,ET02,Gabi /Zone 3,ET0203,2,17994,2022-02-28T00:00:00,2022,2,9,Conflict,8905,9089,Afar,ET02,SA,Active
55778,Northern Ethiopia Crisis,Ethiopia,ETH,Afar,ET02,Gabi /Zone 3,ET0203,2,34236,2022-02-28T00:00:00,2022,2,9,Natural disaster,17134,17102,Afar,ET02,SA,Active
55779,Northern Ethiopia Crisis,Ethiopia,ETH,Afar,ET02,Hari /Zone 5,ET0205,2,2628,2022-02-28T00:00:00,2022,2,9,Natural disaster,1052,1576,Afar,ET02,SA,Active
55780,Northern Ethiopia Crisis,Ethiopia,ETH,Afar,ET02,Hari /Zone 5,ET0205,2,10918,2022-02-28T00:00:00,2022,2,9,Conflict,5502,5416,Afar,ET02,SA,Active
45048,Countrywide monitoring,Ethiopia,ETH,Somali,ET05,Nogob,ET0510,2,36120,2022-04-30T00:00:00,2022,4,29,Natural disaster,18752,17368,Somali,ET05,SA,Active
44978,Countrywide monitoring,Ethiopia,ETH,Somali,ET05,Liban,ET0509,2,43786,2022-04-30T00:00:00,2022,4,29,Conflict,18675,25111,Somali,ET05,SA,Active
44967,Countrywide monitoring,Ethiopia,ETH,Somali,ET05,Liban,ET0509,2,38166,2022-04-30T00:00:00,2022,4,29,Natural disaster,16869,21297,Somali,ET05,SA,Active
45020,Countrywide monitoring,Ethiopia,ETH,Somali,ET05,Nogob,ET0510,2,762,2022-04-30T00:00:00,2022,4,29,Conflict,406,356,Oromia,ET04,SA,Active
45003,Countrywide monitoring,Ethiopia,ETH,Somali,ET05,Liban,ET0509,2,102078,2022-04-30T00:00:00,2022,4,29,Conflict,47213,54865,Oromia,ET04,SA,Active
44886,Countrywide monitoring,Ethiopia,ETH,Somali,ET05,Korahe,ET0505,2,930,2022-04-30T00:00:00,2022,4,29,Conflict,430,500,Somali,ET05,SA,Active
44923,Countrywide monitoring,Ethiopia,ETH,Somali,ET05,Korahe,ET0505,2,26754,2022-04-30T00:00:00,2022,4,29,Natural disaster,12281,14473,Somali,ET05,SA,Active
44930,Countrywide monitoring,Ethiopia,ETH,Somali,ET05,Liban,ET0509,2,1440,2022-04-30T00:00:00,2022,4,29,Natural disaster,539,901,Oromia,ET04,SA,Active
44814,Countrywide monitoring,Ethiopia,ETH,Oromia,ET04,East Bale,ET0421,2,2500,2022-04-30T00:00:00,2022,4,29,Conflict,1004,1496,Oromia,ET04,SA,Active
44842,Countrywide monitoring,Ethiopia,ETH,Oromia,ET04,East Bale,ET0421,2,41003,2022-04-30T00:00:00,2022,4,29,Natural disaster,17588,23415,Oromia,ET04,SA,Active
44836,Countrywide monitoring,Ethiopia,ETH,Oromia,ET04,East Bale,ET0421,2,11636,2022-04-30T00:00:00,2022,4,29,Conflict,5320,6316,Somali,ET05,SA,Active
44880,Countrywide monitoring,Ethiopia,ETH,Somali,ET05,Korahe,ET0505,2,378,2022-04-30T00:00:00,2022,4,29,Conflict,153,225,Oromia,ET04,SA,Active
44796,Countrywide monitoring,Ethiopia,ETH,Oromia,ET04,Buno Bedele,ET0416,2,6781,2022-04-30T00:00:00,2022,4,29,Natural disaster,3457,3324,Oromia,ET04,SA,Active
44760,Countrywide monitoring,Ethiopia,ETH,Oromia,ET04,Borena,ET0412,2,79953,2022-04-30T00:00:00,2022,4,29,Conflict,42865,37088,Somali,ET05,SA,Active
44738,Countrywide monitoring,Ethiopia,ETH,Oromia,ET04,Borena,ET0412,2,15370,2022-04-30T00:00:00,2022,4,29,Conflict,8726,6644,Oromia,ET04,SA,Active
44721,Countrywide monitoring,Ethiopia,ETH,Oromia,ET04,Borena,ET0412,2,3385,2022-04-30T00:00:00,2022,4,29,Natural disaster,1938,1447,Oromia,ET04,SA,Active
35098,Countrywide monitoring,Ethiopia,ETH,Afar,ET02,Awsi /Zone 1,ET0201,2,56787,2022-04-30T00:00:00,2022,4,29,Conflict,29888,26899,Afar,ET02,SA,Active
35087,Countrywide monitoring,Ethiopia,ETH,Afar,ET02,Awsi /Zone 1,ET0201,2,15585,2022-04-30T00:00:00,2022,4,29,Natural disaster,8297,7288,Afar,ET02,SA,Active
35111,Countrywide monitoring,Ethiopia,ETH,Afar,ET02,Fanti /Zone 4,ET0204,2,2136,2022-04-30T00:00:00,2022,4,29,Natural disaster,1058,1078,Afar,ET02,SA,Active
35163,Countrywide monitoring,Ethiopia,ETH,Afar,ET02,Gabi /Zone 3,ET0203,2,17370,2022-04-30T00:00:00,2022,4,29,Natural disaster,8521,8849,Afar,ET02,SA,Active
35145,Countrywide monitoring,Ethiopia,ETH,Afar,ET02,Gabi /Zone 3,ET0203,2,10846,2022-04-30T00:00:00,2022,4,29,Conflict,5461,5385,Afar,ET02,SA,Active
73724,Countrywide monitoring,Ethiopia,ETH,Amhara,ET03,North Wello,ET0303,2,11453,2022-04-30T00:00:00,2022,4,29,Conflict,5635,5818,Oromia,ET04,SA,Active
73727,Countrywide monitoring,Ethiopia,ETH,Amhara,ET03,North Wello,ET0303,2,20435,2022-04-30T00:00:00,2022,4,29,Conflict,12154,8281,Tigray,ET01,SA,Active
73736,Countrywide monitoring,Ethiopia,ETH,Amhara,ET03,Oromia,ET0310,2,115,2022-04-30T00:00:00,2022,4,29,Conflict,50,65,Oromia,ET04,SA,Active
73837,Countrywide monitoring,Ethiopia,ETH,Amhara,ET03,South Gondar,ET0302,2,27999,2022-04-30T00:00:00,2022,4,29,Conflict,14080,13919,Oromia,ET04,SA,Active
73833,Countrywide monitoring,Ethiopia,ETH,Amhara,ET03,South Gondar,ET0302,2,9365,2022-04-30T00:00:00,2022,4,29,Conflict,4748,4617,Benishangul-Gumuz,ET06,SA,Active
73841,Countrywide monitoring,Ethiopia,ETH,Amhara,ET03,South Wello,ET0304,2,52,2022-04-30T00:00:00,2022,4,29,Conflict,23,29,Somali,ET05,SA,Active
73872,Countrywide monitoring,Ethiopia,ETH,Amhara,ET03,South Wello,ET0304,2,415,2022-04-30T00:00:00,2022,4,29,Conflict,199,216,South West Ethiopia,ET11,SA,Active
73898,Countrywide monitoring,Ethiopia,ETH,Oromia,ET04,Jimma,ET0404,2,9114,2022-04-30T00:00:00,2022,4,29,Natural disaster,4580,4534,Oromia,ET04,SA,Active
73816,Countrywide monitoring,Ethiopia,ETH,Amhara,ET03,South Gondar,ET0302,2,2272,2022-04-30T00:00:00,2022,4,29,Conflict,1173,1099,South West Ethiopia,ET11,SA,Active
73806,Countrywide monitoring,Ethiopia,ETH,Amhara,ET03,South Gondar,ET0302,2,316,2022-04-30T00:00:00,2022,4,29,Conflict,132,184,Amhara,ET03,SA,Active
73800,Countrywide monitoring,Ethiopia,ETH,Amhara,ET03,South Gondar,ET0302,2,125,2022-04-30T00:00:00,2022,4,29,Conflict,61,64,Tigray,ET01,SA,Active
73779,Countrywide monitoring,Ethiopia,ETH,Amhara,ET03,Oromia,ET0310,2,2409,2022-04-30T00:00:00,2022,4,29,Conflict,1135,1274,Amhara,ET03,SA,Active
74082,Countrywide monitoring,Ethiopia,ETH,South West Ethiopia People,ET11,Sheka,ET1101,2,9913,2022-04-30T00:00:00,2022,4,29,Conflict,5072,4841,South West Ethiopia,ET11,SA,Active
74092,Countrywide monitoring,Ethiopia,ETH,South West Ethiopia People,ET11,West Omo,ET1105,2,612,2022-04-30T00:00:00,2022,4,29,Conflict,288,324,South West Ethiopia,ET11,SA,Active
74049,Countrywide monitoring,Ethiopia,ETH,Oromia,ET04,South West Shewa,ET0413,2,223,2022-04-30T00:00:00,2022,4,29,Conflict,109,114,Somali,ET05,SA,Active
73932,Countrywide monitoring,Ethiopia,ETH,Oromia,ET04,Kelem Wellega,ET0418,2,9540,2022-04-30T00:00:00,2022,4,29,Conflict,4486,5054,Oromia,ET04,SA,Active
73930,Countrywide monitoring,Ethiopia,ETH,Oromia,ET04,Kelem Wellega,ET0418,2,995,2022-04-30T00:00:00,2022,4,29,Natural disaster,487,508,Oromia,ET04,SA,Active
73928,Countrywide monitoring,Ethiopia,ETH,Oromia,ET04,Kelem Wellega,ET0418,2,132,2022-04-30T00:00:00,2022,4,29,Conflict,60,72,Benishangul-Gumuz,ET06,SA,Active
73980,Countrywide monitoring,Ethiopia,ETH,Oromia,ET04,North Shewa (OR),ET0406,2,14821,2022-04-30T00:00:00,2022,4,29,Conflict,7060,7761,Oromia,ET04,SA,Active
73957,Countrywide monitoring,Ethiopia,ETH,Oromia,ET04,North Shewa (OR),ET0406,2,92,2022-04-30T00:00:00,2022,4,29,Conflict,54,38,Somali,ET05,SA,Active
79498,Countrywide monitoring,Ethiopia,ETH,Somali,ET05,Jarar,ET0503,2,31296,2022-04-30T00:00:00,2022,4,29,Natural disaster,15848,15448,Somali,ET05,SA,Active
79473,Countrywide monitoring,Ethiopia,ETH,Somali,ET05,Jarar,ET0503,2,276,2022-04-30T00:00:00,2022,4,29,Conflict,150,126,Oromia,ET04,SA,Active
79456,Countrywide monitoring,Ethiopia,ETH,Somali,ET05,Fafan,ET0502,2,136158,2022-04-30T00:00:00,2022,4,29,Conflict,69462,66696,Oromia,ET04,SA,Active
79421,Countrywide monitoring,Ethiopia,ETH,Somali,ET05,Fafan,ET0502,2,22452,2022-04-30T00:00:00,2022,4,29,Conflict,10663,11789,Somali,ET05,SA,Active
79414,Countrywide monitoring,Ethiopia,ETH,Somali,ET05,Fafan,ET0502,2,10884,2022-04-30T00:00:00,2022,4,29,Natural disaster,5620,5264,Somali,ET05,SA,Active
79378,Countrywide monitoring,Ethiopia,ETH,Somali,ET05,Erer,ET0504,2,33678,2022-04-30T00:00:00,2022,4,29,Conflict,16858,16820,Oromia,ET04,SA,Active
131121,Countrywide monitoring,Ethiopia,ETH,Amhara,ET03,Awi,ET0309,2,14935,2022-04-30T00:00:00,2022,4,29,Conflict,8213,6722,Amhara,ET03,SA,Active
131125,Countrywide monitoring,Ethiopia,ETH,Amhara,ET03,Awi,ET0309,2,27483,2022-04-30T00:00:00,2022,4,29,Conflict,13519,13964,Benishangul-Gumuz,ET06,SA,Active
131112,Countrywide monitoring,Ethiopia,ETH,Amhara,ET03,Awi,ET0309,2,2047,2022-04-30T00:00:00,2022,4,29,Conflict,1059,988,Oromia,ET04,SA,Active
131095,Countrywide monitoring,Ethiopia,ETH,Afar,ET02,Kilbati /Zone2,ET0202,2,23626,2022-04-30T00:00:00,2022,4,29,Conflict,11893,11733,Afar,ET02,SA,Active
131019,Countrywide monitoring,Ethiopia,ETH,Afar,ET02,Hari /Zone 5,ET0205,2,2628,2022-04-30T00:00:00,2022,4,29,Natural disaster,1345,1283,Afar,ET02,SA,Active
131060,Countrywide monitoring,Ethiopia,ETH,Afar,ET02,Kilbati /Zone2,ET0202,2,2167,2022-04-30T00:00:00,2022,4,29,Natural disaster,1101,1066,Afar,ET02,SA,Active
131040,Countrywide monitoring,Ethiopia,ETH,Afar,ET02,Hari /Zone 5,ET0205,2,6268,2022-04-30T00:00:00,2022,4,29,Conflict,3268,3000,Afar,ET02,SA,Active
79343,Countrywide monitoring,Ethiopia,ETH,Somali,ET05,Erer,ET0504,2,2346,2022-04-30T00:00:00,2022,4,29,Conflict,1182,1164,Somali,ET05,SA,Active
79345,Countrywide monitoring,Ethiopia,ETH,Somali,ET05,Erer,ET0504,2,2874,2022-04-30T00:00:00,2022,4,29,Natural disaster,1469,1405,Somali,ET05,SA,Active
79264,Countrywide monitoring,Ethiopia,ETH,Oromia,ET04,Arsi,ET0408,2,2658,2022-04-30T00:00:00,2022,4,29,Natural disaster,1280,1378,Oromia,ET04,SA,Active
79247,Countrywide monitoring,Ethiopia,ETH,Oromia,ET04,Arsi,ET0408,2,1842,2022-04-30T00:00:00,2022,4,29,Conflict,1027,815,Somali,ET05,SA,Active
79305,Countrywide monitoring,Ethiopia,ETH,Oromia,ET04,Bale,ET0411,2,10033,2022-04-30T00:00:00,2022,4,29,Conflict,4300,5733,Somali,ET05,SA,Active
79183,Countrywide monitoring,Ethiopia,ETH,Harari,ET13,Harari,ET1301,2,326,2022-04-30T00:00:00,2022,4,29,Conflict,176,150,Harari,ET13,SA,Active
79201,Countrywide monitoring,Ethiopia,ETH,Harari,ET13,Harari,ET1301,2,2572,2022-04-30T00:00:00,2022,4,29,Conflict,1344,1228,Somali,ET05,SA,Active
79138,Countrywide monitoring,Ethiopia,ETH,Gambela,ET12,Nuwer,ET1201,2,7631,2022-04-30T00:00:00,2022,4,29,Natural disaster,3592,4039,Gambela,ET12,SA,Active
79156,Countrywide monitoring,Ethiopia,ETH,Gambela,ET12,Nuwer,ET1201,2,14696,2022-04-30T00:00:00,2022,4,29,Conflict,7294,7402,Gambela,ET12,SA,Active
135235,Countrywide monitoring,Ethiopia,ETH,Gambela,ET12,Agnewak,ET1202,2,4534,2022-04-30T00:00:00,2022,4,29,Conflict,2109,2425,Gambela,ET12,SA,Active
135154,Countrywide monitoring,Ethiopia,ETH,Central Ethiopia,ET07,Yem,ET0724,2,230,2022-04-30T00:00:00,2022,4,29,Natural disaster,108,122,Central Ethiopia,ET07,SA,Active
135178,Countrywide monitoring,Ethiopia,ETH,Dire Dawa,ET15,Dire Dawa urban,ET1501,2,570,2022-04-30T00:00:00,2022,4,29,Conflict,270,300,Oromia,ET04,SA,Active
135123,Countrywide monitoring,Ethiopia,ETH,Central Ethiopia,ET07,Siltie,ET0720,2,812,2022-04-30T00:00:00,2022,4,29,Conflict,395,417,Somali,ET05,SA,Active
135136,Countrywide monitoring,Ethiopia,ETH,Central Ethiopia,ET07,Siltie,ET0720,2,3196,2022-04-30T00:00:00,2022,4,29,Conflict,1551,1645,Oromia,ET04,SA,Active
131539,Countrywide monitoring,Ethiopia,ETH,South Ethiopia People,ET08,Ari,ET0805,2,125,2022-04-30T00:00:00,2022,4,29,Natural disaster,62,63,Not available,Not available,SA,Active
131532,Countrywide monitoring,Ethiopia,ETH,South Ethiopia People,ET08,Amaro,ET0808,2,36121,2022-04-30T00:00:00,2022,4,29,Conflict,17025,19096,Not available,Not available,SA,Active
131515,Countrywide monitoring,Ethiopia,ETH,South Ethiopia People,ET08,Amaro,ET0808,2,756,2022-04-30T00:00:00,2022,4,29,Conflict,364,392,Oromia,ET04,SA,Active
131499,Countrywide monitoring,Ethiopia,ETH,Somali,ET05,Siti,ET0501,2,61974,2022-04-30T00:00:00,2022,4,29,Natural disaster,32251,29723,Somali,ET05,SA,Active
131454,Countrywide monitoring,Ethiopia,ETH,Somali,ET05,Siti,ET0501,2,15000,2022-04-30T00:00:00,2022,4,29,Conflict,7738,7262,Oromia,ET04,SA,Active
131467,Countrywide monitoring,Ethiopia,ETH,Somali,ET05,Siti,ET0501,2,24120,2022-04-30T00:00:00,2022,4,29,Conflict,12637,11483,Somali,ET05,SA,Active
131344,Countrywide monitoring,Ethiopia,ETH,Oromia,ET04,East Wellega,ET0402,2,11723,2022-04-30T00:00:00,2022,4,29,Conflict,5783,5940,Benishangul-Gumuz,ET06,SA,Active
131388,Countrywide monitoring,Ethiopia,ETH,Somali,ET05,Shabelle,ET0506,2,1134,2022-04-30T00:00:00,2022,4,29,Conflict,605,529,Oromia,ET04,SA,Active
131425,Countrywide monitoring,Ethiopia,ETH,Somali,ET05,Shabelle,ET0506,2,132450,2022-04-30T00:00:00,2022,4,29,Natural disaster,65651,66799,Somali,ET05,SA,Active
131253,Countrywide monitoring,Ethiopia,ETH,Oromia,ET04,East Hararge,ET0410,2,62503,2022-04-30T00:00:00,2022,4,29,Conflict,31796,30707,Oromia,ET04,SA,Active
131262,Countrywide monitoring,Ethiopia,ETH,Oromia,ET04,East Hararge,ET0410,2,66937,2022-04-30T00:00:00,2022,4,29,Conflict,34152,32785,Somali,ET05,SA,Active
131227,Countrywide monitoring,Ethiopia,ETH,Oromia,ET04,East Hararge,ET0410,2,1457,2022-04-30T00:00:00,2022,4,29,Natural disaster,798,659,Somali,ET05,SA,Active
131176,Countrywide monitoring,Ethiopia,ETH,Amhara,ET03,Central Gondar,ET0311,2,3446,2022-04-30T00:00:00,2022,4,29,Conflict,1636,1810,Tigray,ET01,SA,Active
131166,Countrywide monitoring,Ethiopia,ETH,Amhara,ET03,Central Gondar,ET0311,2,1134,2022-04-30T00:00:00,2022,4,29,Conflict,577,557,Benishangul-Gumuz,ET06,SA,Active
131157,Countrywide monitoring,Ethiopia,ETH,Amhara,ET03,Central Gondar,ET0311,2,384,2022-04-30T00:00:00,2022,4,29,Conflict,193,191,Oromia,ET04,SA,Active
141125,Countrywide monitoring,Ethiopia,ETH,South Ethiopia People,ET08,Burji,ET0810,2,1256,2022-04-30T00:00:00,2022,4,29,Conflict,632,624,Oromia,ET04,SA,Active
141114,Countrywide monitoring,Ethiopia,ETH,South Ethiopia People,ET08,Basketo,ET0804,2,454,2022-04-30T00:00:00,2022,4,29,Conflict,226,228,Not available,Not available,SA,Active
141099,Countrywide monitoring,Ethiopia,ETH,Oromia,ET04,Jimma,ET0404,2,4895,2022-04-30T00:00:00,2022,4,29,Other reason,2418,2477,Oromia,ET04,SA,Active
141078,Countrywide monitoring,Ethiopia,ETH,Oromia,ET04,Jimma,ET0404,2,244,2022-04-30T00:00:00,2022,4,29,Conflict,134,110,Somali,ET05,SA,Active
141027,Countrywide monitoring,Ethiopia,ETH,Oromia,ET04,Guji,ET0414,2,39886,2022-04-30T00:00:00,2022,4,29,Natural disaster,18219,21667,Oromia,ET04,SA,Active
141044,Countrywide monitoring,Ethiopia,ETH,Oromia,ET04,Guji,ET0414,2,71782,2022-04-30T00:00:00,2022,4,29,Conflict,35326,36456,Oromia,ET04,SA,Active
150354,Countrywide monitoring,Ethiopia,ETH,South West Ethiopia People,ET11,Bench Sheko,ET1103,2,5461,2022-04-30T00:00:00,2022,4,29,Conflict,2685,2776,South West Ethiopia,ET11,SA,Active
150341,Countrywide monitoring,Ethiopia,ETH,South West Ethiopia People,ET11,Bench Sheko,ET1103,2,313,2022-04-30T00:00:00,2022,4,29,Natural disaster,179,134,South West Ethiopia,ET11,SA,Active
150318,Countrywide monitoring,Ethiopia,ETH,South Ethiopia People,ET08,Wolayita,ET0801,2,2453,2022-04-30T00:00:00,2022,4,29,Conflict,1259,1194,Sidama,ET16,SA,Active
150330,Countrywide monitoring,Ethiopia,ETH,South Ethiopia People,ET08,Wolayita,ET0801,2,12389,2022-04-30T00:00:00,2022,4,29,Natural disaster,6262,6127,Not available,Not available,SA,Active
150308,Countrywide monitoring,Ethiopia,ETH,South Ethiopia People,ET08,Wolayita,ET0801,2,1670,2022-04-30T00:00:00,2022,4,29,Conflict,864,806,Not available,Not available,SA,Active
150301,Countrywide monitoring,Ethiopia,ETH,South Ethiopia People,ET08,South Omo,ET0812,2,62842,2022-04-30T00:00:00,2022,4,29,Natural disaster,30920,31922,Not available,Not available,SA,Active
150370,Countrywide monitoring,Ethiopia,ETH,South West Ethiopia People,ET11,Kefa,ET1102,2,297,2022-04-30T00:00:00,2022,4,29,Natural disaster,160,137,South West Ethiopia,ET11,SA,Active
150275,Countrywide monitoring,Ethiopia,ETH,South Ethiopia People,ET08,Gofa,ET0803,2,12151,2022-04-30T00:00:00,2022,4,29,Natural disaster,6150,6001,Not available,Not available,SA,Active
150276,Countrywide monitoring,Ethiopia,ETH,South Ethiopia People,ET08,Konso,ET0809,2,6449,2022-04-30T00:00:00,2022,4,29,Conflict,3305,3144,Not available,Not available,SA,Active
150247,Countrywide monitoring,Ethiopia,ETH,South Ethiopia People,ET08,Derashe,ET0807,2,10125,2022-04-30T00:00:00,2022,4,29,Conflict,4597,5528,Not available,Not available,SA,Active
150288,Countrywide monitoring,Ethiopia,ETH,South Ethiopia People,ET08,South Omo,ET0812,2,685,2022-04-30T00:00:00,2022,4,29,Conflict,338,347,Not available,Not available,SA,Active
150240,Countrywide monitoring,Ethiopia,ETH,South Ethiopia People,ET08,Burji,ET0810,2,2002,2022-04-30T00:00:00,2022,4,29,Conflict,999,1003,Not available,Not available,SA,Active
150259,Countrywide monitoring,Ethiopia,ETH,South Ethiopia People,ET08,Gamo,ET0802,2,2174,2022-04-30T00:00:00,2022,4,29,Natural disaster,960,1214,Not available,Not available,SA,Active
140997,Countrywide monitoring,Ethiopia,ETH,Oromia,ET04,Guji,ET0414,2,5094,2022-04-30T00:00:00,2022,4,29,Conflict,2536,2558,Somali,ET05,SA,Active
140930,Countrywide monitoring,Ethiopia,ETH,Oromia,ET04,East Wellega,ET0402,2,45033,2022-04-30T00:00:00,2022,4,29,Conflict,21836,23197,Oromia,ET04,SA,Active
140885,Countrywide monitoring,Ethiopia,ETH,Amhara,ET03,North Shewa (AM),ET0305,2,9786,2022-04-30T00:00:00,2022,4,29,Conflict,4671,5115,Amhara,ET03,SA,Active
140891,Countrywide monitoring,Ethiopia,ETH,Amhara,ET03,North Shewa (AM),ET0305,2,26112,2022-04-30T00:00:00,2022,4,29,Conflict,13576,12536,Oromia,ET04,SA,Active
140912,Countrywide monitoring,Ethiopia,ETH,Amhara,ET03,North Wello,ET0303,2,81,2022-04-30T00:00:00,2022,4,29,Conflict,45,36,Amhara,ET03,SA,Active
140875,Countrywide monitoring,Ethiopia,ETH,Amhara,ET03,North Shewa (AM),ET0305,2,2434,2022-04-30T00:00:00,2022,4,29,Conflict,1194,1240,Not available,Not available,SA,Active
140866,Countrywide monitoring,Ethiopia,ETH,Amhara,ET03,North Shewa (AM),ET0305,2,459,2022-04-30T00:00:00,2022,4,29,Conflict,238,221,Benishangul-Gumuz,ET06,SA,Active
140868,Countrywide monitoring,Ethiopia,ETH,Amhara,ET03,North Shewa (AM),ET0305,2,671,2022-04-30T00:00:00,2022,4,29,Conflict,324,347,South West Ethiopia,ET11,SA,Active
140837,Countrywide monitoring,Ethiopia,ETH,Amhara,ET03,North Shewa (AM),ET0305,2,164,2022-04-30T00:00:00,2022,4,29,Natural disaster,79,85,Amhara,ET03,SA,Active
138356,Countrywide monitoring,Ethiopia,ETH,Oromia,ET04,West Guji,ET0415,2,64371,2022-04-30T00:00:00,2022,4,29,Conflict,33858,30513,Oromia,ET04,SA,Active
138357,Countrywide monitoring,Ethiopia,ETH,Oromia,ET04,West Guji,ET0415,2,73013,2022-04-30T00:00:00,2022,4,29,Natural disaster,36713,36300,Oromia,ET04,SA,Active
138392,Countrywide monitoring,Ethiopia,ETH,Oromia,ET04,West Hararge,ET0409,2,6374,2022-04-30T00:00:00,2022,4,29,Conflict,3149,3225,Somali,ET05,SA,Active
140744,Countrywide monitoring,Ethiopia,ETH,Amhara,ET03,Central Gondar,ET0311,2,24528,2022-04-30T00:00:00,2022,4,29,Conflict,11717,12811,Amhara,ET03,SA,Active
140772,Countrywide monitoring,Ethiopia,ETH,Amhara,ET03,East Gojam,ET0306,2,562,2022-04-30T00:00:00,2022,4,29,Natural disaster,268,294,Amhara,ET03,SA,Active
140784,Countrywide monitoring,Ethiopia,ETH,Amhara,ET03,East Gojam,ET0306,2,16389,2022-04-30T00:00:00,2022,4,29,Conflict,8386,8003,Oromia,ET04,SA,Active
140778,Countrywide monitoring,Ethiopia,ETH,Amhara,ET03,East Gojam,ET0306,2,1576,2022-04-30T00:00:00,2022,4,29,Conflict,793,783,Benishangul-Gumuz,ET06,SA,Active
140825,Countrywide monitoring,Ethiopia,ETH,Amhara,ET03,North Gondar,ET0301,2,61072,2022-04-30T00:00:00,2022,4,29,Conflict,29999,31073,Amhara,ET03,SA,Active
140819,Countrywide monitoring,Ethiopia,ETH,Amhara,ET03,North Gondar,ET0301,2,8663,2022-04-30T00:00:00,2022,4,29,Conflict,3957,4706,Tigray,ET01,SA,Active
138323,Countrywide monitoring,Ethiopia,ETH,Oromia,ET04,West Arsi,ET0417,2,16811,2022-04-30T00:00:00,2022,4,29,Conflict,7322,9489,Oromia,ET04,SA,Active
138218,Countrywide monitoring,Ethiopia,ETH,Benishangul-Gumuz,ET06,Assosa,ET0603,2,16639,2022-04-30T00:00:00,2022,4,29,Conflict,8259,8380,Benishangul-Gumuz,ET06,SA,Active
138213,Countrywide monitoring,Ethiopia,ETH,Benishangul-Gumuz,ET06,Assosa,ET0603,2,11433,2022-04-30T00:00:00,2022,4,29,Conflict,5848,5585,Oromia,ET04,SA,Active
138239,Countrywide monitoring,Ethiopia,ETH,Oromia,ET04,West Arsi,ET0417,2,100,2022-04-30T00:00:00,2022,4,29,Conflict,51,49,Sidama,ET16,SA,Active
138246,Countrywide monitoring,Ethiopia,ETH,Oromia,ET04,West Arsi,ET0417,2,340,2022-04-30T00:00:00,2022,4,29,Natural disaster,171,169,Oromia,ET04,SA,Active
138257,Countrywide monitoring,Ethiopia,ETH,Oromia,ET04,West Arsi,ET0417,2,476,2022-04-30T00:00:00,2022,4,29,Conflict,277,199,Somali,ET05,SA,Active
138070,Countrywide monitoring,Ethiopia,ETH,Amhara,ET03,South Wello,ET0304,2,11070,2022-04-30T00:00:00,2022,4,29,Conflict,5480,5590,Oromia,ET04,SA,Active
138059,Countrywide monitoring,Ethiopia,ETH,Amhara,ET03,South Wello,ET0304,2,1641,2022-04-30T00:00:00,2022,4,29,Conflict,803,838,Afar,ET02,SA,Active
138108,Countrywide monitoring,Ethiopia,ETH,Amhara,ET03,Wag Hamra,ET0308,2,2864,2022-04-30T00:00:00,2022,4,29,Conflict,1571,1293,Tigray,ET01,SA,Active
138120,Countrywide monitoring,Ethiopia,ETH,Amhara,ET03,Wag Hamra,ET0308,2,42449,2022-04-30T00:00:00,2022,4,29,Conflict,21073,21376,Amhara,ET03,SA,Active
138191,Countrywide monitoring,Ethiopia,ETH,Amhara,ET03,West Gondar,ET0312,2,811,2022-04-30T00:00:00,2022,4,29,Conflict,466,345,Amhara,ET03,SA,Active
138173,Countrywide monitoring,Ethiopia,ETH,Amhara,ET03,West Gojam,ET0307,2,120309,2022-04-30T00:00:00,2022,4,29,Conflict,59448,60861,Oromia,ET04,SA,Active
138169,Countrywide monitoring,Ethiopia,ETH,Amhara,ET03,West Gojam,ET0307,2,73261,2022-04-30T00:00:00,2022,4,29,Conflict,36849,36412,Benishangul-Gumuz,ET06,SA,Active
138181,Countrywide monitoring,Ethiopia,ETH,Amhara,ET03,West Gondar,ET0312,2,295,2022-04-30T00:00:00,2022,4,29,Conflict,144,151,Oromia,ET04,SA,Active
136794,Countrywide monitoring,Ethiopia,ETH,Central Ethiopia,ET07,Kembata,ET0703,2,133,2022-04-30T00:00:00,2022,4,29,Conflict,64,69,Oromia,ET04,SA,Active
136781,Countrywide monitoring,Ethiopia,ETH,Central Ethiopia,ET07,Hadiya,ET0702,2,12454,2022-04-30T00:00:00,2022,4,29,Conflict,6049,6405,South West Ethiopia,ET11,SA,Active
136764,Countrywide monitoring,Ethiopia,ETH,Central Ethiopia,ET07,Hadiya,ET0702,2,3881,2022-04-30T00:00:00,2022,4,29,Natural disaster,1860,2021,Central Ethiopia,ET07,SA,Active
136821,Countrywide monitoring,Ethiopia,ETH,Oromia,ET04,West Hararge,ET0409,2,16553,2022-04-30T00:00:00,2022,4,29,Conflict,8292,8261,Oromia,ET04,SA,Active
136806,Countrywide monitoring,Ethiopia,ETH,Central Ethiopia,ET07,Kembata,ET0703,2,7947,2022-04-30T00:00:00,2022,4,29,Conflict,3832,4115,South West Ethiopia,ET11,SA,Active
136853,Countrywide monitoring,Ethiopia,ETH,Oromia,ET04,West Shewa,ET0405,2,209,2022-04-30T00:00:00,2022,4,29,Conflict,146,63,Somali,ET05,SA,Active
136881,Countrywide monitoring,Ethiopia,ETH,Oromia,ET04,West Shewa,ET0405,2,8200,2022-04-30T00:00:00,2022,4,29,Conflict,4192,4008,Oromia,ET04,SA,Active
136919,Countrywide monitoring,Ethiopia,ETH,Oromia,ET04,West Wellega,ET0401,2,40954,2022-04-30T00:00:00,2022,4,29,Conflict,19827,21127,Benishangul-Gumuz,ET06,SA,Active
136903,Countrywide monitoring,Ethiopia,ETH,Oromia,ET04,West Wellega,ET0401,2,7170,2022-04-30T00:00:00,2022,4,29,Conflict,3585,3585,Oromia,ET04,SA,Active
136941,Countrywide monitoring,Ethiopia,ETH,Sidama,ET16,Sidama,ET1600,2,459,2022-04-30T00:00:00,2022,4,29,Conflict,232,227,Not available,Not available,SA,Active
136952,Countrywide monitoring,Ethiopia,ETH,Sidama,ET16,Sidama,ET1600,2,1233,2022-04-30T00:00:00,2022,4,29,Natural disaster,622,611,Sidama,ET16,SA,Active
136987,Countrywide monitoring,Ethiopia,ETH,Somali,ET05,Afder,ET0508,2,1680,2022-04-30T00:00:00,2022,4,29,Conflict,800,880,Somali,ET05,SA,Active
136977,Countrywide monitoring,Ethiopia,ETH,Sidama,ET16,Sidama,ET1600,2,38436,2022-04-30T00:00:00,2022,4,29,Conflict,19223,19213,Sidama,ET16,SA,Active
136969,Countrywide monitoring,Ethiopia,ETH,Sidama,ET16,Sidama,ET1600,2,5607,2022-04-30T00:00:00,2022,4,29,Conflict,2909,2698,South West Ethiopia,ET11,SA,Active
136731,Countrywide monitoring,Ethiopia,ETH,Central Ethiopia,ET07,Hadiya,ET0702,2,403,2022-04-30T00:00:00,2022,4,29,Conflict,201,202,Not available,Not available,SA,Active
136752,Countrywide monitoring,Ethiopia,ETH,Central Ethiopia,ET07,Hadiya,ET0702,2,1663,2022-04-30T00:00:00,2022,4,29,Conflict,792,871,Somali,ET05,SA,Active
136725,Countrywide monitoring,Ethiopia,ETH,Central Ethiopia,ET07,Hadiya,ET0702,2,210,2022-04-30T00:00:00,2022,4,29,Conflict,101,109,Central Ethiopia,ET07,SA,Active
136722,Countrywide monitoring,Ethiopia,ETH,Central Ethiopia,ET07,Hadiya,ET0702,2,134,2022-04-30T00:00:00,2022,4,29,Conflict,60,74,Afar,ET02,SA,Active
136691,Countrywide monitoring,Ethiopia,ETH,Central Ethiopia,ET07,Guraghe,ET0701,2,1457,2022-04-30T00:00:00,2022,4,29,Conflict,687,770,Central Ethiopia,ET07,SA,Active
136706,Countrywide monitoring,Ethiopia,ETH,Central Ethiopia,ET07,Guraghe,ET0701,2,6313,2022-04-30T00:00:00,2022,4,29,Conflict,2923,3390,Oromia,ET04,SA,Active
135445,Countrywide monitoring,Ethiopia,ETH,Somali,ET05,Doolo,ET0507,2,45882,2022-04-30T00:00:00,2022,4,29,Natural disaster,21372,24510,Somali,ET05,SA,Active
135407,Countrywide monitoring,Ethiopia,ETH,Somali,ET05,Daawa,ET0511,2,84864,2022-04-30T00:00:00,2022,4,29,Conflict,40098,44766,Oromia,ET04,SA,Active
135421,Countrywide monitoring,Ethiopia,ETH,Somali,ET05,Doolo,ET0507,2,2220,2022-04-30T00:00:00,2022,4,29,Conflict,1122,1098,Somali,ET05,SA,Active
135400,Countrywide monitoring,Ethiopia,ETH,Somali,ET05,Daawa,ET0511,2,55164,2022-04-30T00:00:00,2022,4,29,Conflict,27056,28108,Somali,ET05,SA,Active
135379,Countrywide monitoring,Ethiopia,ETH,Somali,ET05,Daawa,ET0511,2,31374,2022-04-30T00:00:00,2022,4,29,Natural disaster,15216,16158,Somali,ET05,SA,Active
135331,Countrywide monitoring,Ethiopia,ETH,Somali,ET05,Afder,ET0508,2,81084,2022-04-30T00:00:00,2022,4,29,Natural disaster,40405,40679,Somali,ET05,SA,Active
135307,Countrywide monitoring,Ethiopia,ETH,Somali,ET05,Afder,ET0508,2,13540,2022-07-31T00:00:00,2022,7,30,Conflict,6832,6708,Not available,Not available,SA,Active
135333,Countrywide monitoring,Ethiopia,ETH,Somali,ET05,Afder,ET0508,2,102684,2022-07-31T00:00:00,2022,7,30,Natural disaster,50591,52093,Not available,Not available,SA,Active
135391,Countrywide monitoring,Ethiopia,ETH,Somali,ET05,Daawa,ET0511,2,38220,2022-07-31T00:00:00,2022,7,30,Natural disaster,18442,19778,Not available,Not available,SA,Active
135422,Countrywide monitoring,Ethiopia,ETH,Somali,ET05,Doolo,ET0507,2,2220,2022-07-31T00:00:00,2022,7,30,Conflict,915,1305,Not available,Not available,SA,Active
135415,Countrywide monitoring,Ethiopia,ETH,Somali,ET05,Daawa,ET0511,2,154236,2022-07-31T00:00:00,2022,7,30,Conflict,76359,77877,Not available,Not available,SA,Active
135444,Countrywide monitoring,Ethiopia,ETH,Somali,ET05,Doolo,ET0507,2,43518,2022-07-31T00:00:00,2022,7,30,Natural disaster,20206,23312,Not available,Not available,SA,Active
136676,Countrywide monitoring,Ethiopia,ETH,Benishangul-Gumuz,ET06,Metekel,ET0602,2,104288,2022-07-31T00:00:00,2022,7,30,Conflict,51399,52889,Not available,Not available,SA,Active
136711,Countrywide monitoring,Ethiopia,ETH,Central Ethiopia,ET07,Guraghe,ET0701,2,7630,2022-07-31T00:00:00,2022,7,30,Conflict,3554,4076,Not available,Not available,SA,Active
136982,Countrywide monitoring,Ethiopia,ETH,Sidama,ET16,Sidama,ET1600,2,48315,2022-07-31T00:00:00,2022,7,30,Conflict,23981,24334,Not available,Not available,SA,Active
136953,Countrywide monitoring,Ethiopia,ETH,Sidama,ET16,Sidama,ET1600,2,1233,2022-07-31T00:00:00,2022,7,30,Natural disaster,618,615,Not available,Not available,SA,Active
136882,Countrywide monitoring,Ethiopia,ETH,Oromia,ET04,West Shewa,ET0405,2,8409,2022-07-31T00:00:00,2022,7,30,Conflict,4338,4071,Not available,Not available,SA,Active
136835,Countrywide monitoring,Ethiopia,ETH,Oromia,ET04,West Hararge,ET0409,2,22889,2022-07-31T00:00:00,2022,7,30,Conflict,11373,11516,Not available,Not available,SA,Active
136807,Countrywide monitoring,Ethiopia,ETH,Central Ethiopia,ET07,Kembata,ET0703,2,8296,2022-07-31T00:00:00,2022,7,30,Conflict,4043,4253,Not available,Not available,SA,Active
136765,Countrywide monitoring,Ethiopia,ETH,Central Ethiopia,ET07,Hadiya,ET0702,2,3881,2022-07-31T00:00:00,2022,7,30,Natural disaster,1857,2024,Not available,Not available,SA,Active
136785,Countrywide monitoring,Ethiopia,ETH,Central Ethiopia,ET07,Hadiya,ET0702,2,14096,2022-07-31T00:00:00,2022,7,30,Conflict,6808,7288,Not available,Not available,SA,Active
138177,Countrywide monitoring,Ethiopia,ETH,Amhara,ET03,West Gojam,ET0307,2,197604,2022-07-31T00:00:00,2022,7,30,Conflict,98955,98649,Not available,Not available,SA,Active
138195,Countrywide monitoring,Ethiopia,ETH,Amhara,ET03,West Gondar,ET0312,2,1178,2022-07-31T00:00:00,2022,7,30,Conflict,651,527,Not available,Not available,SA,Active
138122,Countrywide monitoring,Ethiopia,ETH,Amhara,ET03,Wag Hamra,ET0308,2,71975,2022-07-31T00:00:00,2022,7,30,Conflict,38137,33838,Not available,Not available,SA,Active
138069,Countrywide monitoring,Ethiopia,ETH,Amhara,ET03,South Wello,ET0304,2,10768,2022-07-31T00:00:00,2022,7,30,Conflict,5359,5409,Not available,Not available,SA,Active
138244,Countrywide monitoring,Ethiopia,ETH,Oromia,ET04,West Arsi,ET0417,2,320,2022-07-31T00:00:00,2022,7,30,Natural disaster,162,158,Not available,Not available,SA,Active
138215,Countrywide monitoring,Ethiopia,ETH,Benishangul-Gumuz,ET06,Assosa,ET0603,2,14667,2022-07-31T00:00:00,2022,7,30,Conflict,7396,7271,Not available,Not available,SA,Active
138325,Countrywide monitoring,Ethiopia,ETH,Oromia,ET04,West Arsi,ET0417,2,17353,2022-07-31T00:00:00,2022,7,30,Conflict,7813,9540,Not available,Not available,SA,Active
138360,Countrywide monitoring,Ethiopia,ETH,Oromia,ET04,West Guji,ET0415,2,80517,2022-07-31T00:00:00,2022,7,30,Conflict,37882,42635,Not available,Not available,SA,Active
138354,Countrywide monitoring,Ethiopia,ETH,Oromia,ET04,West Guji,ET0415,2,56844,2022-07-31T00:00:00,2022,7,30,Natural disaster,26235,30609,Not available,Not available,SA,Active
140827,Countrywide monitoring,Ethiopia,ETH,Amhara,ET03,North Gondar,ET0301,2,70300,2022-07-31T00:00:00,2022,7,30,Conflict,34191,36109,Not available,Not available,SA,Active
140834,Countrywide monitoring,Ethiopia,ETH,Amhara,ET03,North Shewa (AM),ET0305,2,150,2022-07-31T00:00:00,2022,7,30,Natural disaster,150,0,Not available,Not available,SA,Active
140785,Countrywide monitoring,Ethiopia,ETH,Amhara,ET03,East Gojam,ET0306,2,19276,2022-07-31T00:00:00,2022,7,30,Conflict,9849,9427,Not available,Not available,SA,Active
140773,Countrywide monitoring,Ethiopia,ETH,Amhara,ET03,East Gojam,ET0306,2,562,2022-07-31T00:00:00,2022,7,30,Natural disaster,271,291,Not available,Not available,SA,Active
140743,Countrywide monitoring,Ethiopia,ETH,Amhara,ET03,Central Gondar,ET0311,2,17402,2022-07-31T00:00:00,2022,7,30,Conflict,8505,8897,Not available,Not available,SA,Active
140895,Countrywide monitoring,Ethiopia,ETH,Amhara,ET03,North Shewa (AM),ET0305,2,39623,2022-07-31T00:00:00,2022,7,30,Conflict,19794,19829,Not available,Not available,SA,Active
140938,Countrywide monitoring,Ethiopia,ETH,Oromia,ET04,East Wellega,ET0402,2,85088,2022-07-31T00:00:00,2022,7,30,Conflict,42222,42866,Not available,Not available,SA,Active
150260,Countrywide monitoring,Ethiopia,ETH,South Ethiopia People,ET08,Gamo,ET0802,2,2174,2022-07-31T00:00:00,2022,7,30,Natural disaster,1069,1105,Not available,Not available,SA,Active
150249,Countrywide monitoring,Ethiopia,ETH,South Ethiopia People,ET08,Derashe,ET0807,2,10514,2022-07-31T00:00:00,2022,7,30,Conflict,5122,5392,Not available,Not available,SA,Active
150234,Countrywide monitoring,Ethiopia,ETH,South Ethiopia People,ET08,Burji,ET0810,2,1256,2022-07-31T00:00:00,2022,7,30,Conflict,616,640,Not available,Not available,SA,Active
150289,Countrywide monitoring,Ethiopia,ETH,South Ethiopia People,ET08,South Omo,ET0812,2,685,2022-07-31T00:00:00,2022,7,30,Conflict,335,350,Not available,Not available,SA,Active
150284,Countrywide monitoring,Ethiopia,ETH,South Ethiopia People,ET08,Konso,ET0809,2,19876,2022-07-31T00:00:00,2022,7,30,Conflict,10825,9051,Not available,Not available,SA,Active
150270,Countrywide monitoring,Ethiopia,ETH,South Ethiopia People,ET08,Gofa,ET0803,2,11151,2022-07-31T00:00:00,2022,7,30,Natural disaster,5571,5580,Not available,Not available,SA,Active
150371,Countrywide monitoring,Ethiopia,ETH,South West Ethiopia People,ET11,Kefa,ET1102,2,297,2022-07-31T00:00:00,2022,7,30,Natural disaster,155,142,Not available,Not available,SA,Active
150299,Countrywide monitoring,Ethiopia,ETH,South Ethiopia People,ET08,South Omo,ET0812,2,62790,2022-07-31T00:00:00,2022,7,30,Natural disaster,30908,31882,Not available,Not available,SA,Active
150331,Countrywide monitoring,Ethiopia,ETH,South Ethiopia People,ET08,Wolayita,ET0801,2,12389,2022-07-31T00:00:00,2022,7,30,Natural disaster,6247,6142,Not available,Not available,SA,Active
150322,Countrywide monitoring,Ethiopia,ETH,South Ethiopia People,ET08,Wolayita,ET0801,2,4123,2022-07-31T00:00:00,2022,7,30,Conflict,2088,2035,Not available,Not available,SA,Active
150342,Countrywide monitoring,Ethiopia,ETH,South West Ethiopia People,ET11,Bench Sheko,ET1103,2,313,2022-07-31T00:00:00,2022,7,30,Natural disaster,143,170,Not available,Not available,SA,Active
150353,Countrywide monitoring,Ethiopia,ETH,South West Ethiopia People,ET11,Bench Sheko,ET1103,2,4804,2022-07-31T00:00:00,2022,7,30,Conflict,2299,2505,Not available,Not available,SA,Active
141029,Countrywide monitoring,Ethiopia,ETH,Oromia,ET04,Guji,ET0414,2,45899,2022-07-31T00:00:00,2022,7,30,Natural disaster,23013,22886,Not available,Not available,SA,Active
141026,Countrywide monitoring,Ethiopia,ETH,Oromia,ET04,Guji,ET0414,2,39598,2022-07-31T00:00:00,2022,7,30,Conflict,19947,19651,Not available,Not available,SA,Active
141072,Countrywide monitoring,Ethiopia,ETH,Oromia,ET04,Jimma,ET0404,2,165,2022-07-31T00:00:00,2022,7,30,Conflict,92,73,Not available,Not available,SA,Active
141100,Countrywide monitoring,Ethiopia,ETH,Oromia,ET04,Jimma,ET0404,2,4978,2022-07-31T00:00:00,2022,7,30,Other reason,2479,2499,Not available,Not available,SA,Active
141115,Countrywide monitoring,Ethiopia,ETH,South Ethiopia People,ET08,Basketo,ET0804,2,454,2022-07-31T00:00:00,2022,7,30,Conflict,219,235,Not available,Not available,SA,Active
141109,Countrywide monitoring,Ethiopia,ETH,South Ethiopia People,ET08,Ari,ET0805,2,1105,2022-07-31T00:00:00,2022,7,30,Conflict,544,561,Not available,Not available,SA,Active
131228,Countrywide monitoring,Ethiopia,ETH,Oromia,ET04,East Hararge,ET0410,2,1457,2022-07-31T00:00:00,2022,7,30,Natural disaster,625,832,Not available,Not available,SA,Active
131292,Countrywide monitoring,Ethiopia,ETH,Oromia,ET04,East Hararge,ET0410,2,133968,2022-07-31T00:00:00,2022,7,30,Conflict,64555,69413,Not available,Not available,SA,Active
131421,Countrywide monitoring,Ethiopia,ETH,Somali,ET05,Shabelle,ET0506,2,111384,2022-07-31T00:00:00,2022,7,30,Natural disaster,53564,57820,Not available,Not available,SA,Active
131389,Countrywide monitoring,Ethiopia,ETH,Somali,ET05,Shabelle,ET0506,2,1134,2022-07-31T00:00:00,2022,7,30,Conflict,573,561,Not available,Not available,SA,Active
131469,Countrywide monitoring,Ethiopia,ETH,Somali,ET05,Siti,ET0501,2,27702,2022-07-31T00:00:00,2022,7,30,Conflict,13880,13822,Not available,Not available,SA,Active
131487,Countrywide monitoring,Ethiopia,ETH,Somali,ET05,Siti,ET0501,2,57654,2022-07-31T00:00:00,2022,7,30,Natural disaster,28820,28834,Not available,Not available,SA,Active
131511,Countrywide monitoring,Ethiopia,ETH,South Ethiopia People,ET08,Ali,ET0806,2,1150,2022-07-31T00:00:00,2022,7,30,Conflict,543,607,Not available,Not available,SA,Active
131530,Countrywide monitoring,Ethiopia,ETH,South Ethiopia People,ET08,Amaro,ET0808,2,34397,2022-07-31T00:00:00,2022,7,30,Conflict,16587,17810,Not available,Not available,SA,Active
135179,Countrywide monitoring,Ethiopia,ETH,Dire Dawa,ET15,Dire Dawa urban,ET1501,2,570,2022-07-31T00:00:00,2022,7,30,Conflict,279,291,Not available,Not available,SA,Active
135155,Countrywide monitoring,Ethiopia,ETH,Central Ethiopia,ET07,Yem,ET0724,2,230,2022-07-31T00:00:00,2022,7,30,Natural disaster,104,126,Not available,Not available,SA,Active
135142,Countrywide monitoring,Ethiopia,ETH,Central Ethiopia,ET07,Siltie,ET0720,2,4008,2022-07-31T00:00:00,2022,7,30,Conflict,1946,2062,Not available,Not available,SA,Active
135241,Countrywide monitoring,Ethiopia,ETH,Gambela,ET12,Agnewak,ET1202,2,4694,2022-07-31T00:00:00,2022,7,30,Conflict,2267,2427,Not available,Not available,SA,Active
79148,Countrywide monitoring,Ethiopia,ETH,Gambela,ET12,Nuwer,ET1201,2,11659,2022-07-31T00:00:00,2022,7,30,Natural disaster,5647,6012,Not available,Not available,SA,Active
79132,Countrywide monitoring,Ethiopia,ETH,Gambela,ET12,Nuwer,ET1201,2,3935,2022-07-31T00:00:00,2022,7,30,Conflict,1936,1999,Not available,Not available,SA,Active
79217,Countrywide monitoring,Ethiopia,ETH,Harari,ET13,Harari,ET1301,2,3133,2022-07-31T00:00:00,2022,7,30,Conflict,1615,1518,Not available,Not available,SA,Active
79227,Countrywide monitoring,Ethiopia,ETH,Oromia,ET04,Arsi,ET0408,2,1315,2022-07-31T00:00:00,2022,7,30,Natural disaster,634,681,Not available,Not available,SA,Active
79228,Countrywide monitoring,Ethiopia,ETH,Oromia,ET04,Arsi,ET0408,2,1338,2022-07-31T00:00:00,2022,7,30,Conflict,736,602,Not available,Not available,SA,Active
79341,Countrywide monitoring,Ethiopia,ETH,Somali,ET05,Erer,ET0504,2,2190,2022-07-31T00:00:00,2022,7,30,Natural disaster,1245,945,Not available,Not available,SA,Active
79354,Countrywide monitoring,Ethiopia,ETH,Somali,ET05,Erer,ET0504,2,20562,2022-07-31T00:00:00,2022,7,30,Conflict,10327,10235,Not available,Not available,SA,Active
79318,Countrywide monitoring,Ethiopia,ETH,Oromia,ET04,Bale,ET0411,2,13132,2022-07-31T00:00:00,2022,7,30,Conflict,6545,6587,Not available,Not available,SA,Active
131064,Countrywide monitoring,Ethiopia,ETH,Afar,ET02,Kilbati /Zone2,ET0202,2,4108,2022-07-31T00:00:00,2022,7,30,Natural disaster,2059,2049,Not available,Not available,SA,Active
131070,Countrywide monitoring,Ethiopia,ETH,Afar,ET02,Kilbati /Zone2,ET0202,2,6572,2022-07-31T00:00:00,2022,7,30,Conflict,3292,3280,Not available,Not available,SA,Active
131009,Countrywide monitoring,Ethiopia,ETH,Afar,ET02,Hari /Zone 5,ET0205,2,2206,2022-07-31T00:00:00,2022,7,30,Natural disaster,1102,1104,Not available,Not available,SA,Active
131028,Countrywide monitoring,Ethiopia,ETH,Afar,ET02,Hari /Zone 5,ET0205,2,3034,2022-07-31T00:00:00,2022,7,30,Conflict,1510,1524,Not available,Not available,SA,Active
131130,Countrywide monitoring,Ethiopia,ETH,Amhara,ET03,Awi,ET0309,2,44670,2022-07-31T00:00:00,2022,7,30,Conflict,22377,22293,Not available,Not available,SA,Active
79389,Countrywide monitoring,Ethiopia,ETH,Somali,ET05,Fafan,ET0502,2,3342,2022-07-31T00:00:00,2022,7,30,Natural disaster,1630,1712,Not available,Not available,SA,Active
79474,Countrywide monitoring,Ethiopia,ETH,Somali,ET05,Jarar,ET0503,2,276,2022-07-31T00:00:00,2022,7,30,Conflict,143,133,Not available,Not available,SA,Active
79460,Countrywide monitoring,Ethiopia,ETH,Somali,ET05,Fafan,ET0502,2,156912,2022-07-31T00:00:00,2022,7,30,Conflict,76134,80778,Not available,Not available,SA,Active
79499,Countrywide monitoring,Ethiopia,ETH,Somali,ET05,Jarar,ET0503,2,31572,2022-07-31T00:00:00,2022,7,30,Natural disaster,15860,15712,Not available,Not available,SA,Active
73981,Countrywide monitoring,Ethiopia,ETH,Oromia,ET04,North Shewa (OR),ET0406,2,14880,2022-07-31T00:00:00,2022,7,30,Conflict,7104,7776,Not available,Not available,SA,Active
74034,Countrywide monitoring,Ethiopia,ETH,Oromia,ET04,South West Shewa,ET0413,2,178,2022-07-31T00:00:00,2022,7,30,Conflict,87,91,Not available,Not available,SA,Active
74093,Countrywide monitoring,Ethiopia,ETH,South West Ethiopia People,ET11,West Omo,ET1105,2,612,2022-07-31T00:00:00,2022,7,30,Conflict,302,310,Not available,Not available,SA,Active
74083,Countrywide monitoring,Ethiopia,ETH,South West Ethiopia People,ET11,Sheka,ET1101,2,9913,2022-07-31T00:00:00,2022,7,30,Conflict,5092,4821,Not available,Not available,SA,Active
74068,Countrywide monitoring,Ethiopia,ETH,South West Ethiopia People,ET11,Konta,ET1106,2,1631,2022-07-31T00:00:00,2022,7,30,Natural disaster,765,866,Not available,Not available,SA,Active
73781,Countrywide monitoring,Ethiopia,ETH,Amhara,ET03,Oromia,ET0310,2,2823,2022-07-31T00:00:00,2022,7,30,Conflict,1798,1025,Not available,Not available,SA,Active
73899,Countrywide monitoring,Ethiopia,ETH,Oromia,ET04,Jimma,ET0404,2,9114,2022-07-31T00:00:00,2022,7,30,Natural disaster,4414,4700,Not available,Not available,SA,Active
73840,Countrywide monitoring,Ethiopia,ETH,Amhara,ET03,South Gondar,ET0302,2,40102,2022-07-31T00:00:00,2022,7,30,Conflict,20270,19832,Not available,Not available,SA,Active
73733,Countrywide monitoring,Ethiopia,ETH,Amhara,ET03,North Wello,ET0303,2,43024,2022-07-31T00:00:00,2022,7,30,Conflict,35765,7259,Not available,Not available,SA,Active
35141,Countrywide monitoring,Ethiopia,ETH,Afar,ET02,Gabi /Zone 3,ET0203,2,9456,2022-07-31T00:00:00,2022,7,30,Conflict,4680,4776,Not available,Not available,SA,Active
35155,Countrywide monitoring,Ethiopia,ETH,Afar,ET02,Gabi /Zone 3,ET0203,2,13836,2022-07-31T00:00:00,2022,7,30,Natural disaster,6910,6926,Not available,Not available,SA,Active
35110,Countrywide monitoring,Ethiopia,ETH,Afar,ET02,Fanti /Zone 4,ET0204,2,1837,2022-07-31T00:00:00,2022,7,30,Natural disaster,911,926,Not available,Not available,SA,Active
35089,Countrywide monitoring,Ethiopia,ETH,Afar,ET02,Awsi /Zone 1,ET0201,2,15818,2022-07-31T00:00:00,2022,7,30,Conflict,8232,7586,Not available,Not available,SA,Active
35092,Countrywide monitoring,Ethiopia,ETH,Afar,ET02,Awsi /Zone 1,ET0201,2,18078,2022-07-31T00:00:00,2022,7,30,Natural disaster,8971,9107,Not available,Not available,SA,Active
44725,Countrywide monitoring,Ethiopia,ETH,Oromia,ET04,Borena,ET0412,2,7050,2022-07-31T00:00:00,2022,7,30,Natural disaster,3527,3523,Not available,Not available,SA,Active
44772,Countrywide monitoring,Ethiopia,ETH,Oromia,ET04,Borena,ET0412,2,98308,2022-07-31T00:00:00,2022,7,30,Conflict,46799,51509,Not available,Not available,SA,Active
44797,Countrywide monitoring,Ethiopia,ETH,Oromia,ET04,Buno Bedele,ET0416,2,6781,2022-07-31T00:00:00,2022,7,30,Natural disaster,3409,3372,Not available,Not available,SA,Active
44831,Countrywide monitoring,Ethiopia,ETH,Oromia,ET04,East Bale,ET0421,2,10036,2022-07-31T00:00:00,2022,7,30,Conflict,4569,5467,Not available,Not available,SA,Active
44821,Countrywide monitoring,Ethiopia,ETH,Oromia,ET04,East Bale,ET0421,2,3060,2022-07-31T00:00:00,2022,7,30,Natural disaster,1350,1710,Not available,Not available,SA,Active
44921,Countrywide monitoring,Ethiopia,ETH,Somali,ET05,Korahe,ET0505,2,23316,2022-07-31T00:00:00,2022,7,30,Natural disaster,10564,12752,Not available,Not available,SA,Active
44887,Countrywide monitoring,Ethiopia,ETH,Somali,ET05,Korahe,ET0505,2,930,2022-07-31T00:00:00,2022,7,30,Conflict,370,560,Not available,Not available,SA,Active
45021,Countrywide monitoring,Ethiopia,ETH,Somali,ET05,Nogob,ET0510,2,762,2022-07-31T00:00:00,2022,7,30,Conflict,357,405,Not available,Not available,SA,Active
45008,Countrywide monitoring,Ethiopia,ETH,Somali,ET05,Liban,ET0509,2,133662,2022-07-31T00:00:00,2022,7,30,Conflict,65964,67698,Not available,Not available,SA,Active
44968,Countrywide monitoring,Ethiopia,ETH,Somali,ET05,Liban,ET0509,2,38353,2022-07-31T00:00:00,2022,7,30,Natural disaster,18712,19641,Not available,Not available,SA,Active
45049,Countrywide monitoring,Ethiopia,ETH,Somali,ET05,Nogob,ET0510,2,44604,2022-07-31T00:00:00,2022,7,30,Natural disaster,21595,23009,Not available,Not available,SA,Active
44979,Countrywide monitoring,Ethiopia,ETH,Somali,ET05,Liban,ET0509,2,46560,2022-09-30T00:00:00,2022,9,31,Conflict,22848,23712,Somali,ET05,SA,Active
44994,Countrywide monitoring,Ethiopia,ETH,Somali,ET05,Liban,ET0509,2,73290,2022-09-30T00:00:00,2022,9,31,Conflict,36773,36517,Oromia,ET04,SA,Active
45022,Countrywide monitoring,Ethiopia,ETH,Somali,ET05,Nogob,ET0510,2,762,2022-09-30T00:00:00,2022,9,31,Conflict,361,401,Oromia,ET04,SA,Active
44888,Countrywide monitoring,Ethiopia,ETH,Somali,ET05,Korahe,ET0505,2,930,2022-09-30T00:00:00,2022,9,31,Conflict,465,465,Somali,ET05,SA,Active
44924,Countrywide monitoring,Ethiopia,ETH,Somali,ET05,Korahe,ET0505,2,27378,2022-09-30T00:00:00,2022,9,31,Natural disaster,13722,13656,Somali,ET05,SA,Active
44954,Countrywide monitoring,Ethiopia,ETH,Somali,ET05,Liban,ET0509,2,24804,2022-09-30T00:00:00,2022,9,31,Natural disaster,12613,12191,Somali,ET05,SA,Active
44939,Countrywide monitoring,Ethiopia,ETH,Somali,ET05,Liban,ET0509,2,1830,2022-09-30T00:00:00,2022,9,31,Natural disaster,856,974,Oromia,ET04,SA,Active
44824,Countrywide monitoring,Ethiopia,ETH,Oromia,ET04,East Bale,ET0421,2,3457,2022-09-30T00:00:00,2022,9,31,Natural disaster,1566,1891,Oromia,ET04,SA,Active
44841,Countrywide monitoring,Ethiopia,ETH,Oromia,ET04,East Bale,ET0421,2,11930,2022-09-30T00:00:00,2022,9,31,Conflict,5479,6451,Somali,ET05,SA,Active
44881,Countrywide monitoring,Ethiopia,ETH,Somali,ET05,Korahe,ET0505,2,378,2022-09-30T00:00:00,2022,9,31,Conflict,190,188,Oromia,ET04,SA,Active
44798,Countrywide monitoring,Ethiopia,ETH,Oromia,ET04,Buno Bedele,ET0416,2,7046,2022-09-30T00:00:00,2022,9,31,Natural disaster,3539,3507,Oromia,ET04,SA,Active
44811,Countrywide monitoring,Ethiopia,ETH,Oromia,ET04,East Bale,ET0421,2,156,2022-09-30T00:00:00,2022,9,31,Economic reasons,74,82,Oromia,ET04,SA,Active
44762,Countrywide monitoring,Ethiopia,ETH,Oromia,ET04,Borena,ET0412,2,84026,2022-09-30T00:00:00,2022,9,31,Natural disaster,39981,44045,Oromia,ET04,SA,Active
44767,Countrywide monitoring,Ethiopia,ETH,Oromia,ET04,Borena,ET0412,2,92754,2022-09-30T00:00:00,2022,9,31,Conflict,43413,49341,Somali,ET05,SA,Active
44750,Countrywide monitoring,Ethiopia,ETH,Oromia,ET04,Borena,ET0412,2,36785,2022-09-30T00:00:00,2022,9,31,Conflict,16949,19836,Oromia,ET04,SA,Active
35091,Countrywide monitoring,Ethiopia,ETH,Afar,ET02,Awsi /Zone 1,ET0201,2,16258,2022-09-30T00:00:00,2022,9,31,Natural disaster,8177,8081,Afar,ET02,SA,Active
35060,Countrywide monitoring,Ethiopia,ETH,Afar,ET02,Awsi /Zone 1,ET0201,2,6544,2022-09-30T00:00:00,2022,9,31,Conflict,3254,3290,Afar,ET02,SA,Active
35147,Countrywide monitoring,Ethiopia,ETH,Afar,ET02,Gabi /Zone 3,ET0203,2,10986,2022-09-30T00:00:00,2022,9,31,Conflict,5481,5505,Afar,ET02,SA,Active
35152,Countrywide monitoring,Ethiopia,ETH,Afar,ET02,Gabi /Zone 3,ET0203,2,13578,2022-09-30T00:00:00,2022,9,31,Natural disaster,6757,6821,Afar,ET02,SA,Active
73732,Countrywide monitoring,Ethiopia,ETH,Amhara,ET03,North Wello,ET0303,2,33076,2022-09-30T00:00:00,2022,9,31,Conflict,19523,13553,Tigray,ET01,SA,Active
73723,Countrywide monitoring,Ethiopia,ETH,Amhara,ET03,North Wello,ET0303,2,10940,2022-09-30T00:00:00,2022,9,31,Conflict,5327,5613,Oromia,ET04,SA,Active
73745,Countrywide monitoring,Ethiopia,ETH,Amhara,ET03,Oromia,ET0310,2,135,2022-09-30T00:00:00,2022,9,31,Conflict,50,85,Oromia,ET04,SA,Active
73706,Countrywide monitoring,Ethiopia,ETH,Amhara,ET03,North Wello,ET0303,2,811,2022-09-30T00:00:00,2022,9,31,Conflict,410,401,Benishangul-Gumuz,ET06,SA,Active
73839,Countrywide monitoring,Ethiopia,ETH,Amhara,ET03,South Gondar,ET0302,2,29086,2022-09-30T00:00:00,2022,9,31,Conflict,14643,14443,Oromia,ET04,SA,Active
73845,Countrywide monitoring,Ethiopia,ETH,Amhara,ET03,South Wello,ET0304,2,58,2022-09-30T00:00:00,2022,9,31,Conflict,25,33,Somali,ET05,SA,Active
73856,Countrywide monitoring,Ethiopia,ETH,Amhara,ET03,South Wello,ET0304,2,179,2022-09-30T00:00:00,2022,9,31,Conflict,85,94,South West Ethiopia,ET11,SA,Active
73857,Countrywide monitoring,Ethiopia,ETH,Amhara,ET03,South Wello,ET0304,2,205,2022-09-30T00:00:00,2022,9,31,Natural disaster,97,108,Amhara,ET03,SA,Active
73869,Countrywide monitoring,Ethiopia,ETH,Amhara,ET03,South Wello,ET0304,2,372,2022-09-30T00:00:00,2022,9,31,Conflict,177,195,Benishangul-Gumuz,ET06,SA,Active
73900,Countrywide monitoring,Ethiopia,ETH,Oromia,ET04,Jimma,ET0404,2,9114,2022-09-30T00:00:00,2022,9,31,Natural disaster,4341,4773,Oromia,ET04,SA,Active
73782,Countrywide monitoring,Ethiopia,ETH,Amhara,ET03,Oromia,ET0310,2,3138,2022-09-30T00:00:00,2022,9,31,Conflict,1501,1637,Amhara,ET03,SA,Active
73776,Countrywide monitoring,Ethiopia,ETH,Amhara,ET03,Oromia,ET0310,2,1641,2022-09-30T00:00:00,2022,9,31,Natural disaster,796,845,Amhara,ET03,SA,Active
73801,Countrywide monitoring,Ethiopia,ETH,Amhara,ET03,South Gondar,ET0302,2,125,2022-09-30T00:00:00,2022,9,31,Conflict,61,64,Tigray,ET01,SA,Active
73807,Countrywide monitoring,Ethiopia,ETH,Amhara,ET03,South Gondar,ET0302,2,316,2022-09-30T00:00:00,2022,9,31,Conflict,132,184,Amhara,ET03,SA,Active
73814,Countrywide monitoring,Ethiopia,ETH,Amhara,ET03,South Gondar,ET0302,2,2113,2022-09-30T00:00:00,2022,9,31,Conflict,1084,1029,South West Ethiopia,ET11,SA,Active
73830,Countrywide monitoring,Ethiopia,ETH,Amhara,ET03,South Gondar,ET0302,2,8522,2022-09-30T00:00:00,2022,9,31,Conflict,4378,4144,Benishangul-Gumuz,ET06,SA,Active
74069,Countrywide monitoring,Ethiopia,ETH,South West Ethiopia People,ET11,Konta,ET1106,2,2062,2022-09-30T00:00:00,2022,9,31,Natural disaster,955,1107,South West Ethiopia,ET11,SA,Active
74084,Countrywide monitoring,Ethiopia,ETH,South West Ethiopia People,ET11,Sheka,ET1101,2,9913,2022-09-30T00:00:00,2022,9,31,Conflict,5092,4821,South West Ethiopia,ET11,SA,Active
74055,Countrywide monitoring,Ethiopia,ETH,South West Ethiopia People,ET11,Kefa,ET1102,2,633,2022-09-30T00:00:00,2022,9,31,Natural disaster,289,344,South West Ethiopia,ET11,SA,Active
74061,Countrywide monitoring,Ethiopia,ETH,South West Ethiopia People,ET11,Konta,ET1106,2,526,2022-09-30T00:00:00,2022,9,31,Conflict,280,246,Oromia,ET04,SA,Active
74101,Countrywide monitoring,Ethiopia,ETH,South West Ethiopia People,ET11,West Omo,ET1105,2,1075,2022-09-30T00:00:00,2022,9,31,Conflict,517,558,South West Ethiopia,ET11,SA,Active
74037,Countrywide monitoring,Ethiopia,ETH,Oromia,ET04,South West Shewa,ET0413,2,179,2022-09-30T00:00:00,2022,9,31,Conflict,88,91,Somali,ET05,SA,Active
73982,Countrywide monitoring,Ethiopia,ETH,Oromia,ET04,North Shewa (OR),ET0406,2,16071,2022-09-30T00:00:00,2022,9,31,Conflict,7681,8390,Oromia,ET04,SA,Active
73956,Countrywide monitoring,Ethiopia,ETH,Oromia,ET04,North Shewa (OR),ET0406,2,88,2022-09-30T00:00:00,2022,9,31,Conflict,52,36,Somali,ET05,SA,Active
79504,Countrywide monitoring,Ethiopia,ETH,Somali,ET05,Jarar,ET0503,2,31992,2022-09-30T00:00:00,2022,9,31,Natural disaster,15952,16040,Somali,ET05,SA,Active
79455,Countrywide monitoring,Ethiopia,ETH,Somali,ET05,Fafan,ET0502,2,132570,2022-09-30T00:00:00,2022,9,31,Conflict,64774,67796,Oromia,ET04,SA,Active
79475,Countrywide monitoring,Ethiopia,ETH,Somali,ET05,Jarar,ET0503,2,276,2022-09-30T00:00:00,2022,9,31,Conflict,136,140,Oromia,ET04,SA,Active
79392,Countrywide monitoring,Ethiopia,ETH,Somali,ET05,Fafan,ET0502,2,4650,2022-09-30T00:00:00,2022,9,31,Natural disaster,2298,2352,Somali,ET05,SA,Active
79424,Countrywide monitoring,Ethiopia,ETH,Somali,ET05,Fafan,ET0502,2,23952,2022-09-30T00:00:00,2022,9,31,Conflict,11719,12233,Somali,ET05,SA,Active
131128,Countrywide monitoring,Ethiopia,ETH,Amhara,ET03,Awi,ET0309,2,29610,2022-09-30T00:00:00,2022,9,31,Conflict,15746,13864,Benishangul-Gumuz,ET06,SA,Active
131109,Countrywide monitoring,Ethiopia,ETH,Amhara,ET03,Awi,ET0309,2,1599,2022-09-30T00:00:00,2022,9,31,Conflict,857,742,Amhara,ET03,SA,Active
131110,Countrywide monitoring,Ethiopia,ETH,Amhara,ET03,Awi,ET0309,2,1690,2022-09-30T00:00:00,2022,9,31,Conflict,969,721,Oromia,ET04,SA,Active
131008,Countrywide monitoring,Ethiopia,ETH,Afar,ET02,Hari /Zone 5,ET0205,2,2064,2022-09-30T00:00:00,2022,9,31,Conflict,1012,1052,Afar,ET02,SA,Active
131012,Countrywide monitoring,Ethiopia,ETH,Afar,ET02,Hari /Zone 5,ET0205,2,2226,2022-09-30T00:00:00,2022,9,31,Natural disaster,1107,1119,Afar,ET02,SA,Active
131069,Countrywide monitoring,Ethiopia,ETH,Afar,ET02,Kilbati /Zone2,ET0202,2,6021,2022-09-30T00:00:00,2022,9,31,Conflict,3073,2948,Afar,ET02,SA,Active
131061,Countrywide monitoring,Ethiopia,ETH,Afar,ET02,Kilbati /Zone2,ET0202,2,3746,2022-09-30T00:00:00,2022,9,31,Natural disaster,1928,1818,Afar,ET02,SA,Active
79314,Countrywide monitoring,Ethiopia,ETH,Oromia,ET04,Bale,ET0411,2,10906,2022-09-30T00:00:00,2022,9,31,Conflict,5311,5595,Oromia,ET04,SA,Active
79349,Countrywide monitoring,Ethiopia,ETH,Somali,ET05,Erer,ET0504,2,8400,2022-09-30T00:00:00,2022,9,31,Natural disaster,4162,4238,Somali,ET05,SA,Active
79344,Countrywide monitoring,Ethiopia,ETH,Somali,ET05,Erer,ET0504,2,2862,2022-09-30T00:00:00,2022,9,31,Conflict,1407,1455,Somali,ET05,SA,Active
79373,Countrywide monitoring,Ethiopia,ETH,Somali,ET05,Erer,ET0504,2,28920,2022-09-30T00:00:00,2022,9,31,Conflict,14393,14527,Oromia,ET04,SA,Active
79306,Countrywide monitoring,Ethiopia,ETH,Oromia,ET04,Bale,ET0411,2,10049,2022-09-30T00:00:00,2022,9,31,Conflict,4964,5085,Somali,ET05,SA,Active
79239,Countrywide monitoring,Ethiopia,ETH,Oromia,ET04,Arsi,ET0408,2,1790,2022-09-30T00:00:00,2022,9,31,Conflict,996,794,Somali,ET05,SA,Active
79257,Countrywide monitoring,Ethiopia,ETH,Oromia,ET04,Arsi,ET0408,2,2100,2022-09-30T00:00:00,2022,9,31,Natural disaster,1010,1090,Oromia,ET04,SA,Active
79202,Countrywide monitoring,Ethiopia,ETH,Harari,ET13,Harari,ET1301,2,2572,2022-09-30T00:00:00,2022,9,31,Conflict,1214,1358,Somali,ET05,SA,Active
79184,Countrywide monitoring,Ethiopia,ETH,Harari,ET13,Harari,ET1301,2,326,2022-09-30T00:00:00,2022,9,31,Conflict,166,160,Harari,ET13,SA,Active
79179,Countrywide monitoring,Ethiopia,ETH,Harari,ET13,Harari,ET1301,2,235,2022-09-30T00:00:00,2022,9,31,Conflict,118,117,Oromia,ET04,SA,Active
79144,Countrywide monitoring,Ethiopia,ETH,Gambela,ET12,Nuwer,ET1201,2,10072,2022-09-30T00:00:00,2022,9,31,Conflict,5002,5070,Gambela,ET12,SA,Active
135242,Countrywide monitoring,Ethiopia,ETH,Gambela,ET12,Agnewak,ET1202,2,4694,2022-09-30T00:00:00,2022,9,31,Conflict,2283,2411,Gambela,ET12,SA,Active
135264,Countrywide monitoring,Ethiopia,ETH,Gambela,ET12,Itang Special woreda,ET1204,2,10210,2022-09-30T00:00:00,2022,9,31,Natural disaster,5063,5147,Gambela,ET12,SA,Active
135277,Countrywide monitoring,Ethiopia,ETH,Gambela,ET12,Nuwer,ET1201,2,2870,2022-09-30T00:00:00,2022,9,31,Natural disaster,1403,1467,Gambela,ET12,SA,Active
135156,Countrywide monitoring,Ethiopia,ETH,Central Ethiopia,ET07,Yem,ET0724,2,230,2022-09-30T00:00:00,2022,9,31,Natural disaster,107,123,Central Ethiopia,ET07,SA,Active
135180,Countrywide monitoring,Ethiopia,ETH,Dire Dawa,ET15,Dire Dawa urban,ET1501,2,570,2022-09-30T00:00:00,2022,9,31,Conflict,278,292,Oromia,ET04,SA,Active
135208,Countrywide monitoring,Ethiopia,ETH,Gambela,ET12,Agnewak,ET1202,2,605,2022-09-30T00:00:00,2022,9,31,Natural disaster,283,322,Gambela,ET12,SA,Active
131531,Countrywide monitoring,Ethiopia,ETH,South Ethiopia People,ET08,Amaro,ET0808,2,36116,2022-09-30T00:00:00,2022,9,31,Conflict,17294,18822,Not available,Not available,SA,Active
131509,Countrywide monitoring,Ethiopia,ETH,South Ethiopia People,ET08,Ali,ET0806,2,425,2022-09-30T00:00:00,2022,9,31,Conflict,204,221,Not available,Not available,SA,Active
131516,Countrywide monitoring,Ethiopia,ETH,South Ethiopia People,ET08,Amaro,ET0808,2,756,2022-09-30T00:00:00,2022,9,31,Conflict,367,389,Oromia,ET04,SA,Active
135137,Countrywide monitoring,Ethiopia,ETH,Central Ethiopia,ET07,Siltie,ET0720,2,3196,2022-09-30T00:00:00,2022,9,31,Conflict,1551,1645,Oromia,ET04,SA,Active
135124,Countrywide monitoring,Ethiopia,ETH,Central Ethiopia,ET07,Siltie,ET0720,2,812,2022-09-30T00:00:00,2022,9,31,Conflict,395,417,Somali,ET05,SA,Active
131483,Countrywide monitoring,Ethiopia,ETH,Somali,ET05,Siti,ET0501,2,52176,2022-09-30T00:00:00,2022,9,31,Conflict,25982,26194,Somali,ET05,SA,Active
131476,Countrywide monitoring,Ethiopia,ETH,Somali,ET05,Siti,ET0501,2,40884,2022-09-30T00:00:00,2022,9,31,Natural disaster,20435,20449,Somali,ET05,SA,Active
131446,Countrywide monitoring,Ethiopia,ETH,Somali,ET05,Siti,ET0501,2,11544,2022-09-30T00:00:00,2022,9,31,Conflict,5662,5882,Oromia,ET04,SA,Active
131393,Countrywide monitoring,Ethiopia,ETH,Somali,ET05,Shabelle,ET0506,2,1482,2022-09-30T00:00:00,2022,9,31,Conflict,708,774,Oromia,ET04,SA,Active
131358,Countrywide monitoring,Ethiopia,ETH,Somali,ET05,Nogob,ET0510,2,55674,2022-09-30T00:00:00,2022,9,31,Natural disaster,27562,28112,Somali,ET05,SA,Active
131419,Countrywide monitoring,Ethiopia,ETH,Somali,ET05,Shabelle,ET0506,2,95448,2022-09-30T00:00:00,2022,9,31,Natural disaster,44816,50632,Somali,ET05,SA,Active
131333,Countrywide monitoring,Ethiopia,ETH,Oromia,ET04,East Wellega,ET0402,2,5049,2022-09-30T00:00:00,2022,9,31,Conflict,2450,2599,Benishangul-Gumuz,ET06,SA,Active
131263,Countrywide monitoring,Ethiopia,ETH,Oromia,ET04,East Hararge,ET0410,2,67333,2022-09-30T00:00:00,2022,9,31,Conflict,32024,35309,Somali,ET05,SA,Active
131264,Countrywide monitoring,Ethiopia,ETH,Oromia,ET04,East Hararge,ET0410,2,67714,2022-09-30T00:00:00,2022,9,31,Conflict,32048,35666,Oromia,ET04,SA,Active
131229,Countrywide monitoring,Ethiopia,ETH,Oromia,ET04,East Hararge,ET0410,2,1457,2022-09-30T00:00:00,2022,9,31,Natural disaster,730,727,Somali,ET05,SA,Active
131159,Countrywide monitoring,Ethiopia,ETH,Amhara,ET03,Central Gondar,ET0311,2,543,2022-09-30T00:00:00,2022,9,31,Conflict,282,261,Oromia,ET04,SA,Active
131167,Countrywide monitoring,Ethiopia,ETH,Amhara,ET03,Central Gondar,ET0311,2,1134,2022-09-30T00:00:00,2022,9,31,Conflict,567,567,Benishangul-Gumuz,ET06,SA,Active
131172,Countrywide monitoring,Ethiopia,ETH,Amhara,ET03,Central Gondar,ET0311,2,2769,2022-09-30T00:00:00,2022,9,31,Conflict,1273,1496,Tigray,ET01,SA,Active
141110,Countrywide monitoring,Ethiopia,ETH,South Ethiopia People,ET08,Ari,ET0805,2,1105,2022-09-30T00:00:00,2022,9,31,Conflict,544,561,Not available,Not available,SA,Active
141116,Countrywide monitoring,Ethiopia,ETH,South Ethiopia People,ET08,Basketo,ET0804,2,454,2022-09-30T00:00:00,2022,9,31,Conflict,226,228,Not available,Not available,SA,Active
141122,Countrywide monitoring,Ethiopia,ETH,South Ethiopia People,ET08,Burji,ET0810,2,624,2022-09-30T00:00:00,2022,9,31,Conflict,547,77,Not available,Not available,SA,Active
141101,Countrywide monitoring,Ethiopia,ETH,Oromia,ET04,Jimma,ET0404,2,4978,2022-09-30T00:00:00,2022,9,31,Other reason,2478,2500,Oromia,ET04,SA,Active
141075,Countrywide monitoring,Ethiopia,ETH,Oromia,ET04,Jimma,ET0404,2,229,2022-09-30T00:00:00,2022,9,31,Conflict,135,94,Somali,ET05,SA,Active
141023,Countrywide monitoring,Ethiopia,ETH,Oromia,ET04,Guji,ET0414,2,35077,2022-09-30T00:00:00,2022,9,31,Natural disaster,16907,18170,Oromia,ET04,SA,Active
141034,Countrywide monitoring,Ethiopia,ETH,Oromia,ET04,Guji,ET0414,2,53254,2022-09-30T00:00:00,2022,9,31,Conflict,25837,27417,Oromia,ET04,SA,Active
141005,Countrywide monitoring,Ethiopia,ETH,Oromia,ET04,Guji,ET0414,2,6445,2022-09-30T00:00:00,2022,9,31,Conflict,3159,3286,Somali,ET05,SA,Active
150349,Countrywide monitoring,Ethiopia,ETH,South West Ethiopia People,ET11,Bench Sheko,ET1103,2,750,2022-09-30T00:00:00,2022,9,31,Natural disaster,343,407,South West Ethiopia,ET11,SA,Active
150352,Countrywide monitoring,Ethiopia,ETH,South West Ethiopia People,ET11,Bench Sheko,ET1103,2,4270,2022-09-30T00:00:00,2022,9,31,Conflict,2035,2235,South West Ethiopia,ET11,SA,Active
150333,Countrywide monitoring,Ethiopia,ETH,South Ethiopia People,ET08,Wolayita,ET0801,2,13649,2022-09-30T00:00:00,2022,9,31,Natural disaster,6883,6766,Not available,Not available,SA,Active
150319,Countrywide monitoring,Ethiopia,ETH,South Ethiopia People,ET08,Wolayita,ET0801,2,2453,2022-09-30T00:00:00,2022,9,31,Conflict,1259,1194,Afar,ET02,SA,Active
150300,Countrywide monitoring,Ethiopia,ETH,South Ethiopia People,ET08,South Omo,ET0812,2,62790,2022-09-30T00:00:00,2022,9,31,Natural disaster,31043,31747,Not available,Not available,SA,Active
150309,Countrywide monitoring,Ethiopia,ETH,South Ethiopia People,ET08,Wolayita,ET0801,2,1670,2022-09-30T00:00:00,2022,9,31,Conflict,864,806,Not available,Not available,SA,Active
150271,Countrywide monitoring,Ethiopia,ETH,South Ethiopia People,ET08,Gofa,ET0803,2,11151,2022-09-30T00:00:00,2022,9,31,Natural disaster,5659,5492,Not available,Not available,SA,Active
150285,Countrywide monitoring,Ethiopia,ETH,South Ethiopia People,ET08,Konso,ET0809,2,21059,2022-09-30T00:00:00,2022,9,31,Conflict,10472,10587,Not available,Not available,SA,Active
150290,Countrywide monitoring,Ethiopia,ETH,South Ethiopia People,ET08,South Omo,ET0812,2,685,2022-09-30T00:00:00,2022,9,31,Conflict,338,347,Not available,Not available,SA,Active
150235,Countrywide monitoring,Ethiopia,ETH,South Ethiopia People,ET08,Burji,ET0810,2,1256,2022-09-30T00:00:00,2022,9,31,Conflict,629,627,Oromia,ET04,SA,Active
150253,Countrywide monitoring,Ethiopia,ETH,South Ethiopia People,ET08,Derashe,ET0807,2,12044,2022-09-30T00:00:00,2022,9,31,Conflict,5850,6194,Not available,Not available,SA,Active
150261,Countrywide monitoring,Ethiopia,ETH,South Ethiopia People,ET08,Gamo,ET0802,2,2174,2022-09-30T00:00:00,2022,9,31,Natural disaster,960,1214,Not available,Not available,SA,Active
140939,Countrywide monitoring,Ethiopia,ETH,Oromia,ET04,East Wellega,ET0402,2,103710,2022-09-30T00:00:00,2022,9,31,Conflict,50784,52926,Oromia,ET04,SA,Active
140892,Countrywide monitoring,Ethiopia,ETH,Amhara,ET03,North Shewa (AM),ET0305,2,26390,2022-09-30T00:00:00,2022,9,31,Conflict,12116,14274,Oromia,ET04,SA,Active
140864,Countrywide monitoring,Ethiopia,ETH,Amhara,ET03,North Shewa (AM),ET0305,2,414,2022-09-30T00:00:00,2022,9,31,Conflict,202,212,South West Ethiopia,ET11,SA,Active
140874,Countrywide monitoring,Ethiopia,ETH,Amhara,ET03,North Shewa (AM),ET0305,2,2383,2022-09-30T00:00:00,2022,9,31,Conflict,1168,1215,Not available,Not available,SA,Active
140880,Countrywide monitoring,Ethiopia,ETH,Amhara,ET03,North Shewa (AM),ET0305,2,5868,2022-09-30T00:00:00,2022,9,31,Conflict,2907,2961,Amhara,ET03,SA,Active
140741,Countrywide monitoring,Ethiopia,ETH,Amhara,ET03,Central Gondar,ET0311,2,12990,2022-09-30T00:00:00,2022,9,31,Conflict,6388,6602,Amhara,ET03,SA,Active
138385,Countrywide monitoring,Ethiopia,ETH,Oromia,ET04,West Hararge,ET0409,2,5644,2022-09-30T00:00:00,2022,9,31,Conflict,2724,2920,Somali,ET05,SA,Active
138358,Countrywide monitoring,Ethiopia,ETH,Oromia,ET04,West Guji,ET0415,2,76331,2022-09-30T00:00:00,2022,9,31,Conflict,36952,39379,Oromia,ET04,SA,Active
140774,Countrywide monitoring,Ethiopia,ETH,Amhara,ET03,East Gojam,ET0306,2,562,2022-09-30T00:00:00,2022,9,31,Natural disaster,271,291,Amhara,ET03,SA,Active
140783,Countrywide monitoring,Ethiopia,ETH,Amhara,ET03,East Gojam,ET0306,2,16271,2022-09-30T00:00:00,2022,9,31,Conflict,8361,7910,Oromia,ET04,SA,Active
140779,Countrywide monitoring,Ethiopia,ETH,Amhara,ET03,East Gojam,ET0306,2,3004,2022-09-30T00:00:00,2022,9,31,Conflict,1477,1527,Benishangul-Gumuz,ET06,SA,Active
140835,Countrywide monitoring,Ethiopia,ETH,Amhara,ET03,North Shewa (AM),ET0305,2,150,2022-09-30T00:00:00,2022,9,31,Natural disaster,75,75,Amhara,ET03,SA,Active
140826,Countrywide monitoring,Ethiopia,ETH,Amhara,ET03,North Gondar,ET0301,2,61072,2022-09-30T00:00:00,2022,9,31,Conflict,29999,31073,Amhara,ET03,SA,Active
140848,Countrywide monitoring,Ethiopia,ETH,Amhara,ET03,North Shewa (AM),ET0305,2,215,2022-09-30T00:00:00,2022,9,31,Conflict,104,111,Benishangul-Gumuz,ET06,SA,Active
140818,Countrywide monitoring,Ethiopia,ETH,Amhara,ET03,North Gondar,ET0301,2,7973,2022-09-30T00:00:00,2022,9,31,Conflict,3661,4312,Tigray,ET01,SA,Active
138353,Countrywide monitoring,Ethiopia,ETH,Oromia,ET04,West Guji,ET0415,2,42053,2022-09-30T00:00:00,2022,9,31,Natural disaster,20580,21473,Oromia,ET04,SA,Active
138322,Countrywide monitoring,Ethiopia,ETH,Oromia,ET04,West Arsi,ET0417,2,16735,2022-09-30T00:00:00,2022,9,31,Conflict,7423,9312,Oromia,ET04,SA,Active
138214,Countrywide monitoring,Ethiopia,ETH,Benishangul-Gumuz,ET06,Assosa,ET0603,2,13684,2022-09-30T00:00:00,2022,9,31,Conflict,6698,6986,Oromia,ET04,SA,Active
138208,Countrywide monitoring,Ethiopia,ETH,Benishangul-Gumuz,ET06,Assosa,ET0603,2,5076,2022-09-30T00:00:00,2022,9,31,Conflict,2454,2622,Benishangul-Gumuz,ET06,SA,Active
138240,Countrywide monitoring,Ethiopia,ETH,Oromia,ET04,West Arsi,ET0417,2,100,2022-09-30T00:00:00,2022,9,31,Conflict,51,49,Afar,ET02,SA,Active
138247,Countrywide monitoring,Ethiopia,ETH,Oromia,ET04,West Arsi,ET0417,2,345,2022-09-30T00:00:00,2022,9,31,Natural disaster,172,173,Oromia,ET04,SA,Active
138258,Countrywide monitoring,Ethiopia,ETH,Oromia,ET04,West Arsi,ET0417,2,476,2022-09-30T00:00:00,2022,9,31,Conflict,277,199,Somali,ET05,SA,Active
138062,Countrywide monitoring,Ethiopia,ETH,Amhara,ET03,South Wello,ET0304,2,1780,2022-09-30T00:00:00,2022,9,31,Conflict,887,893,Afar,ET02,SA,Active
138074,Countrywide monitoring,Ethiopia,ETH,Amhara,ET03,South Wello,ET0304,2,18969,2022-09-30T00:00:00,2022,9,31,Conflict,9271,9698,Oromia,ET04,SA,Active
138121,Countrywide monitoring,Ethiopia,ETH,Amhara,ET03,Wag Hamra,ET0308,2,62081,2022-09-30T00:00:00,2022,9,31,Conflict,30674,31407,Amhara,ET03,SA,Active
138112,Countrywide monitoring,Ethiopia,ETH,Amhara,ET03,Wag Hamra,ET0308,2,5702,2022-09-30T00:00:00,2022,9,31,Conflict,2859,2843,Tigray,ET01,SA,Active
138139,Countrywide monitoring,Ethiopia,ETH,Amhara,ET03,West Gojam,ET0307,2,372,2022-09-30T00:00:00,2022,9,31,Natural disaster,179,193,Amhara,ET03,SA,Active
138167,Countrywide monitoring,Ethiopia,ETH,Amhara,ET03,West Gojam,ET0307,2,51100,2022-09-30T00:00:00,2022,9,31,Conflict,25630,25470,Benishangul-Gumuz,ET06,SA,Active
138192,Countrywide monitoring,Ethiopia,ETH,Amhara,ET03,West Gondar,ET0312,2,811,2022-09-30T00:00:00,2022,9,31,Conflict,466,345,Amhara,ET03,SA,Active
138194,Countrywide monitoring,Ethiopia,ETH,Amhara,ET03,West Gondar,ET0312,2,1092,2022-09-30T00:00:00,2022,9,31,Conflict,566,526,Oromia,ET04,SA,Active
138171,Countrywide monitoring,Ethiopia,ETH,Amhara,ET03,West Gojam,ET0307,2,106687,2022-09-30T00:00:00,2022,9,31,Conflict,53201,53486,Oromia,ET04,SA,Active
136795,Countrywide monitoring,Ethiopia,ETH,Central Ethiopia,ET07,Kembata,ET0703,2,133,2022-09-30T00:00:00,2022,9,31,Conflict,63,70,Oromia,ET04,SA,Active
136767,Countrywide monitoring,Ethiopia,ETH,Central Ethiopia,ET07,Hadiya,ET0702,2,3903,2022-09-30T00:00:00,2022,9,31,Conflict,1874,2029,Somali,ET05,SA,Active
136777,Countrywide monitoring,Ethiopia,ETH,Central Ethiopia,ET07,Hadiya,ET0702,2,11154,2022-09-30T00:00:00,2022,9,31,Conflict,5405,5749,South West Ethiopia,ET11,SA,Active
136812,Countrywide monitoring,Ethiopia,ETH,Central Ethiopia,ET07,Kembata,ET0703,2,11556,2022-09-30T00:00:00,2022,9,31,Conflict,5605,5951,South West Ethiopia,ET11,SA,Active
136820,Countrywide monitoring,Ethiopia,ETH,Oromia,ET04,West Hararge,ET0409,2,16513,2022-09-30T00:00:00,2022,9,31,Conflict,8258,8255,Oromia,ET04,SA,Active
136854,Countrywide monitoring,Ethiopia,ETH,Oromia,ET04,West Shewa,ET0405,2,209,2022-09-30T00:00:00,2022,9,31,Conflict,146,63,Somali,ET05,SA,Active
136883,Countrywide monitoring,Ethiopia,ETH,Oromia,ET04,West Shewa,ET0405,2,10138,2022-09-30T00:00:00,2022,9,31,Conflict,5008,5130,Oromia,ET04,SA,Active
136901,Countrywide monitoring,Ethiopia,ETH,Oromia,ET04,West Wellega,ET0401,2,4413,2022-09-30T00:00:00,2022,9,31,Conflict,2192,2221,Benishangul-Gumuz,ET06,SA,Active
136897,Countrywide monitoring,Ethiopia,ETH,Oromia,ET04,West Wellega,ET0401,2,2333,2022-09-30T00:00:00,2022,9,31,Conflict,1138,1195,Oromia,ET04,SA,Active
136954,Countrywide monitoring,Ethiopia,ETH,Sidama,ET16,Sidama,ET1600,2,1233,2022-09-30T00:00:00,2022,9,31,Natural disaster,620,613,Afar,ET02,SA,Active
136939,Countrywide monitoring,Ethiopia,ETH,Sidama,ET16,Sidama,ET1600,2,427,2022-09-30T00:00:00,2022,9,31,Conflict,218,209,Not available,Not available,SA,Active
136957,Countrywide monitoring,Ethiopia,ETH,Sidama,ET16,Sidama,ET1600,2,1402,2022-09-30T00:00:00,2022,9,31,Conflict,685,717,Oromia,ET04,SA,Active
136968,Countrywide monitoring,Ethiopia,ETH,Sidama,ET16,Sidama,ET1600,2,5345,2022-09-30T00:00:00,2022,9,31,Conflict,2715,2630,South West Ethiopia,ET11,SA,Active
136978,Countrywide monitoring,Ethiopia,ETH,Sidama,ET16,Sidama,ET1600,2,40337,2022-09-30T00:00:00,2022,9,31,Conflict,20066,20271,Afar,ET02,SA,Active
136724,Countrywide monitoring,Ethiopia,ETH,Central Ethiopia,ET07,Hadiya,ET0702,2,157,2022-09-30T00:00:00,2022,9,31,Natural disaster,75,82,Central Ethiopia,ET07,SA,Active
136726,Countrywide monitoring,Ethiopia,ETH,Central Ethiopia,ET07,Hadiya,ET0702,2,210,2022-09-30T00:00:00,2022,9,31,Conflict,101,109,Central Ethiopia,ET07,SA,Active
136736,Countrywide monitoring,Ethiopia,ETH,Central Ethiopia,ET07,Hadiya,ET0702,2,557,2022-09-30T00:00:00,2022,9,31,Conflict,270,287,Oromia,ET04,SA,Active
136745,Countrywide monitoring,Ethiopia,ETH,Central Ethiopia,ET07,Hadiya,ET0702,2,894,2022-09-30T00:00:00,2022,9,31,Conflict,429,465,Not available,Not available,SA,Active
136705,Countrywide monitoring,Ethiopia,ETH,Central Ethiopia,ET07,Guraghe,ET0701,2,6173,2022-09-30T00:00:00,2022,9,31,Conflict,2857,3316,Oromia,ET04,SA,Active
136692,Countrywide monitoring,Ethiopia,ETH,Central Ethiopia,ET07,Guraghe,ET0701,2,1457,2022-09-30T00:00:00,2022,9,31,Conflict,687,770,Central Ethiopia,ET07,SA,Active
136675,Countrywide monitoring,Ethiopia,ETH,Benishangul-Gumuz,ET06,Metekel,ET0602,2,103293,2022-09-30T00:00:00,2022,9,31,Conflict,50933,52360,Benishangul-Gumuz,ET06,SA,Active
136666,Countrywide monitoring,Ethiopia,ETH,Benishangul-Gumuz,ET06,Metekel,ET0602,2,3384,2022-09-30T00:00:00,2022,9,31,Conflict,1621,1763,Oromia,ET04,SA,Active
135443,Countrywide monitoring,Ethiopia,ETH,Somali,ET05,Doolo,ET0507,2,42366,2022-09-30T00:00:00,2022,9,31,Natural disaster,20334,22032,Somali,ET05,SA,Active
135423,Countrywide monitoring,Ethiopia,ETH,Somali,ET05,Doolo,ET0507,2,2220,2022-09-30T00:00:00,2022,9,31,Conflict,1130,1090,Somali,ET05,SA,Active
135412,Countrywide monitoring,Ethiopia,ETH,Somali,ET05,Daawa,ET0511,2,122940,2022-09-30T00:00:00,2022,9,31,Conflict,59398,63542,Oromia,ET04,SA,Active
135401,Countrywide monitoring,Ethiopia,ETH,Somali,ET05,Daawa,ET0511,2,56400,2022-09-30T00:00:00,2022,9,31,Natural disaster,28518,27882,Somali,ET05,SA,Active
135372,Countrywide monitoring,Ethiopia,ETH,Somali,ET05,Daawa,ET0511,2,18540,2022-09-30T00:00:00,2022,9,31,Conflict,8954,9586,Somali,ET05,SA,Active
135364,Countrywide monitoring,Ethiopia,ETH,Somali,ET05,Daawa,ET0511,2,1740,2022-09-30T00:00:00,2022,9,31,Natural disaster,855,885,Oromia,ET04,SA,Active
135337,Countrywide monitoring,Ethiopia,ETH,Somali,ET05,Afder,ET0508,2,181133,2022-12-31T00:00:00,2022,12,32,Natural disaster,90756,90377,Not available,Not available,SA,Active
135308,Countrywide monitoring,Ethiopia,ETH,Somali,ET05,Afder,ET0508,2,13643,2022-12-31T00:00:00,2022,12,32,Conflict,6869,6774,Not available,Not available,SA,Active
135402,Countrywide monitoring,Ethiopia,ETH,Somali,ET05,Daawa,ET0511,2,73200,2022-12-31T00:00:00,2022,12,32,Natural disaster,35978,37222,Not available,Not available,SA,Active
135413,Countrywide monitoring,Ethiopia,ETH,Somali,ET05,Daawa,ET0511,2,136948,2022-12-31T00:00:00,2022,12,32,Conflict,68921,68027,Not available,Not available,SA,Active
135416,Countrywide monitoring,Ethiopia,ETH,Somali,ET05,Doolo,ET0507,2,1408,2022-12-31T00:00:00,2022,12,32,Conflict,718,690,Not available,Not available,SA,Active
135441,Countrywide monitoring,Ethiopia,ETH,Somali,ET05,Doolo,ET0507,2,29058,2022-12-31T00:00:00,2022,12,32,Natural disaster,13574,15484,Not available,Not available,SA,Active
136673,Countrywide monitoring,Ethiopia,ETH,Benishangul-Gumuz,ET06,Metekel,ET0602,2,94798,2022-12-31T00:00:00,2022,12,32,Conflict,46764,48034,Not available,Not available,SA,Active
136709,Countrywide monitoring,Ethiopia,ETH,Central Ethiopia,ET07,Guraghe,ET0701,2,7627,2022-12-31T00:00:00,2022,12,32,Conflict,3634,3993,Not available,Not available,SA,Active
136980,Countrywide monitoring,Ethiopia,ETH,Sidama,ET16,Sidama,ET1600,2,45597,2022-12-31T00:00:00,2022,12,32,Conflict,23012,22585,Not available,Not available,SA,Active
136944,Countrywide monitoring,Ethiopia,ETH,Sidama,ET16,Sidama,ET1600,2,546,2022-12-31T00:00:00,2022,12,32,Natural disaster,266,280,Not available,Not available,SA,Active
136909,Countrywide monitoring,Ethiopia,ETH,Oromia,ET04,West Wellega,ET0401,2,15420,2022-12-31T00:00:00,2022,12,32,Conflict,7513,7907,Not available,Not available,SA,Active
136884,Countrywide monitoring,Ethiopia,ETH,Oromia,ET04,West Shewa,ET0405,2,14071,2022-12-31T00:00:00,2022,12,32,Conflict,6598,7473,Not available,Not available,SA,Active
136814,Countrywide monitoring,Ethiopia,ETH,Central Ethiopia,ET07,Kembata,ET0703,2,13184,2022-12-31T00:00:00,2022,12,32,Conflict,6397,6787,Not available,Not available,SA,Active
136832,Countrywide monitoring,Ethiopia,ETH,Oromia,ET04,West Hararge,ET0409,2,21631,2022-12-31T00:00:00,2022,12,32,Conflict,10861,10770,Not available,Not available,SA,Active
136773,Countrywide monitoring,Ethiopia,ETH,Central Ethiopia,ET07,Hadiya,ET0702,2,4216,2022-12-31T00:00:00,2022,12,32,Natural disaster,2080,2136,Not available,Not available,SA,Active
136786,Countrywide monitoring,Ethiopia,ETH,Central Ethiopia,ET07,Hadiya,ET0702,2,20878,2022-12-31T00:00:00,2022,12,32,Conflict,10150,10728,Not available,Not available,SA,Active
138175,Countrywide monitoring,Ethiopia,ETH,Amhara,ET03,West Gojam,ET0307,2,148750,2022-12-31T00:00:00,2022,12,32,Conflict,73823,74927,Not available,Not available,SA,Active
138197,Countrywide monitoring,Ethiopia,ETH,Amhara,ET03,West Gondar,ET0312,2,2237,2022-12-31T00:00:00,2022,12,32,Conflict,1152,1085,Not available,Not available,SA,Active
138118,Countrywide monitoring,Ethiopia,ETH,Amhara,ET03,Wag Hamra,ET0308,2,33832,2022-12-31T00:00:00,2022,12,32,Conflict,16216,17616,Not available,Not available,SA,Active
138076,Countrywide monitoring,Ethiopia,ETH,Amhara,ET03,South Wello,ET0304,2,25979,2022-12-31T00:00:00,2022,12,32,Conflict,12403,13576,Not available,Not available,SA,Active
138248,Countrywide monitoring,Ethiopia,ETH,Oromia,ET04,West Arsi,ET0417,2,375,2022-12-31T00:00:00,2022,12,32,Natural disaster,154,221,Not available,Not available,SA,Active
138221,Countrywide monitoring,Ethiopia,ETH,Benishangul-Gumuz,ET06,Assosa,ET0603,2,29833,2022-12-31T00:00:00,2022,12,32,Conflict,14343,15490,Not available,Not available,SA,Active
138227,Countrywide monitoring,Ethiopia,ETH,Oromia,ET04,South West Shewa,ET0413,2,350,2022-12-31T00:00:00,2022,12,32,Conflict,154,196,Not available,Not available,SA,Active
138361,Countrywide monitoring,Ethiopia,ETH,Oromia,ET04,West Guji,ET0415,2,81137,2022-12-31T00:00:00,2022,12,32,Natural disaster,39149,41988,Not available,Not available,SA,Active
138327,Countrywide monitoring,Ethiopia,ETH,Oromia,ET04,West Arsi,ET0417,2,18192,2022-12-31T00:00:00,2022,12,32,Conflict,7905,10287,Not available,Not available,SA,Active
140823,Countrywide monitoring,Ethiopia,ETH,Amhara,ET03,North Gondar,ET0301,2,25407,2022-12-31T00:00:00,2022,12,32,Conflict,11278,14129,Not available,Not available,SA,Active
140786,Countrywide monitoring,Ethiopia,ETH,Amhara,ET03,East Gojam,ET0306,2,20072,2022-12-31T00:00:00,2022,12,32,Conflict,9923,10149,Not available,Not available,SA,Active
140775,Countrywide monitoring,Ethiopia,ETH,Amhara,ET03,East Gojam,ET0306,2,591,2022-12-31T00:00:00,2022,12,32,Natural disaster,303,288,Not available,Not available,SA,Active
138372,Countrywide monitoring,Ethiopia,ETH,Oromia,ET04,West Hararge,ET0409,2,1279,2022-12-31T00:00:00,2022,12,32,Natural disaster,664,615,Not available,Not available,SA,Active
138367,Countrywide monitoring,Ethiopia,ETH,Oromia,ET04,West Guji,ET0415,2,104771,2022-12-31T00:00:00,2022,12,32,Conflict,52182,52589,Not available,Not available,SA,Active
140838,Countrywide monitoring,Ethiopia,ETH,Amhara,ET03,North Shewa (AM),ET0305,2,164,2022-12-31T00:00:00,2022,12,32,Natural disaster,72,92,Not available,Not available,SA,Active
140896,Countrywide monitoring,Ethiopia,ETH,Amhara,ET03,North Shewa (AM),ET0305,2,49000,2022-12-31T00:00:00,2022,12,32,Conflict,24867,24133,Not available,Not available,SA,Active
140940,Countrywide monitoring,Ethiopia,ETH,Oromia,ET04,East Wellega,ET0402,2,140374,2022-12-31T00:00:00,2022,12,32,Conflict,73060,67314,Not available,Not available,SA,Active
150257,Countrywide monitoring,Ethiopia,ETH,South Ethiopia People,ET08,Gamo,ET0802,2,2173,2022-12-31T00:00:00,2022,12,32,Natural disaster,1053,1120,Not available,Not available,SA,Active
150245,Countrywide monitoring,Ethiopia,ETH,South Ethiopia People,ET08,Derashe,ET0807,2,6878,2022-12-31T00:00:00,2022,12,32,Conflict,3395,3483,Not available,Not available,SA,Active
150241,Countrywide monitoring,Ethiopia,ETH,South Ethiopia People,ET08,Burji,ET0810,2,2151,2022-12-31T00:00:00,2022,12,32,Conflict,1047,1104,Not available,Not available,SA,Active
150291,Countrywide monitoring,Ethiopia,ETH,South Ethiopia People,ET08,South Omo,ET0812,2,899,2022-12-31T00:00:00,2022,12,32,Conflict,371,528,Not available,Not available,SA,Active
150281,Countrywide monitoring,Ethiopia,ETH,South Ethiopia People,ET08,Konso,ET0809,2,17395,2022-12-31T00:00:00,2022,12,32,Conflict,8488,8907,Not available,Not available,SA,Active
150272,Countrywide monitoring,Ethiopia,ETH,South Ethiopia People,ET08,Gofa,ET0803,2,11161,2022-12-31T00:00:00,2022,12,32,Natural disaster,5507,5654,Not available,Not available,SA,Active
150297,Countrywide monitoring,Ethiopia,ETH,South Ethiopia People,ET08,South Omo,ET0812,2,56358,2022-12-31T00:00:00,2022,12,32,Natural disaster,27664,28694,Not available,Not available,SA,Active
150323,Countrywide monitoring,Ethiopia,ETH,South Ethiopia People,ET08,Wolayita,ET0801,2,4124,2022-12-31T00:00:00,2022,12,32,Conflict,2088,2036,Not available,Not available,SA,Active
150332,Countrywide monitoring,Ethiopia,ETH,South Ethiopia People,ET08,Wolayita,ET0801,2,13547,2022-12-31T00:00:00,2022,12,32,Natural disaster,6716,6831,Not available,Not available,SA,Active
150343,Countrywide monitoring,Ethiopia,ETH,South West Ethiopia People,ET11,Bench Sheko,ET1103,2,641,2022-12-31T00:00:00,2022,12,32,Natural disaster,301,340,Not available,Not available,SA,Active
150350,Countrywide monitoring,Ethiopia,ETH,South West Ethiopia People,ET11,Bench Sheko,ET1103,2,4163,2022-12-31T00:00:00,2022,12,32,Conflict,1946,2217,Not available,Not available,SA,Active
150366,Countrywide monitoring,Ethiopia,ETH,South West Ethiopia People,ET11,Dawuro,ET1104,2,197,2022-12-31T00:00:00,2022,12,32,Conflict,90,107,Not available,Not available,SA,Active
141018,Countrywide monitoring,Ethiopia,ETH,Oromia,ET04,Guji,ET0414,2,31304,2022-12-31T00:00:00,2022,12,32,Natural disaster,14337,16967,Not available,Not available,SA,Active
141049,Countrywide monitoring,Ethiopia,ETH,Oromia,ET04,Horo Gudru Wellega,ET0419,2,42496,2022-12-31T00:00:00,2022,12,32,Conflict,15112,27384,Not available,Not available,SA,Active
141041,Countrywide monitoring,Ethiopia,ETH,Oromia,ET04,Guji,ET0414,2,69668,2022-12-31T00:00:00,2022,12,32,Conflict,32391,37277,Not available,Not available,SA,Active
141076,Countrywide monitoring,Ethiopia,ETH,Oromia,ET04,Jimma,ET0404,2,241,2022-12-31T00:00:00,2022,12,32,Conflict,143,98,Not available,Not available,SA,Active
141092,Countrywide monitoring,Ethiopia,ETH,Oromia,ET04,Jimma,ET0404,2,4495,2022-12-31T00:00:00,2022,12,32,Other reason,2213,2282,Not available,Not available,SA,Active
141117,Countrywide monitoring,Ethiopia,ETH,South Ethiopia People,ET08,Basketo,ET0804,2,454,2022-12-31T00:00:00,2022,12,32,Conflict,237,217,Not available,Not available,SA,Active
141112,Countrywide monitoring,Ethiopia,ETH,South Ethiopia People,ET08,Ari,ET0805,2,1291,2022-12-31T00:00:00,2022,12,32,Conflict,631,660,Not available,Not available,SA,Active
131177,Countrywide monitoring,Ethiopia,ETH,Amhara,ET03,Central Gondar,ET0311,2,10789,2022-12-31T00:00:00,2022,12,32,Conflict,5002,5787,Not available,Not available,SA,Active
131215,Countrywide monitoring,Ethiopia,ETH,Oromia,ET04,East Hararge,ET0410,2,194,2022-12-31T00:00:00,2022,12,32,Other reason,93,101,Not available,Not available,SA,Active
131237,Countrywide monitoring,Ethiopia,ETH,Oromia,ET04,East Hararge,ET0410,2,15488,2022-12-31T00:00:00,2022,12,32,Natural disaster,8712,6776,Not available,Not available,SA,Active
131290,Countrywide monitoring,Ethiopia,ETH,Oromia,ET04,East Hararge,ET0410,2,128171,2022-12-31T00:00:00,2022,12,32,Conflict,63613,64558,Not available,Not available,SA,Active
131415,Countrywide monitoring,Ethiopia,ETH,Somali,ET05,Shabelle,ET0506,2,87658,2022-12-31T00:00:00,2022,12,32,Natural disaster,43205,44453,Not available,Not available,SA,Active
131396,Countrywide monitoring,Ethiopia,ETH,Somali,ET05,Shabelle,ET0506,2,1604,2022-12-31T00:00:00,2022,12,32,Conflict,807,797,Not available,Not available,SA,Active
131479,Countrywide monitoring,Ethiopia,ETH,Somali,ET05,Siti,ET0501,2,44670,2022-12-31T00:00:00,2022,12,32,Conflict,21578,23092,Not available,Not available,SA,Active
131485,Countrywide monitoring,Ethiopia,ETH,Somali,ET05,Siti,ET0501,2,56856,2022-12-31T00:00:00,2022,12,32,Natural disaster,28467,28389,Not available,Not available,SA,Active
131507,Countrywide monitoring,Ethiopia,ETH,South Ethiopia People,ET08,Ali,ET0806,2,304,2022-12-31T00:00:00,2022,12,32,Conflict,139,165,Not available,Not available,SA,Active
135140,Countrywide monitoring,Ethiopia,ETH,Central Ethiopia,ET07,Siltie,ET0720,2,3959,2022-12-31T00:00:00,2022,12,32,Conflict,1893,2066,Not available,Not available,SA,Active
131535,Countrywide monitoring,Ethiopia,ETH,South Ethiopia People,ET08,Amaro,ET0808,2,43686,2022-12-31T00:00:00,2022,12,32,Conflict,21308,22378,Not available,Not available,SA,Active
135210,Countrywide monitoring,Ethiopia,ETH,Gambela,ET12,Agnewak,ET1202,2,618,2022-12-31T00:00:00,2022,12,32,Natural disaster,296,322,Not available,Not available,SA,Active
135166,Countrywide monitoring,Ethiopia,ETH,Central Ethiopia,ET07,Yem,ET0724,2,301,2022-12-31T00:00:00,2022,12,32,Natural disaster,144,157,Not available,Not available,SA,Active
135239,Countrywide monitoring,Ethiopia,ETH,Gambela,ET12,Agnewak,ET1202,2,4678,2022-12-31T00:00:00,2022,12,32,Conflict,2291,2387,Not available,Not available,SA,Active
79157,Countrywide monitoring,Ethiopia,ETH,Gambela,ET12,Nuwer,ET1201,2,14734,2022-12-31T00:00:00,2022,12,32,Conflict,7453,7281,Not available,Not available,SA,Active
79167,Countrywide monitoring,Ethiopia,ETH,Gambela,ET12,Nuwer,ET1201,2,24474,2022-12-31T00:00:00,2022,12,32,Natural disaster,12299,12175,Not available,Not available,SA,Active
79214,Countrywide monitoring,Ethiopia,ETH,Harari,ET13,Harari,ET1301,2,3037,2022-12-31T00:00:00,2022,12,32,Conflict,1516,1521,Not available,Not available,SA,Active
79258,Countrywide monitoring,Ethiopia,ETH,Oromia,ET04,Arsi,ET0408,2,2116,2022-12-31T00:00:00,2022,12,32,Natural disaster,1059,1057,Not available,Not available,SA,Active
79253,Countrywide monitoring,Ethiopia,ETH,Oromia,ET04,Arsi,ET0408,2,1948,2022-12-31T00:00:00,2022,12,32,Conflict,1005,943,Not available,Not available,SA,Active
79351,Countrywide monitoring,Ethiopia,ETH,Somali,ET05,Erer,ET0504,2,8740,2022-12-31T00:00:00,2022,12,32,Natural disaster,4900,3840,Not available,Not available,SA,Active
79311,Countrywide monitoring,Ethiopia,ETH,Oromia,ET04,Bale,ET0411,2,10650,2022-12-31T00:00:00,2022,12,32,Conflict,5121,5529,Not available,Not available,SA,Active
131062,Countrywide monitoring,Ethiopia,ETH,Afar,ET02,Kilbati /Zone2,ET0202,2,3907,2022-12-31T00:00:00,2022,12,32,Natural disaster,1829,2078,Not available,Not available,SA,Active
131010,Countrywide monitoring,Ethiopia,ETH,Afar,ET02,Hari /Zone 5,ET0205,2,2224,2022-12-31T00:00:00,2022,12,32,Natural disaster,1074,1150,Not available,Not available,SA,Active
131096,Countrywide monitoring,Ethiopia,ETH,Afar,ET02,Kilbati /Zone2,ET0202,2,37879,2022-12-31T00:00:00,2022,12,32,Conflict,17261,20618,Not available,Not available,SA,Active
131126,Countrywide monitoring,Ethiopia,ETH,Amhara,ET03,Awi,ET0309,2,28622,2022-12-31T00:00:00,2022,12,32,Conflict,14361,14261,Not available,Not available,SA,Active
79390,Countrywide monitoring,Ethiopia,ETH,Somali,ET05,Fafan,ET0502,2,4323,2022-12-31T00:00:00,2022,12,32,Natural disaster,2208,2115,Not available,Not available,SA,Active
79380,Countrywide monitoring,Ethiopia,ETH,Somali,ET05,Erer,ET0504,2,40312,2022-12-31T00:00:00,2022,12,32,Conflict,21265,19047,Not available,Not available,SA,Active
79461,Countrywide monitoring,Ethiopia,ETH,Somali,ET05,Fafan,ET0502,2,157779,2022-12-31T00:00:00,2022,12,32,Conflict,80696,77083,Not available,Not available,SA,Active
79502,Countrywide monitoring,Ethiopia,ETH,Somali,ET05,Jarar,ET0503,2,31805,2022-12-31T00:00:00,2022,12,32,Natural disaster,16221,15584,Not available,Not available,SA,Active
79483,Countrywide monitoring,Ethiopia,ETH,Somali,ET05,Jarar,ET0503,2,279,2022-12-31T00:00:00,2022,12,32,Conflict,159,120,Not available,Not available,SA,Active
73983,Countrywide monitoring,Ethiopia,ETH,Oromia,ET04,North Shewa (OR),ET0406,2,19355,2022-12-31T00:00:00,2022,12,32,Conflict,8718,10637,Not available,Not available,SA,Active
73906,Countrywide monitoring,Ethiopia,ETH,Oromia,ET04,Jimma,ET0404,2,10157,2022-12-31T00:00:00,2022,12,32,Natural disaster,4996,5161,Not available,Not available,SA,Active
73940,Countrywide monitoring,Ethiopia,ETH,Oromia,ET04,Kelem Wellega,ET0418,2,26351,2022-12-31T00:00:00,2022,12,32,Conflict,12769,13582,Not available,Not available,SA,Active
74096,Countrywide monitoring,Ethiopia,ETH,South West Ethiopia People,ET11,West Omo,ET1105,2,929,2022-12-31T00:00:00,2022,12,32,Conflict,436,493,Not available,Not available,SA,Active
74062,Countrywide monitoring,Ethiopia,ETH,South West Ethiopia People,ET11,Konta,ET1106,2,560,2022-12-31T00:00:00,2022,12,32,Conflict,261,299,Not available,Not available,SA,Active
74059,Countrywide monitoring,Ethiopia,ETH,South West Ethiopia People,ET11,Kefa,ET1102,2,718,2022-12-31T00:00:00,2022,12,32,Natural disaster,345,373,Not available,Not available,SA,Active
74071,Countrywide monitoring,Ethiopia,ETH,South West Ethiopia People,ET11,Konta,ET1106,2,2330,2022-12-31T00:00:00,2022,12,32,Natural disaster,1128,1202,Not available,Not available,SA,Active
74076,Countrywide monitoring,Ethiopia,ETH,South West Ethiopia People,ET11,Sheka,ET1101,2,3200,2022-12-31T00:00:00,2022,12,32,Conflict,1531,1669,Not available,Not available,SA,Active
73762,Countrywide monitoring,Ethiopia,ETH,Amhara,ET03,Oromia,ET0310,2,827,2022-12-31T00:00:00,2022,12,32,Natural disaster,401,426,Not available,Not available,SA,Active
73785,Countrywide monitoring,Ethiopia,ETH,Amhara,ET03,Oromia,ET0310,2,3873,2022-12-31T00:00:00,2022,12,32,Conflict,1959,1914,Not available,Not available,SA,Active
73835,Countrywide monitoring,Ethiopia,ETH,Amhara,ET03,South Gondar,ET0302,2,20002,2022-12-31T00:00:00,2022,12,32,Conflict,9891,10111,Not available,Not available,SA,Active
73726,Countrywide monitoring,Ethiopia,ETH,Amhara,ET03,North Wello,ET0303,2,18570,2022-12-31T00:00:00,2022,12,32,Conflict,8890,9680,Not available,Not available,SA,Active
35149,Countrywide monitoring,Ethiopia,ETH,Afar,ET02,Gabi /Zone 3,ET0203,2,12971,2022-12-31T00:00:00,2022,12,32,Natural disaster,5590,7381,Not available,Not available,SA,Active
35143,Countrywide monitoring,Ethiopia,ETH,Afar,ET02,Gabi /Zone 3,ET0203,2,10629,2022-12-31T00:00:00,2022,12,32,Conflict,4627,6002,Not available,Not available,SA,Active
35061,Countrywide monitoring,Ethiopia,ETH,Afar,ET02,Awsi /Zone 1,ET0201,2,7294,2022-12-31T00:00:00,2022,12,32,Conflict,3750,3544,Not available,Not available,SA,Active
35079,Countrywide monitoring,Ethiopia,ETH,Afar,ET02,Awsi /Zone 1,ET0201,2,13243,2022-12-31T00:00:00,2022,12,32,Natural disaster,6638,6605,Not available,Not available,SA,Active
35105,Countrywide monitoring,Ethiopia,ETH,Afar,ET02,Fanti /Zone 4,ET0204,2,625,2022-12-31T00:00:00,2022,12,32,Natural disaster,309,316,Not available,Not available,SA,Active
35107,Countrywide monitoring,Ethiopia,ETH,Afar,ET02,Fanti /Zone 4,ET0204,2,906,2022-12-31T00:00:00,2022,12,32,Conflict,421,485,Not available,Not available,SA,Active
44758,Countrywide monitoring,Ethiopia,ETH,Oromia,ET04,Borena,ET0412,2,71444,2022-12-31T00:00:00,2022,12,32,Conflict,36593,34851,Not available,Not available,SA,Active
44801,Countrywide monitoring,Ethiopia,ETH,Oromia,ET04,Buno Bedele,ET0416,2,7476,2022-12-31T00:00:00,2022,12,32,Natural disaster,3961,3515,Not available,Not available,SA,Active
44777,Countrywide monitoring,Ethiopia,ETH,Oromia,ET04,Borena,ET0412,2,105826,2022-12-31T00:00:00,2022,12,32,Natural disaster,52969,52857,Not available,Not available,SA,Active
35205,Countrywide monitoring,Ethiopia,ETH,Afar,ET02,Hari /Zone 5,ET0205,2,356,2022-12-31T00:00:00,2022,12,32,Conflict,149,207,Not available,Not available,SA,Active
44833,Countrywide monitoring,Ethiopia,ETH,Oromia,ET04,East Bale,ET0421,2,11162,2022-12-31T00:00:00,2022,12,32,Conflict,4907,6255,Not available,Not available,SA,Active
44825,Countrywide monitoring,Ethiopia,ETH,Oromia,ET04,East Bale,ET0421,2,3570,2022-12-31T00:00:00,2022,12,32,Natural disaster,1502,2068,Not available,Not available,SA,Active
44892,Countrywide monitoring,Ethiopia,ETH,Somali,ET05,Korahe,ET0505,2,1307,2022-12-31T00:00:00,2022,12,32,Conflict,642,665,Not available,Not available,SA,Active
44918,Countrywide monitoring,Ethiopia,ETH,Somali,ET05,Korahe,ET0505,2,22764,2022-12-31T00:00:00,2022,12,32,Natural disaster,11383,11381,Not available,Not available,SA,Active
45018,Countrywide monitoring,Ethiopia,ETH,Somali,ET05,Nogob,ET0510,2,755,2022-12-31T00:00:00,2022,12,32,Conflict,408,347,Not available,Not available,SA,Active
45011,Countrywide monitoring,Ethiopia,ETH,Somali,ET05,Liban,ET0509,2,241882,2022-12-31T00:00:00,2022,12,32,Conflict,125605,116277,Not available,Not available,SA,Active
44995,Countrywide monitoring,Ethiopia,ETH,Somali,ET05,Liban,ET0509,2,73455,2022-12-31T00:00:00,2022,12,32,Natural disaster,36932,36523,Not available,Not available,SA,Active
45052,Countrywide monitoring,Ethiopia,ETH,Somali,ET05,Nogob,ET0510,2,53576,2022-12-31T00:00:00,2022,12,32,Natural disaster,28177,25399,Not available,Not available,SA,Active
44996,Countrywide monitoring,Ethiopia,ETH,Somali,ET05,Liban,ET0509,2,73455,2023-06-30T00:00:00,2023,6,33,Natural disaster,36932,36523,Not available,Not available,SA,Active
45012,Countrywide monitoring,Ethiopia,ETH,Somali,ET05,Liban,ET0509,2,242782,2023-06-30T00:00:00,2023,6,33,Conflict,126035,116747,Not available,Not available,SA,Active
45019,Countrywide monitoring,Ethiopia,ETH,Somali,ET05,Nogob,ET0510,2,755,2023-06-30T00:00:00,2023,6,33,Conflict,408,347,Not available,Not available,SA,Active
44919,Countrywide monitoring,Ethiopia,ETH,Somali,ET05,Korahe,ET0505,2,22764,2023-06-30T00:00:00,2023,6,33,Natural disaster,11383,11381,Not available,Not available,SA,Active
44893,Countrywide monitoring,Ethiopia,ETH,Somali,ET05,Korahe,ET0505,2,1307,2023-06-30T00:00:00,2023,6,33,Conflict,642,665,Not available,Not available,SA,Active
44826,Countrywide monitoring,Ethiopia,ETH,Oromia,ET04,East Bale,ET0421,2,3570,2023-06-30T00:00:00,2023,6,33,Natural disaster,1502,2068,Not available,Not available,SA,Active
44834,Countrywide monitoring,Ethiopia,ETH,Oromia,ET04,East Bale,ET0421,2,11162,2023-06-30T00:00:00,2023,6,33,Conflict,4907,6255,Not available,Not available,SA,Active
35206,Countrywide monitoring,Ethiopia,ETH,Afar,ET02,Hari /Zone 5,ET0205,2,356,2023-06-30T00:00:00,2023,6,33,Conflict,149,207,Not available,Not available,SA,Active
44792,Countrywide monitoring,Ethiopia,ETH,Oromia,ET04,Borena,ET0412,2,149096,2023-06-30T00:00:00,2023,6,33,Natural disaster,77263,71833,Not available,Not available,SA,Active
44802,Countrywide monitoring,Ethiopia,ETH,Oromia,ET04,Buno Bedele,ET0416,2,7476,2023-06-30T00:00:00,2023,6,33,Natural disaster,3961,3515,Not available,Not available,SA,Active
44759,Countrywide monitoring,Ethiopia,ETH,Oromia,ET04,Borena,ET0412,2,71444,2023-06-30T00:00:00,2023,6,33,Conflict,36593,34851,Not available,Not available,SA,Active
35108,Countrywide monitoring,Ethiopia,ETH,Afar,ET02,Fanti /Zone 4,ET0204,2,906,2023-06-30T00:00:00,2023,6,33,Conflict,421,485,Not available,Not available,SA,Active
35106,Countrywide monitoring,Ethiopia,ETH,Afar,ET02,Fanti /Zone 4,ET0204,2,625,2023-06-30T00:00:00,2023,6,33,Natural disaster,309,316,Not available,Not available,SA,Active
35085,Countrywide monitoring,Ethiopia,ETH,Afar,ET02,Awsi /Zone 1,ET0201,2,15374,2023-06-30T00:00:00,2023,6,33,Natural disaster,7581,7793,Not available,Not available,SA,Active
35062,Countrywide monitoring,Ethiopia,ETH,Afar,ET02,Awsi /Zone 1,ET0201,2,7294,2023-06-30T00:00:00,2023,6,33,Conflict,3750,3544,Not available,Not available,SA,Active
35144,Countrywide monitoring,Ethiopia,ETH,Afar,ET02,Gabi /Zone 3,ET0203,2,10629,2023-06-30T00:00:00,2023,6,33,Conflict,4627,6002,Not available,Not available,SA,Active
35164,Countrywide monitoring,Ethiopia,ETH,Afar,ET02,Gabi /Zone 3,ET0203,2,17382,2023-06-30T00:00:00,2023,6,33,Natural disaster,7315,10067,Not available,Not available,SA,Active
73730,Countrywide monitoring,Ethiopia,ETH,Amhara,ET03,North Wello,ET0303,2,30243,2023-06-30T00:00:00,2023,6,33,Conflict,14572,15671,Not available,Not available,SA,Active
73838,Countrywide monitoring,Ethiopia,ETH,Amhara,ET03,South Gondar,ET0302,2,28704,2023-06-30T00:00:00,2023,6,33,Conflict,14215,14489,Not available,Not available,SA,Active
73787,Countrywide monitoring,Ethiopia,ETH,Amhara,ET03,Oromia,ET0310,2,6543,2023-06-30T00:00:00,2023,6,33,Conflict,3243,3300,Not available,Not available,SA,Active
73763,Countrywide monitoring,Ethiopia,ETH,Amhara,ET03,Oromia,ET0310,2,827,2023-06-30T00:00:00,2023,6,33,Natural disaster,401,426,Not available,Not available,SA,Active
74077,Countrywide monitoring,Ethiopia,ETH,South West Ethiopia People,ET11,Sheka,ET1101,2,3200,2023-06-30T00:00:00,2023,6,33,Conflict,1531,1669,Not available,Not available,SA,Active
74072,Countrywide monitoring,Ethiopia,ETH,South West Ethiopia People,ET11,Konta,ET1106,2,2330,2023-06-30T00:00:00,2023,6,33,Natural disaster,1128,1202,Not available,Not available,SA,Active
74060,Countrywide monitoring,Ethiopia,ETH,South West Ethiopia People,ET11,Kefa,ET1102,2,718,2023-06-30T00:00:00,2023,6,33,Natural disaster,345,373,Not available,Not available,SA,Active
74063,Countrywide monitoring,Ethiopia,ETH,South West Ethiopia People,ET11,Konta,ET1106,2,560,2023-06-30T00:00:00,2023,6,33,Conflict,261,299,Not available,Not available,SA,Active
74097,Countrywide monitoring,Ethiopia,ETH,South West Ethiopia People,ET11,West Omo,ET1105,2,929,2023-06-30T00:00:00,2023,6,33,Conflict,436,493,Not available,Not available,SA,Active
74118,Countrywide monitoring,Ethiopia,ETH,Tigray,ET01,Central,ET0102,2,320,2023-06-30T00:00:00,2023,6,33,Conflict,124,196,Benishangul-Gumuz,ET06,SA,Active
74124,Countrywide monitoring,Ethiopia,ETH,Tigray,ET01,Central,ET0102,2,1430,2023-06-30T00:00:00,2023,6,33,Conflict,691,739,Gambela,ET12,SA,Active
74129,Countrywide monitoring,Ethiopia,ETH,Tigray,ET01,Central,ET0102,2,3191,2023-06-30T00:00:00,2023,6,33,Conflict,1583,1608,Amhara,ET03,SA,Active
74183,Countrywide monitoring,Ethiopia,ETH,Tigray,ET01,Eastern,ET0103,2,286,2023-06-30T00:00:00,2023,6,33,Conflict,133,153,Amhara,ET03,SA,Active
74173,Countrywide monitoring,Ethiopia,ETH,Tigray,ET01,Eastern,ET0103,2,106,2023-06-30T00:00:00,2023,6,33,Conflict,47,59,Addis Ababa,ET14,SA,Active
74167,Countrywide monitoring,Ethiopia,ETH,Tigray,ET01,Central,ET0102,2,218827,2023-06-30T00:00:00,2023,6,33,Conflict,103936,114891,Tigray,ET01,SA,Active
73941,Countrywide monitoring,Ethiopia,ETH,Oromia,ET04,Kelem Wellega,ET0418,2,26351,2023-06-30T00:00:00,2023,6,33,Conflict,12769,13582,Not available,Not available,SA,Active
73907,Countrywide monitoring,Ethiopia,ETH,Oromia,ET04,Jimma,ET0404,2,10157,2023-06-30T00:00:00,2023,6,33,Natural disaster,4996,5161,Not available,Not available,SA,Active
73984,Countrywide monitoring,Ethiopia,ETH,Oromia,ET04,North Shewa (OR),ET0406,2,19355,2023-06-30T00:00:00,2023,6,33,Conflict,8718,10637,Not available,Not available,SA,Active
79484,Countrywide monitoring,Ethiopia,ETH,Somali,ET05,Jarar,ET0503,2,279,2023-06-30T00:00:00,2023,6,33,Conflict,159,120,Not available,Not available,SA,Active
79503,Countrywide monitoring,Ethiopia,ETH,Somali,ET05,Jarar,ET0503,2,31805,2023-06-30T00:00:00,2023,6,33,Natural disaster,16221,15584,Not available,Not available,SA,Active
79462,Countrywide monitoring,Ethiopia,ETH,Somali,ET05,Fafan,ET0502,2,157779,2023-06-30T00:00:00,2023,6,33,Conflict,80696,77083,Not available,Not available,SA,Active
79381,Countrywide monitoring,Ethiopia,ETH,Somali,ET05,Erer,ET0504,2,40312,2023-06-30T00:00:00,2023,6,33,Conflict,21265,19047,Not available,Not available,SA,Active
79391,Countrywide monitoring,Ethiopia,ETH,Somali,ET05,Fafan,ET0502,2,4323,2023-06-30T00:00:00,2023,6,33,Natural disaster,2208,2115,Not available,Not available,SA,Active
131127,Countrywide monitoring,Ethiopia,ETH,Amhara,ET03,Awi,ET0309,2,28622,2023-06-30T00:00:00,2023,6,33,Conflict,14361,14261,Not available,Not available,SA,Active
131097,Countrywide monitoring,Ethiopia,ETH,Afar,ET02,Kilbati /Zone2,ET0202,2,37879,2023-06-30T00:00:00,2023,6,33,Conflict,17261,20618,Not available,Not available,SA,Active
131011,Countrywide monitoring,Ethiopia,ETH,Afar,ET02,Hari /Zone 5,ET0205,2,2224,2023-06-30T00:00:00,2023,6,33,Natural disaster,1074,1150,Not available,Not available,SA,Active
131063,Countrywide monitoring,Ethiopia,ETH,Afar,ET02,Kilbati /Zone2,ET0202,2,3907,2023-06-30T00:00:00,2023,6,33,Natural disaster,1829,2078,Not available,Not available,SA,Active
79312,Countrywide monitoring,Ethiopia,ETH,Oromia,ET04,Bale,ET0411,2,10650,2023-06-30T00:00:00,2023,6,33,Conflict,5121,5529,Not available,Not available,SA,Active
79352,Countrywide monitoring,Ethiopia,ETH,Somali,ET05,Erer,ET0504,2,8740,2023-06-30T00:00:00,2023,6,33,Natural disaster,4900,3840,Not available,Not available,SA,Active
79254,Countrywide monitoring,Ethiopia,ETH,Oromia,ET04,Arsi,ET0408,2,1948,2023-06-30T00:00:00,2023,6,33,Conflict,1005,943,Not available,Not available,SA,Active
79259,Countrywide monitoring,Ethiopia,ETH,Oromia,ET04,Arsi,ET0408,2,2116,2023-06-30T00:00:00,2023,6,33,Natural disaster,1059,1057,Not available,Not available,SA,Active
79215,Countrywide monitoring,Ethiopia,ETH,Harari,ET13,Harari,ET1301,2,3037,2023-06-30T00:00:00,2023,6,33,Conflict,1516,1521,Not available,Not available,SA,Active
79168,Countrywide monitoring,Ethiopia,ETH,Gambela,ET12,Nuwer,ET1201,2,24474,2023-06-30T00:00:00,2023,6,33,Natural disaster,12299,12175,Not available,Not available,SA,Active
79158,Countrywide monitoring,Ethiopia,ETH,Gambela,ET12,Nuwer,ET1201,2,14734,2023-06-30T00:00:00,2023,6,33,Conflict,7453,7281,Not available,Not available,SA,Active
74214,Countrywide monitoring,Ethiopia,ETH,Tigray,ET01,Eastern,ET0103,2,2980,2023-06-30T00:00:00,2023,6,33,Conflict,1450,1530,Afar,ET02,SA,Active
74203,Countrywide monitoring,Ethiopia,ETH,Tigray,ET01,Eastern,ET0103,2,983,2023-06-30T00:00:00,2023,6,33,Conflict,458,525,Oromia,ET04,SA,Active
135240,Countrywide monitoring,Ethiopia,ETH,Gambela,ET12,Agnewak,ET1202,2,4678,2023-06-30T00:00:00,2023,6,33,Conflict,2291,2387,Not available,Not available,SA,Active
135167,Countrywide monitoring,Ethiopia,ETH,Central Ethiopia,ET07,Yem,ET0724,2,301,2023-06-30T00:00:00,2023,6,33,Natural disaster,144,157,Not available,Not available,SA,Active
135211,Countrywide monitoring,Ethiopia,ETH,Gambela,ET12,Agnewak,ET1202,2,618,2023-06-30T00:00:00,2023,6,33,Natural disaster,296,322,Not available,Not available,SA,Active
131536,Countrywide monitoring,Ethiopia,ETH,South Ethiopia People,ET08,Amaro,ET0808,2,43686,2023-06-30T00:00:00,2023,6,33,Conflict,21308,22378,Not available,Not available,SA,Active
135141,Countrywide monitoring,Ethiopia,ETH,Central Ethiopia,ET07,Siltie,ET0720,2,3959,2023-06-30T00:00:00,2023,6,33,Conflict,1893,2066,Not available,Not available,SA,Active
131508,Countrywide monitoring,Ethiopia,ETH,South Ethiopia People,ET08,Ali,ET0806,2,304,2023-06-30T00:00:00,2023,6,33,Conflict,139,165,Not available,Not available,SA,Active
131486,Countrywide monitoring,Ethiopia,ETH,Somali,ET05,Siti,ET0501,2,56856,2023-06-30T00:00:00,2023,6,33,Natural disaster,28467,28389,Not available,Not available,SA,Active
131480,Countrywide monitoring,Ethiopia,ETH,Somali,ET05,Siti,ET0501,2,44670,2023-06-30T00:00:00,2023,6,33,Conflict,21578,23092,Not available,Not available,SA,Active
131397,Countrywide monitoring,Ethiopia,ETH,Somali,ET05,Shabelle,ET0506,2,1604,2023-06-30T00:00:00,2023,6,33,Conflict,807,797,Not available,Not available,SA,Active
131426,Countrywide monitoring,Ethiopia,ETH,Somali,ET05,Shabelle,ET0506,2,141455,2023-06-30T00:00:00,2023,6,33,Natural disaster,70616,70839,Not available,Not available,SA,Active
131357,Countrywide monitoring,Ethiopia,ETH,Somali,ET05,Nogob,ET0510,2,53576,2023-06-30T00:00:00,2023,6,33,Natural disaster,28177,25399,Not available,Not available,SA,Active
131291,Countrywide monitoring,Ethiopia,ETH,Oromia,ET04,East Hararge,ET0410,2,128171,2023-06-30T00:00:00,2023,6,33,Conflict,63613,64558,Not available,Not available,SA,Active
131238,Countrywide monitoring,Ethiopia,ETH,Oromia,ET04,East Hararge,ET0410,2,15488,2023-06-30T00:00:00,2023,6,33,Natural disaster,8712,6776,Not available,Not available,SA,Active
131216,Countrywide monitoring,Ethiopia,ETH,Oromia,ET04,East Hararge,ET0410,2,194,2023-06-30T00:00:00,2023,6,33,Other reason,93,101,Not available,Not available,SA,Active
141113,Countrywide monitoring,Ethiopia,ETH,South Ethiopia People,ET08,Ari,ET0805,2,1291,2023-06-30T00:00:00,2023,6,33,Conflict,631,660,Not available,Not available,SA,Active
141118,Countrywide monitoring,Ethiopia,ETH,South Ethiopia People,ET08,Basketo,ET0804,2,454,2023-06-30T00:00:00,2023,6,33,Conflict,237,217,Not available,Not available,SA,Active
141093,Countrywide monitoring,Ethiopia,ETH,Oromia,ET04,Jimma,ET0404,2,4495,2023-06-30T00:00:00,2023,6,33,Other reason,2213,2282,Not available,Not available,SA,Active
141077,Countrywide monitoring,Ethiopia,ETH,Oromia,ET04,Jimma,ET0404,2,241,2023-06-30T00:00:00,2023,6,33,Conflict,143,98,Not available,Not available,SA,Active
141042,Countrywide monitoring,Ethiopia,ETH,Oromia,ET04,Guji,ET0414,2,69668,2023-06-30T00:00:00,2023,6,33,Conflict,32391,37277,Not available,Not available,SA,Active
141050,Countrywide monitoring,Ethiopia,ETH,Oromia,ET04,Horo Gudru Wellega,ET0419,2,42496,2023-06-30T00:00:00,2023,6,33,Conflict,15112,27384,Not available,Not available,SA,Active
141019,Countrywide monitoring,Ethiopia,ETH,Oromia,ET04,Guji,ET0414,2,31304,2023-06-30T00:00:00,2023,6,33,Natural disaster,14337,16967,Not available,Not available,SA,Active
147513,Countrywide monitoring,Ethiopia,ETH,Tigray,ET01,Eastern,ET0103,2,150700,2023-06-30T00:00:00,2023,6,33,Conflict,68952,81748,Tigray,ET01,SA,Active
147533,Countrywide monitoring,Ethiopia,ETH,Tigray,ET01,Mekelle,ET0107,2,11272,2023-06-30T00:00:00,2023,6,33,Conflict,4980,6292,Afar,ET02,SA,Active
147552,Countrywide monitoring,Ethiopia,ETH,Tigray,ET01,Mekelle,ET0107,2,223212,2023-06-30T00:00:00,2023,6,33,Conflict,104903,118309,Tigray,ET01,SA,Active
147577,Countrywide monitoring,Ethiopia,ETH,Tigray,ET01,North Western,ET0101,2,315637,2023-06-30T00:00:00,2023,6,33,Conflict,149865,165772,Tigray,ET01,SA,Active
150367,Countrywide monitoring,Ethiopia,ETH,South West Ethiopia People,ET11,Dawuro,ET1104,2,197,2023-06-30T00:00:00,2023,6,33,Conflict,90,107,Not available,Not available,SA,Active
150351,Countrywide monitoring,Ethiopia,ETH,South West Ethiopia People,ET11,Bench Sheko,ET1103,2,4163,2023-06-30T00:00:00,2023,6,33,Conflict,1946,2217,Not available,Not available,SA,Active
150344,Countrywide monitoring,Ethiopia,ETH,South West Ethiopia People,ET11,Bench Sheko,ET1103,2,641,2023-06-30T00:00:00,2023,6,33,Natural disaster,301,340,Not available,Not available,SA,Active
150334,Countrywide monitoring,Ethiopia,ETH,South Ethiopia People,ET08,Wolayita,ET0801,2,13874,2023-06-30T00:00:00,2023,6,33,Natural disaster,6875,6999,Not available,Not available,SA,Active
150324,Countrywide monitoring,Ethiopia,ETH,South Ethiopia People,ET08,Wolayita,ET0801,2,4124,2023-06-30T00:00:00,2023,6,33,Conflict,2088,2036,Not available,Not available,SA,Active
150298,Countrywide monitoring,Ethiopia,ETH,South Ethiopia People,ET08,South Omo,ET0812,2,56358,2023-06-30T00:00:00,2023,6,33,Natural disaster,27664,28694,Not available,Not available,SA,Active
150273,Countrywide monitoring,Ethiopia,ETH,South Ethiopia People,ET08,Gofa,ET0803,2,11161,2023-06-30T00:00:00,2023,6,33,Natural disaster,5507,5654,Not available,Not available,SA,Active
150282,Countrywide monitoring,Ethiopia,ETH,South Ethiopia People,ET08,Konso,ET0809,2,17555,2023-06-30T00:00:00,2023,6,33,Conflict,8562,8993,Not available,Not available,SA,Active
150292,Countrywide monitoring,Ethiopia,ETH,South Ethiopia People,ET08,South Omo,ET0812,2,899,2023-06-30T00:00:00,2023,6,33,Conflict,371,528,Not available,Not available,SA,Active
150242,Countrywide monitoring,Ethiopia,ETH,South Ethiopia People,ET08,Burji,ET0810,2,2151,2023-06-30T00:00:00,2023,6,33,Conflict,1047,1104,Not available,Not available,SA,Active
147695,Countrywide monitoring,Ethiopia,ETH,Tigray,ET01,Southern,ET0104,2,2882,2023-06-30T00:00:00,2023,6,33,Conflict,1465,1417,Amhara,ET03,SA,Active
150246,Countrywide monitoring,Ethiopia,ETH,South Ethiopia People,ET08,Derashe,ET0807,2,6878,2023-06-30T00:00:00,2023,6,33,Conflict,3395,3483,Not available,Not available,SA,Active
150258,Countrywide monitoring,Ethiopia,ETH,South Ethiopia People,ET08,Gamo,ET0802,2,2173,2023-06-30T00:00:00,2023,6,33,Natural disaster,1053,1120,Not available,Not available,SA,Active
147639,Countrywide monitoring,Ethiopia,ETH,Tigray,ET01,South Eastern,ET0106,2,16747,2023-06-30T00:00:00,2023,6,33,Conflict,7474,9273,Afar,ET02,SA,Active
147628,Countrywide monitoring,Ethiopia,ETH,Tigray,ET01,South Eastern,ET0106,2,3556,2023-06-30T00:00:00,2023,6,33,Conflict,1632,1924,Amhara,ET03,SA,Active
147629,Countrywide monitoring,Ethiopia,ETH,Tigray,ET01,South Eastern,ET0106,2,4632,2023-06-30T00:00:00,2023,6,33,Conflict,1953,2679,Oromia,ET04,SA,Active
147634,Countrywide monitoring,Ethiopia,ETH,Tigray,ET01,South Eastern,ET0106,2,9268,2023-06-30T00:00:00,2023,6,33,Conflict,3794,5474,Tigray,ET01,SA,Active
147659,Countrywide monitoring,Ethiopia,ETH,Tigray,ET01,Southern,ET0104,2,203,2023-06-30T00:00:00,2023,6,33,Conflict,88,115,Addis Ababa,ET14,SA,Active
140941,Countrywide monitoring,Ethiopia,ETH,Oromia,ET04,East Wellega,ET0402,2,140374,2023-06-30T00:00:00,2023,6,33,Conflict,73060,67314,Not available,Not available,SA,Active
140897,Countrywide monitoring,Ethiopia,ETH,Amhara,ET03,North Shewa (AM),ET0305,2,66132,2023-06-30T00:00:00,2023,6,33,Conflict,32976,33156,Not available,Not available,SA,Active
140839,Countrywide monitoring,Ethiopia,ETH,Amhara,ET03,North Shewa (AM),ET0305,2,164,2023-06-30T00:00:00,2023,6,33,Natural disaster,72,92,Not available,Not available,SA,Active
138368,Countrywide monitoring,Ethiopia,ETH,Oromia,ET04,West Guji,ET0415,2,155841,2023-06-30T00:00:00,2023,6,33,Conflict,77096,78745,Not available,Not available,SA,Active
138364,Countrywide monitoring,Ethiopia,ETH,Oromia,ET04,West Guji,ET0415,2,91221,2023-06-30T00:00:00,2023,6,33,Natural disaster,44070,47151,Not available,Not available,SA,Active
138374,Countrywide monitoring,Ethiopia,ETH,Oromia,ET04,West Hararge,ET0409,2,1643,2023-06-30T00:00:00,2023,6,33,Natural disaster,832,811,Not available,Not available,SA,Active
140740,Countrywide monitoring,Ethiopia,ETH,Amhara,ET03,Central Gondar,ET0311,2,10789,2023-06-30T00:00:00,2023,6,33,Conflict,5002,5787,Not available,Not available,SA,Active
140776,Countrywide monitoring,Ethiopia,ETH,Amhara,ET03,East Gojam,ET0306,2,591,2023-06-30T00:00:00,2023,6,33,Natural disaster,303,288,Not available,Not available,SA,Active
140787,Countrywide monitoring,Ethiopia,ETH,Amhara,ET03,East Gojam,ET0306,2,20072,2023-06-30T00:00:00,2023,6,33,Conflict,9923,10149,Not available,Not available,SA,Active
140824,Countrywide monitoring,Ethiopia,ETH,Amhara,ET03,North Gondar,ET0301,2,25407,2023-06-30T00:00:00,2023,6,33,Conflict,11278,14129,Not available,Not available,SA,Active
138328,Countrywide monitoring,Ethiopia,ETH,Oromia,ET04,West Arsi,ET0417,2,18192,2023-06-30T00:00:00,2023,6,33,Conflict,7905,10287,Not available,Not available,SA,Active
138228,Countrywide monitoring,Ethiopia,ETH,Oromia,ET04,South West Shewa,ET0413,2,350,2023-06-30T00:00:00,2023,6,33,Conflict,154,196,Not available,Not available,SA,Active
138222,Countrywide monitoring,Ethiopia,ETH,Benishangul-Gumuz,ET06,Assosa,ET0603,2,29833,2023-06-30T00:00:00,2023,6,33,Conflict,14343,15490,Not available,Not available,SA,Active
138249,Countrywide monitoring,Ethiopia,ETH,Oromia,ET04,West Arsi,ET0417,2,375,2023-06-30T00:00:00,2023,6,33,Natural disaster,154,221,Not available,Not available,SA,Active
138077,Countrywide monitoring,Ethiopia,ETH,Amhara,ET03,South Wello,ET0304,2,28790,2023-06-30T00:00:00,2023,6,33,Conflict,13684,15106,Not available,Not available,SA,Active
138119,Countrywide monitoring,Ethiopia,ETH,Amhara,ET03,Wag Hamra,ET0308,2,38934,2023-06-30T00:00:00,2023,6,33,Conflict,18613,20321,Not available,Not available,SA,Active
138198,Countrywide monitoring,Ethiopia,ETH,Amhara,ET03,West Gondar,ET0312,2,2237,2023-06-30T00:00:00,2023,6,33,Conflict,1152,1085,Not available,Not available,SA,Active
138176,Countrywide monitoring,Ethiopia,ETH,Amhara,ET03,West Gojam,ET0307,2,148750,2023-06-30T00:00:00,2023,6,33,Conflict,73823,74927,Not available,Not available,SA,Active
136787,Countrywide monitoring,Ethiopia,ETH,Central Ethiopia,ET07,Hadiya,ET0702,2,20878,2023-06-30T00:00:00,2023,6,33,Conflict,10150,10728,Not available,Not available,SA,Active
136774,Countrywide monitoring,Ethiopia,ETH,Central Ethiopia,ET07,Hadiya,ET0702,2,4216,2023-06-30T00:00:00,2023,6,33,Natural disaster,2080,2136,Not available,Not available,SA,Active
136833,Countrywide monitoring,Ethiopia,ETH,Oromia,ET04,West Hararge,ET0409,2,21631,2023-06-30T00:00:00,2023,6,33,Conflict,10861,10770,Not available,Not available,SA,Active
136815,Countrywide monitoring,Ethiopia,ETH,Central Ethiopia,ET07,Kembata,ET0703,2,13184,2023-06-30T00:00:00,2023,6,33,Conflict,6397,6787,Not available,Not available,SA,Active
136885,Countrywide monitoring,Ethiopia,ETH,Oromia,ET04,West Shewa,ET0405,2,14071,2023-06-30T00:00:00,2023,6,33,Conflict,6598,7473,Not available,Not available,SA,Active
136910,Countrywide monitoring,Ethiopia,ETH,Oromia,ET04,West Wellega,ET0401,2,15420,2023-06-30T00:00:00,2023,6,33,Conflict,7513,7907,Not available,Not available,SA,Active
136945,Countrywide monitoring,Ethiopia,ETH,Sidama,ET16,Sidama,ET1600,2,546,2023-06-30T00:00:00,2023,6,33,Natural disaster,266,280,Not available,Not available,SA,Active
136981,Countrywide monitoring,Ethiopia,ETH,Sidama,ET16,Sidama,ET1600,2,47897,2023-06-30T00:00:00,2023,6,33,Conflict,24164,23733,Not available,Not available,SA,Active
137004,Countrywide monitoring,Ethiopia,ETH,Tigray,ET01,Southern,ET0104,2,3164,2023-06-30T00:00:00,2023,6,33,Conflict,1488,1676,Afar,ET02,SA,Active
137023,Countrywide monitoring,Ethiopia,ETH,Tigray,ET01,Southern,ET0104,2,44344,2023-06-30T00:00:00,2023,6,33,Conflict,20488,23856,Tigray,ET01,SA,Active
137008,Countrywide monitoring,Ethiopia,ETH,Tigray,ET01,Southern,ET0104,2,8058,2023-06-30T00:00:00,2023,6,33,Conflict,3811,4247,Oromia,ET04,SA,Active
136710,Countrywide monitoring,Ethiopia,ETH,Central Ethiopia,ET07,Guraghe,ET0701,2,7627,2023-06-30T00:00:00,2023,6,33,Conflict,3634,3993,Not available,Not available,SA,Active
136674,Countrywide monitoring,Ethiopia,ETH,Benishangul-Gumuz,ET06,Metekel,ET0602,2,94798,2023-06-30T00:00:00,2023,6,33,Conflict,46764,48034,Not available,Not available,SA,Active
135442,Countrywide monitoring,Ethiopia,ETH,Somali,ET05,Doolo,ET0507,2,29058,2023-06-30T00:00:00,2023,6,33,Natural disaster,13574,15484,Not available,Not available,SA,Active
135417,Countrywide monitoring,Ethiopia,ETH,Somali,ET05,Doolo,ET0507,2,1408,2023-06-30T00:00:00,2023,6,33,Conflict,718,690,Not available,Not available,SA,Active
135414,Countrywide monitoring,Ethiopia,ETH,Somali,ET05,Daawa,ET0511,2,136948,2023-06-30T00:00:00,2023,6,33,Conflict,68921,68027,Not available,Not available,SA,Active
135403,Countrywide monitoring,Ethiopia,ETH,Somali,ET05,Daawa,ET0511,2,73200,2023-06-30T00:00:00,2023,6,33,Natural disaster,35978,37222,Not available,Not available,SA,Active
135309,Countrywide monitoring,Ethiopia,ETH,Somali,ET05,Afder,ET0508,2,13643,2023-06-30T00:00:00,2023,6,33,Conflict,6869,6774,Not available,Not available,SA,Active
135338,Countrywide monitoring,Ethiopia,ETH,Somali,ET05,Afder,ET0508,2,184965,2023-06-30T00:00:00,2023,6,33,Natural disaster,92610,92355,Not available,Not available,SA,Active
135334,Countrywide monitoring,Ethiopia,ETH,Somali,ET05,Afder,ET0508,2,129793,2023-09-30T00:00:00,2023,9,34,Natural disaster,65011,64782,Somali,ET05,SA,Active
135368,Countrywide monitoring,Ethiopia,ETH,Somali,ET05,Daawa,ET0511,2,8040,2023-09-30T00:00:00,2023,9,34,Conflict,3775,4265,Somali,ET05,SA,Active
135366,Countrywide monitoring,Ethiopia,ETH,Somali,ET05,Daawa,ET0511,2,2655,2023-09-30T00:00:00,2023,9,34,Natural disaster,1169,1486,Oromia,ET04,SA,Active
135399,Countrywide monitoring,Ethiopia,ETH,Somali,ET05,Daawa,ET0511,2,46011,2023-09-30T00:00:00,2023,9,34,Natural disaster,22150,23861,Somali,ET05,SA,Active
135406,Countrywide monitoring,Ethiopia,ETH,Somali,ET05,Daawa,ET0511,2,84440,2023-09-30T00:00:00,2023,9,34,Conflict,42889,41551,Oromia,ET04,SA,Active
135425,Countrywide monitoring,Ethiopia,ETH,Somali,ET05,Doolo,ET0507,2,2256,2023-09-30T00:00:00,2023,9,34,Conflict,1151,1105,Somali,ET05,SA,Active
136667,Countrywide monitoring,Ethiopia,ETH,Benishangul-Gumuz,ET06,Metekel,ET0602,2,3418,2023-09-30T00:00:00,2023,9,34,Conflict,1669,1749,Amhara,ET03,SA,Active
136670,Countrywide monitoring,Ethiopia,ETH,Benishangul-Gumuz,ET06,Metekel,ET0602,2,15067,2023-09-30T00:00:00,2023,9,34,Conflict,7170,7897,Benishangul-Gumuz,ET06,SA,Active
136665,Countrywide monitoring,Ethiopia,ETH,Benishangul-Gumuz,ET06,Metekel,ET0602,2,3356,2023-09-30T00:00:00,2023,9,34,Conflict,1670,1686,Oromia,ET04,SA,Active
135440,Countrywide monitoring,Ethiopia,ETH,Somali,ET05,Doolo,ET0507,2,19698,2023-09-30T00:00:00,2023,9,34,Natural disaster,9142,10556,Somali,ET05,SA,Active
136648,Countrywide monitoring,Ethiopia,ETH,Benishangul-Gumuz,ET06,Kamashi,ET0604,2,400,2023-09-30T00:00:00,2023,9,34,Conflict,207,193,Benishangul-Gumuz,ET06,SA,Active
136708,Countrywide monitoring,Ethiopia,ETH,Central Ethiopia,ET07,Guraghe,ET0701,2,6527,2023-09-30T00:00:00,2023,9,34,Conflict,3113,3414,Oromia,ET04,SA,Active
136697,Countrywide monitoring,Ethiopia,ETH,Central Ethiopia,ET07,Guraghe,ET0701,2,2776,2023-09-30T00:00:00,2023,9,34,Conflict,1325,1451,Central Ethiopia,ET07,SA,Active
136742,Countrywide monitoring,Ethiopia,ETH,Central Ethiopia,ET07,Hadiya,ET0702,2,734,2023-09-30T00:00:00,2023,9,34,Conflict,347,387,Not available,Not available,SA,Active
136757,Countrywide monitoring,Ethiopia,ETH,Central Ethiopia,ET07,Hadiya,ET0702,2,2309,2023-09-30T00:00:00,2023,9,34,Conflict,1127,1182,Oromia,ET04,SA,Active
136737,Countrywide monitoring,Ethiopia,ETH,Central Ethiopia,ET07,Hadiya,ET0702,2,562,2023-09-30T00:00:00,2023,9,34,Conflict,274,288,Central Ethiopia,ET07,SA,Active
137021,Countrywide monitoring,Ethiopia,ETH,Tigray,ET01,Southern,ET0104,2,39079,2023-09-30T00:00:00,2023,9,34,Conflict,18272,20807,Tigray,ET01,SA,Active
137006,Countrywide monitoring,Ethiopia,ETH,Tigray,ET01,Southern,ET0104,2,4242,2023-09-30T00:00:00,2023,9,34,Conflict,2056,2186,Oromia,ET04,SA,Active
136966,Countrywide monitoring,Ethiopia,ETH,Sidama,ET16,Sidama,ET1600,2,4825,2023-09-30T00:00:00,2023,9,34,Conflict,2390,2435,South West Ethiopia,ET11,SA,Active
136979,Countrywide monitoring,Ethiopia,ETH,Sidama,ET16,Sidama,ET1600,2,42029,2023-09-30T00:00:00,2023,9,34,Conflict,21244,20785,Afar,ET02,SA,Active
136946,Countrywide monitoring,Ethiopia,ETH,Sidama,ET16,Sidama,ET1600,2,564,2023-09-30T00:00:00,2023,9,34,Natural disaster,274,290,Afar,ET02,SA,Active
136940,Countrywide monitoring,Ethiopia,ETH,Sidama,ET16,Sidama,ET1600,2,427,2023-09-30T00:00:00,2023,9,34,Conflict,213,214,Not available,Not available,SA,Active
136958,Countrywide monitoring,Ethiopia,ETH,Sidama,ET16,Sidama,ET1600,2,1512,2023-09-30T00:00:00,2023,9,34,Conflict,752,760,Oromia,ET04,SA,Active
136926,Countrywide monitoring,Ethiopia,ETH,Oromia,ET04,West Wellega,ET0401,2,55939,2023-09-30T00:00:00,2023,9,34,Conflict,27179,28760,Benishangul-Gumuz,ET06,SA,Active
136902,Countrywide monitoring,Ethiopia,ETH,Oromia,ET04,West Wellega,ET0401,2,4771,2023-09-30T00:00:00,2023,9,34,Conflict,2308,2463,Oromia,ET04,SA,Active
136879,Countrywide monitoring,Ethiopia,ETH,Oromia,ET04,West Shewa,ET0405,2,3457,2023-09-30T00:00:00,2023,9,34,Natural disaster,1674,1783,Oromia,ET04,SA,Active
136888,Countrywide monitoring,Ethiopia,ETH,Oromia,ET04,West Shewa,ET0405,2,19034,2023-09-30T00:00:00,2023,9,34,Conflict,8924,10110,Oromia,ET04,SA,Active
136813,Countrywide monitoring,Ethiopia,ETH,Central Ethiopia,ET07,Kembata,ET0703,2,12936,2023-09-30T00:00:00,2023,9,34,Conflict,6287,6649,South West Ethiopia,ET11,SA,Active
136798,Countrywide monitoring,Ethiopia,ETH,Central Ethiopia,ET07,Kembata,ET0703,2,213,2023-09-30T00:00:00,2023,9,34,Conflict,101,112,Oromia,ET04,SA,Active
136771,Countrywide monitoring,Ethiopia,ETH,Central Ethiopia,ET07,Hadiya,ET0702,2,4184,2023-09-30T00:00:00,2023,9,34,Conflict,2021,2163,Somali,ET05,SA,Active
136766,Countrywide monitoring,Ethiopia,ETH,Central Ethiopia,ET07,Hadiya,ET0702,2,3881,2023-09-30T00:00:00,2023,9,34,Natural disaster,1915,1966,Central Ethiopia,ET07,SA,Active
136780,Countrywide monitoring,Ethiopia,ETH,Central Ethiopia,ET07,Hadiya,ET0702,2,12231,2023-09-30T00:00:00,2023,9,34,Conflict,5978,6253,South West Ethiopia,ET11,SA,Active
138063,Countrywide monitoring,Ethiopia,ETH,Amhara,ET03,South Wello,ET0304,2,1796,2023-09-30T00:00:00,2023,9,34,Conflict,915,881,Afar,ET02,SA,Active
138071,Countrywide monitoring,Ethiopia,ETH,Amhara,ET03,South Wello,ET0304,2,14241,2023-09-30T00:00:00,2023,9,34,Conflict,6758,7483,Oromia,ET04,SA,Active
138250,Countrywide monitoring,Ethiopia,ETH,Oromia,ET04,West Arsi,ET0417,2,380,2023-09-30T00:00:00,2023,9,34,Natural disaster,156,224,Oromia,ET04,SA,Active
138260,Countrywide monitoring,Ethiopia,ETH,Oromia,ET04,West Arsi,ET0417,2,490,2023-09-30T00:00:00,2023,9,34,Conflict,215,275,Somali,ET05,SA,Active
138229,Countrywide monitoring,Ethiopia,ETH,Oromia,ET04,South West Shewa,ET0413,2,364,2023-09-30T00:00:00,2023,9,34,Conflict,179,185,Oromia,ET04,SA,Active
138230,Countrywide monitoring,Ethiopia,ETH,Oromia,ET04,South West Shewa,ET0413,2,441,2023-09-30T00:00:00,2023,9,34,Conflict,194,247,Somali,ET05,SA,Active
138231,Countrywide monitoring,Ethiopia,ETH,Oromia,ET04,South West Shewa,ET0413,2,1515,2023-09-30T00:00:00,2023,9,34,Natural disaster,703,812,Oromia,ET04,SA,Active
138212,Countrywide monitoring,Ethiopia,ETH,Benishangul-Gumuz,ET06,Assosa,ET0603,2,10750,2023-09-30T00:00:00,2023,9,34,Conflict,5559,5191,Benishangul-Gumuz,ET06,SA,Active
138217,Countrywide monitoring,Ethiopia,ETH,Benishangul-Gumuz,ET06,Assosa,ET0603,2,16400,2023-09-30T00:00:00,2023,9,34,Conflict,8052,8348,Oromia,ET04,SA,Active
138355,Countrywide monitoring,Ethiopia,ETH,Oromia,ET04,West Guji,ET0415,2,61328,2023-09-30T00:00:00,2023,9,34,Natural disaster,29979,31349,Oromia,ET04,SA,Active
138315,Countrywide monitoring,Ethiopia,ETH,Oromia,ET04,West Arsi,ET0417,2,11500,2023-09-30T00:00:00,2023,9,34,Conflict,5000,6500,Oromia,ET04,SA,Active
140849,Countrywide monitoring,Ethiopia,ETH,Amhara,ET03,North Shewa (AM),ET0305,2,215,2023-09-30T00:00:00,2023,9,34,Conflict,93,122,Benishangul-Gumuz,ET06,SA,Active
138390,Countrywide monitoring,Ethiopia,ETH,Oromia,ET04,West Hararge,ET0409,2,6369,2023-09-30T00:00:00,2023,9,34,Conflict,3182,3187,Somali,ET05,SA,Active
138404,Countrywide monitoring,Ethiopia,ETH,Oromia,ET04,West Hararge,ET0409,2,14646,2023-09-30T00:00:00,2023,9,34,Conflict,7380,7266,Oromia,ET04,SA,Active
138373,Countrywide monitoring,Ethiopia,ETH,Oromia,ET04,West Hararge,ET0409,2,1638,2023-09-30T00:00:00,2023,9,34,Natural disaster,829,809,Oromia,ET04,SA,Active
138369,Countrywide monitoring,Ethiopia,ETH,Oromia,ET04,West Guji,ET0415,2,167874,2023-09-30T00:00:00,2023,9,34,Conflict,81139,86735,Oromia,ET04,SA,Active
140879,Countrywide monitoring,Ethiopia,ETH,Amhara,ET03,North Shewa (AM),ET0305,2,5350,2023-09-30T00:00:00,2023,9,34,Conflict,2433,2917,Amhara,ET03,SA,Active
140889,Countrywide monitoring,Ethiopia,ETH,Amhara,ET03,North Shewa (AM),ET0305,2,24248,2023-09-30T00:00:00,2023,9,34,Conflict,12206,12042,Oromia,ET04,SA,Active
140937,Countrywide monitoring,Ethiopia,ETH,Oromia,ET04,East Wellega,ET0402,2,83661,2023-09-30T00:00:00,2023,9,34,Conflict,42344,41317,Oromia,ET04,SA,Active
147626,Countrywide monitoring,Ethiopia,ETH,Tigray,ET01,South Eastern,ET0106,2,3327,2023-09-30T00:00:00,2023,9,34,Conflict,1537,1790,Amhara,ET03,SA,Active
147623,Countrywide monitoring,Ethiopia,ETH,Tigray,ET01,South Eastern,ET0106,2,3085,2023-09-30T00:00:00,2023,9,34,Conflict,1408,1677,Oromia,ET04,SA,Active
147637,Countrywide monitoring,Ethiopia,ETH,Tigray,ET01,South Eastern,ET0106,2,14841,2023-09-30T00:00:00,2023,9,34,Conflict,6140,8701,Tigray,ET01,SA,Active
147638,Countrywide monitoring,Ethiopia,ETH,Tigray,ET01,South Eastern,ET0106,2,15013,2023-09-30T00:00:00,2023,9,34,Conflict,6206,8807,Afar,ET02,SA,Active
147655,Countrywide monitoring,Ethiopia,ETH,Tigray,ET01,Southern,ET0104,2,178,2023-09-30T00:00:00,2023,9,34,Conflict,78,100,Addis Ababa,ET14,SA,Active
150255,Countrywide monitoring,Ethiopia,ETH,South Ethiopia People,ET08,Gamo,ET0802,2,1232,2023-09-30T00:00:00,2023,9,34,Conflict,626,606,Oromia,ET04,SA,Active
150262,Countrywide monitoring,Ethiopia,ETH,South Ethiopia People,ET08,Gamo,ET0802,2,2174,2023-09-30T00:00:00,2023,9,34,Natural disaster,1054,1120,Not available,Not available,SA,Active
147694,Countrywide monitoring,Ethiopia,ETH,Tigray,ET01,Southern,ET0104,2,2783,2023-09-30T00:00:00,2023,9,34,Conflict,1249,1534,Afar,ET02,SA,Active
147692,Countrywide monitoring,Ethiopia,ETH,Tigray,ET01,Southern,ET0104,2,2582,2023-09-30T00:00:00,2023,9,34,Conflict,1312,1270,Amhara,ET03,SA,Active
150244,Countrywide monitoring,Ethiopia,ETH,South Ethiopia People,ET08,Derashe,ET0807,2,2423,2023-09-30T00:00:00,2023,9,34,Conflict,1202,1221,Not available,Not available,SA,Active
150296,Countrywide monitoring,Ethiopia,ETH,South Ethiopia People,ET08,South Omo,ET0812,2,54959,2023-09-30T00:00:00,2023,9,34,Natural disaster,26979,27980,Not available,Not available,SA,Active
150283,Countrywide monitoring,Ethiopia,ETH,South Ethiopia People,ET08,Konso,ET0809,2,18274,2023-09-30T00:00:00,2023,9,34,Conflict,8918,9356,Not available,Not available,SA,Active
150274,Countrywide monitoring,Ethiopia,ETH,South Ethiopia People,ET08,Gofa,ET0803,2,11168,2023-09-30T00:00:00,2023,9,34,Natural disaster,5511,5657,Not available,Not available,SA,Active
150287,Countrywide monitoring,Ethiopia,ETH,South Ethiopia People,ET08,South Omo,ET0812,2,96,2023-09-30T00:00:00,2023,9,34,Conflict,40,56,Not available,Not available,SA,Active
150310,Countrywide monitoring,Ethiopia,ETH,South Ethiopia People,ET08,Wolayita,ET0801,2,1670,2023-09-30T00:00:00,2023,9,34,Conflict,831,839,Not available,Not available,SA,Active
150320,Countrywide monitoring,Ethiopia,ETH,South Ethiopia People,ET08,Wolayita,ET0801,2,2453,2023-09-30T00:00:00,2023,9,34,Conflict,1258,1195,Afar,ET02,SA,Active
150335,Countrywide monitoring,Ethiopia,ETH,South Ethiopia People,ET08,Wolayita,ET0801,2,14643,2023-09-30T00:00:00,2023,9,34,Natural disaster,7253,7390,Not available,Not available,SA,Active
150348,Countrywide monitoring,Ethiopia,ETH,South West Ethiopia People,ET11,Bench Sheko,ET1103,2,731,2023-09-30T00:00:00,2023,9,34,Conflict,348,383,South West Ethiopia,ET11,SA,Active
150362,Countrywide monitoring,Ethiopia,ETH,South West Ethiopia People,ET11,Dawuro,ET1104,2,178,2023-09-30T00:00:00,2023,9,34,Conflict,82,96,Oromia,ET04,SA,Active
150374,Countrywide monitoring,Ethiopia,ETH,South West Ethiopia People,ET11,Kefa,ET1102,2,547,2023-09-30T00:00:00,2023,9,34,Natural disaster,263,284,South West Ethiopia,ET11,SA,Active
147578,Countrywide monitoring,Ethiopia,ETH,Tigray,ET01,North Western,ET0101,2,324497,2023-09-30T00:00:00,2023,9,34,Conflict,155556,168941,Tigray,ET01,SA,Active
147551,Countrywide monitoring,Ethiopia,ETH,Tigray,ET01,Mekelle,ET0107,2,213085,2023-09-30T00:00:00,2023,9,34,Conflict,95535,117550,Tigray,ET01,SA,Active
147611,Countrywide monitoring,Ethiopia,ETH,Tigray,ET01,South Eastern,ET0106,2,1333,2023-09-30T00:00:00,2023,9,34,Conflict,460,873,South West Ethiopia,ET11,SA,Active
147534,Countrywide monitoring,Ethiopia,ETH,Tigray,ET01,Mekelle,ET0107,2,11463,2023-09-30T00:00:00,2023,9,34,Conflict,5197,6266,Afar,ET02,SA,Active
147512,Countrywide monitoring,Ethiopia,ETH,Tigray,ET01,Eastern,ET0103,2,98907,2023-09-30T00:00:00,2023,9,34,Conflict,45033,53874,Tigray,ET01,SA,Active
141015,Countrywide monitoring,Ethiopia,ETH,Oromia,ET04,Guji,ET0414,2,13519,2023-09-30T00:00:00,2023,9,34,Conflict,6439,7080,Oromia,ET04,SA,Active
141051,Countrywide monitoring,Ethiopia,ETH,Oromia,ET04,Horo Gudru Wellega,ET0419,2,46983,2023-09-30T00:00:00,2023,9,34,Conflict,17259,29724,Oromia,ET04,SA,Active
141081,Countrywide monitoring,Ethiopia,ETH,Oromia,ET04,Jimma,ET0404,2,344,2023-09-30T00:00:00,2023,9,34,Conflict,213,131,Somali,ET05,SA,Active
141102,Countrywide monitoring,Ethiopia,ETH,Oromia,ET04,Jimma,ET0404,2,4978,2023-09-30T00:00:00,2023,9,34,Other reason,2452,2526,Oromia,ET04,SA,Active
141120,Countrywide monitoring,Ethiopia,ETH,South Ethiopia People,ET08,Basketo,ET0804,2,586,2023-09-30T00:00:00,2023,9,34,Conflict,306,280,Not available,Not available,SA,Active
141121,Countrywide monitoring,Ethiopia,ETH,South Ethiopia People,ET08,Burji,ET0810,2,461,2023-09-30T00:00:00,2023,9,34,Conflict,219,242,Not available,Not available,SA,Active
141111,Countrywide monitoring,Ethiopia,ETH,South Ethiopia People,ET08,Ari,ET0805,2,1105,2023-09-30T00:00:00,2023,9,34,Conflict,543,562,Not available,Not available,SA,Active
141123,Countrywide monitoring,Ethiopia,ETH,South Ethiopia People,ET08,Burji,ET0810,2,1044,2023-09-30T00:00:00,2023,9,34,Conflict,514,530,Oromia,ET04,SA,Active
131239,Countrywide monitoring,Ethiopia,ETH,Oromia,ET04,East Hararge,ET0410,2,15500,2023-09-30T00:00:00,2023,9,34,Natural disaster,8719,6781,Oromia,ET04,SA,Active
131247,Countrywide monitoring,Ethiopia,ETH,Oromia,ET04,East Hararge,ET0410,2,54019,2023-09-30T00:00:00,2023,9,34,Conflict,27652,26367,Oromia,ET04,SA,Active
131273,Countrywide monitoring,Ethiopia,ETH,Oromia,ET04,East Hararge,ET0410,2,72839,2023-09-30T00:00:00,2023,9,34,Conflict,35219,37620,Somali,ET05,SA,Active
131360,Countrywide monitoring,Ethiopia,ETH,Somali,ET05,Nogob,ET0510,2,58914,2023-09-30T00:00:00,2023,9,34,Natural disaster,30957,27957,Somali,ET05,SA,Active
131335,Countrywide monitoring,Ethiopia,ETH,Oromia,ET04,East Wellega,ET0402,2,6907,2023-09-30T00:00:00,2023,9,34,Conflict,3361,3546,Benishangul-Gumuz,ET06,SA,Active
131437,Countrywide monitoring,Ethiopia,ETH,Somali,ET05,Siti,ET0501,2,6222,2023-09-30T00:00:00,2023,9,34,Conflict,3132,3090,Oromia,ET04,SA,Active
131422,Countrywide monitoring,Ethiopia,ETH,Somali,ET05,Shabelle,ET0506,2,113115,2023-09-30T00:00:00,2023,9,34,Natural disaster,56411,56704,Somali,ET05,SA,Active
131394,Countrywide monitoring,Ethiopia,ETH,Somali,ET05,Shabelle,ET0506,2,1488,2023-09-30T00:00:00,2023,9,34,Conflict,746,742,Oromia,ET04,SA,Active
131477,Countrywide monitoring,Ethiopia,ETH,Somali,ET05,Siti,ET0501,2,42846,2023-09-30T00:00:00,2023,9,34,Natural disaster,21448,21398,Somali,ET05,SA,Active
131434,Countrywide monitoring,Ethiopia,ETH,Somali,ET05,Siti,ET0501,2,5256,2023-09-30T00:00:00,2023,9,34,Conflict,2612,2644,Afar,ET02,SA,Active
131471,Countrywide monitoring,Ethiopia,ETH,Somali,ET05,Siti,ET0501,2,28998,2023-09-30T00:00:00,2023,9,34,Conflict,13916,15082,Somali,ET05,SA,Active
135138,Countrywide monitoring,Ethiopia,ETH,Central Ethiopia,ET07,Siltie,ET0720,2,3196,2023-09-30T00:00:00,2023,9,34,Conflict,1536,1660,Oromia,ET04,SA,Active
135125,Countrywide monitoring,Ethiopia,ETH,Central Ethiopia,ET07,Siltie,ET0720,2,812,2023-09-30T00:00:00,2023,9,34,Conflict,387,425,Somali,ET05,SA,Active
131537,Countrywide monitoring,Ethiopia,ETH,South Ethiopia People,ET08,Ari,ET0805,2,83,2023-09-30T00:00:00,2023,9,34,Natural disaster,37,46,Not available,Not available,SA,Active
131533,Countrywide monitoring,Ethiopia,ETH,South Ethiopia People,ET08,Amaro,ET0808,2,36450,2023-09-30T00:00:00,2023,9,34,Conflict,17794,18656,Not available,Not available,SA,Active
131518,Countrywide monitoring,Ethiopia,ETH,South Ethiopia People,ET08,Amaro,ET0808,2,786,2023-09-30T00:00:00,2023,9,34,Conflict,377,409,Oromia,ET04,SA,Active
135209,Countrywide monitoring,Ethiopia,ETH,Gambela,ET12,Agnewak,ET1202,2,605,2023-09-30T00:00:00,2023,9,34,Natural disaster,290,315,Gambela,ET12,SA,Active
135220,Countrywide monitoring,Ethiopia,ETH,Gambela,ET12,Agnewak,ET1202,2,2707,2023-09-30T00:00:00,2023,9,34,Conflict,1302,1405,Gambela,ET12,SA,Active
135157,Countrywide monitoring,Ethiopia,ETH,Central Ethiopia,ET07,Yem,ET0724,2,230,2023-09-30T00:00:00,2023,9,34,Natural disaster,110,120,Central Ethiopia,ET07,SA,Active
74218,Countrywide monitoring,Ethiopia,ETH,Tigray,ET01,Eastern,ET0103,2,3388,2023-09-30T00:00:00,2023,9,34,Conflict,1631,1757,Afar,ET02,SA,Active
79155,Countrywide monitoring,Ethiopia,ETH,Gambela,ET12,Nuwer,ET1201,2,14555,2023-09-30T00:00:00,2023,9,34,Natural disaster,7293,7262,Gambela,ET12,SA,Active
79151,Countrywide monitoring,Ethiopia,ETH,Gambela,ET12,Nuwer,ET1201,2,12947,2023-09-30T00:00:00,2023,9,34,Conflict,6542,6405,Gambela,ET12,SA,Active
79186,Countrywide monitoring,Ethiopia,ETH,Harari,ET13,Harari,ET1301,2,380,2023-09-30T00:00:00,2023,9,34,Conflict,196,184,Harari,ET13,SA,Active
79204,Countrywide monitoring,Ethiopia,ETH,Harari,ET13,Harari,ET1301,2,2630,2023-09-30T00:00:00,2023,9,34,Conflict,1308,1322,Somali,ET05,SA,Active
79233,Countrywide monitoring,Ethiopia,ETH,Oromia,ET04,Arsi,ET0408,2,1603,2023-09-30T00:00:00,2023,9,34,Conflict,830,773,Somali,ET05,SA,Active
79260,Countrywide monitoring,Ethiopia,ETH,Oromia,ET04,Arsi,ET0408,2,2124,2023-09-30T00:00:00,2023,9,34,Natural disaster,1060,1064,Oromia,ET04,SA,Active
79298,Countrywide monitoring,Ethiopia,ETH,Oromia,ET04,Bale,ET0411,2,5445,2023-09-30T00:00:00,2023,9,34,Conflict,2628,2817,Oromia,ET04,SA,Active
79350,Countrywide monitoring,Ethiopia,ETH,Somali,ET05,Erer,ET0504,2,8730,2023-09-30T00:00:00,2023,9,34,Natural disaster,4895,3835,Somali,ET05,SA,Active
79346,Countrywide monitoring,Ethiopia,ETH,Somali,ET05,Erer,ET0504,2,3960,2023-09-30T00:00:00,2023,9,34,Conflict,2170,1790,Somali,ET05,SA,Active
131065,Countrywide monitoring,Ethiopia,ETH,Afar,ET02,Kilbati /Zone2,ET0202,2,4484,2023-09-30T00:00:00,2023,9,34,Natural disaster,2116,2368,Afar,ET02,SA,Active
131041,Countrywide monitoring,Ethiopia,ETH,Afar,ET02,Hari /Zone 5,ET0205,2,6788,2023-09-30T00:00:00,2023,9,34,Conflict,3247,3541,Afar,ET02,SA,Active
131108,Countrywide monitoring,Ethiopia,ETH,Amhara,ET03,Awi,ET0309,2,1249,2023-09-30T00:00:00,2023,9,34,Conflict,628,621,Oromia,ET04,SA,Active
131089,Countrywide monitoring,Ethiopia,ETH,Afar,ET02,Kilbati /Zone2,ET0202,2,10608,2023-09-30T00:00:00,2023,9,34,Conflict,5132,5476,Afar,ET02,SA,Active
131119,Countrywide monitoring,Ethiopia,ETH,Amhara,ET03,Awi,ET0309,2,6492,2023-09-30T00:00:00,2023,9,34,Conflict,3247,3245,Benishangul-Gumuz,ET06,SA,Active
131117,Countrywide monitoring,Ethiopia,ETH,Amhara,ET03,Awi,ET0309,2,5129,2023-09-30T00:00:00,2023,9,34,Conflict,2649,2480,Amhara,ET03,SA,Active
79383,Countrywide monitoring,Ethiopia,ETH,Somali,ET05,Fafan,ET0502,2,1698,2023-09-30T00:00:00,2023,9,34,Natural disaster,855,843,Somali,ET05,SA,Active
79379,Countrywide monitoring,Ethiopia,ETH,Somali,ET05,Erer,ET0504,2,34224,2023-09-30T00:00:00,2023,9,34,Conflict,18089,16135,Oromia,ET04,SA,Active
79425,Countrywide monitoring,Ethiopia,ETH,Somali,ET05,Fafan,ET0502,2,24054,2023-09-30T00:00:00,2023,9,34,Conflict,11793,12261,Somali,ET05,SA,Active
79451,Countrywide monitoring,Ethiopia,ETH,Somali,ET05,Fafan,ET0502,2,124554,2023-09-30T00:00:00,2023,9,34,Conflict,64459,60095,Oromia,ET04,SA,Active
79476,Countrywide monitoring,Ethiopia,ETH,Somali,ET05,Jarar,ET0503,2,276,2023-09-30T00:00:00,2023,9,34,Conflict,157,119,Somali,ET05,SA,Active
79491,Countrywide monitoring,Ethiopia,ETH,Somali,ET05,Jarar,ET0503,2,25776,2023-09-30T00:00:00,2023,9,34,Natural disaster,13136,12640,Somali,ET05,SA,Active
73908,Countrywide monitoring,Ethiopia,ETH,Oromia,ET04,Jimma,ET0404,2,10505,2023-09-30T00:00:00,2023,9,34,Natural disaster,5186,5319,Oromia,ET04,SA,Active
73986,Countrywide monitoring,Ethiopia,ETH,Oromia,ET04,North Shewa (OR),ET0406,2,22201,2023-09-30T00:00:00,2023,9,34,Conflict,10011,12190,Oromia,ET04,SA,Active
74165,Countrywide monitoring,Ethiopia,ETH,Tigray,ET01,Central,ET0102,2,204655,2023-09-30T00:00:00,2023,9,34,Conflict,96809,107846,Tigray,ET01,SA,Active
74177,Countrywide monitoring,Ethiopia,ETH,Tigray,ET01,Eastern,ET0103,2,218,2023-09-30T00:00:00,2023,9,34,Conflict,102,116,Amhara,ET03,SA,Active
74182,Countrywide monitoring,Ethiopia,ETH,Tigray,ET01,Eastern,ET0103,2,267,2023-09-30T00:00:00,2023,9,34,Conflict,121,146,Oromia,ET04,SA,Active
74122,Countrywide monitoring,Ethiopia,ETH,Tigray,ET01,Central,ET0102,2,619,2023-09-30T00:00:00,2023,9,34,Conflict,286,333,Addis Ababa,ET14,SA,Active
74123,Countrywide monitoring,Ethiopia,ETH,Tigray,ET01,Central,ET0102,2,893,2023-09-30T00:00:00,2023,9,34,Conflict,359,534,Benishangul-Gumuz,ET06,SA,Active
74128,Countrywide monitoring,Ethiopia,ETH,Tigray,ET01,Central,ET0102,2,2941,2023-09-30T00:00:00,2023,9,34,Conflict,1477,1464,Amhara,ET03,SA,Active
74126,Countrywide monitoring,Ethiopia,ETH,Tigray,ET01,Central,ET0102,2,1975,2023-09-30T00:00:00,2023,9,34,Conflict,1118,857,Oromia,ET04,SA,Active
74098,Countrywide monitoring,Ethiopia,ETH,South West Ethiopia People,ET11,West Omo,ET1105,2,938,2023-09-30T00:00:00,2023,9,34,Conflict,440,498,South West Ethiopia,ET11,SA,Active
74065,Countrywide monitoring,Ethiopia,ETH,South West Ethiopia People,ET11,Konta,ET1106,2,1349,2023-09-30T00:00:00,2023,9,34,Conflict,641,708,Oromia,ET04,SA,Active
74070,Countrywide monitoring,Ethiopia,ETH,South West Ethiopia People,ET11,Konta,ET1106,2,2062,2023-09-30T00:00:00,2023,9,34,Natural disaster,996,1066,South West Ethiopia,ET11,SA,Active
73777,Countrywide monitoring,Ethiopia,ETH,Amhara,ET03,Oromia,ET0310,2,1956,2023-09-30T00:00:00,2023,9,34,Conflict,1014,942,Amhara,ET03,SA,Active
73778,Countrywide monitoring,Ethiopia,ETH,Amhara,ET03,Oromia,ET0310,2,2025,2023-09-30T00:00:00,2023,9,34,Conflict,977,1048,Oromia,ET04,SA,Active
73761,Countrywide monitoring,Ethiopia,ETH,Amhara,ET03,Oromia,ET0310,2,823,2023-09-30T00:00:00,2023,9,34,Natural disaster,399,424,Amhara,ET03,SA,Active
73846,Countrywide monitoring,Ethiopia,ETH,Amhara,ET03,South Wello,ET0304,2,60,2023-09-30T00:00:00,2023,9,34,Conflict,27,33,Somali,ET05,SA,Active
73862,Countrywide monitoring,Ethiopia,ETH,Amhara,ET03,South Wello,ET0304,2,290,2023-09-30T00:00:00,2023,9,34,Conflict,150,140,Not available,Not available,SA,Active
73751,Countrywide monitoring,Ethiopia,ETH,Amhara,ET03,Oromia,ET0310,2,189,2023-09-30T00:00:00,2023,9,34,Natural disaster,92,97,Oromia,ET04,SA,Active
73710,Countrywide monitoring,Ethiopia,ETH,Amhara,ET03,North Wello,ET0303,2,2090,2023-09-30T00:00:00,2023,9,34,Conflict,973,1117,Oromia,ET04,SA,Active
35148,Countrywide monitoring,Ethiopia,ETH,Afar,ET02,Gabi /Zone 3,ET0203,2,11993,2023-09-30T00:00:00,2023,9,34,Natural disaster,5170,6823,Afar,ET02,SA,Active
35146,Countrywide monitoring,Ethiopia,ETH,Afar,ET02,Gabi /Zone 3,ET0203,2,10881,2023-09-30T00:00:00,2023,9,34,Conflict,4648,6233,Afar,ET02,SA,Active
35055,Countrywide monitoring,Ethiopia,ETH,Afar,ET02,Awsi /Zone 1,ET0201,2,396,2023-09-30T00:00:00,2023,9,34,Conflict,189,207,Afar,ET02,SA,Active
35068,Countrywide monitoring,Ethiopia,ETH,Afar,ET02,Awsi /Zone 1,ET0201,2,10152,2023-09-30T00:00:00,2023,9,34,Natural disaster,5057,5095,Afar,ET02,SA,Active
35109,Countrywide monitoring,Ethiopia,ETH,Afar,ET02,Fanti /Zone 4,ET0204,2,906,2023-09-30T00:00:00,2023,9,34,Conflict,421,485,Afar,ET02,SA,Active
35102,Countrywide monitoring,Ethiopia,ETH,Afar,ET02,Fanti /Zone 4,ET0204,2,600,2023-09-30T00:00:00,2023,9,34,Natural disaster,280,320,Afar,ET02,SA,Active
44765,Countrywide monitoring,Ethiopia,ETH,Oromia,ET04,Borena,ET0412,2,87070,2023-09-30T00:00:00,2023,9,34,Conflict,41640,45430,Oromia,ET04,SA,Active
44773,Countrywide monitoring,Ethiopia,ETH,Oromia,ET04,Borena,ET0412,2,99697,2023-09-30T00:00:00,2023,9,34,Conflict,49476,50221,Somali,ET05,SA,Active
44804,Countrywide monitoring,Ethiopia,ETH,Oromia,ET04,Buno Bedele,ET0416,2,8121,2023-09-30T00:00:00,2023,9,34,Natural disaster,4310,3811,Oromia,ET04,SA,Active
44782,Countrywide monitoring,Ethiopia,ETH,Oromia,ET04,Borena,ET0412,2,122961,2023-09-30T00:00:00,2023,9,34,Natural disaster,61971,60990,Oromia,ET04,SA,Active
44837,Countrywide monitoring,Ethiopia,ETH,Oromia,ET04,East Bale,ET0421,2,11636,2023-09-30T00:00:00,2023,9,34,Conflict,5148,6488,Somali,ET05,SA,Active
44827,Countrywide monitoring,Ethiopia,ETH,Oromia,ET04,East Bale,ET0421,2,3580,2023-09-30T00:00:00,2023,9,34,Natural disaster,1509,2071,Oromia,ET04,SA,Active
44889,Countrywide monitoring,Ethiopia,ETH,Somali,ET05,Korahe,ET0505,2,930,2023-09-30T00:00:00,2023,9,34,Conflict,467,463,Somali,ET05,SA,Active
44890,Countrywide monitoring,Ethiopia,ETH,Somali,ET05,Korahe,ET0505,2,1200,2023-09-30T00:00:00,2023,9,34,Conflict,557,643,Oromia,ET04,SA,Active
44898,Countrywide monitoring,Ethiopia,ETH,Somali,ET05,Korahe,ET0505,2,16566,2023-09-30T00:00:00,2023,9,34,Natural disaster,8295,8271,Somali,ET05,SA,Active
44947,Countrywide monitoring,Ethiopia,ETH,Somali,ET05,Liban,ET0509,2,12271,2023-09-30T00:00:00,2023,9,34,Natural disaster,5987,6284,Oromia,ET04,SA,Active
45016,Countrywide monitoring,Ethiopia,ETH,Somali,ET05,Nogob,ET0510,2,210,2023-09-30T00:00:00,2023,9,34,Conflict,112,98,Oromia,ET04,SA,Active
45017,Countrywide monitoring,Ethiopia,ETH,Somali,ET05,Nogob,ET0510,2,570,2023-09-30T00:00:00,2023,9,34,Conflict,311,259,Somali,ET05,SA,Active
45007,Countrywide monitoring,Ethiopia,ETH,Somali,ET05,Liban,ET0509,2,130046,2023-09-30T00:00:00,2023,9,34,Conflict,69906,60140,Oromia,ET04,SA,Active
44980,Countrywide monitoring,Ethiopia,ETH,Somali,ET05,Liban,ET0509,2,50512,2023-09-30T00:00:00,2023,9,34,Natural disaster,25560,24952,Somali,ET05,SA,Active
44974,Countrywide monitoring,Ethiopia,ETH,Somali,ET05,Liban,ET0509,2,40226,2023-09-30T00:00:00,2023,9,34,Conflict,21377,18849,Somali,ET05,SA,Active
44966,Countrywide monitoring,Ethiopia,ETH,Somali,ET05,Liban,ET0509,2,37200,2023-12-31T00:00:00,2023,12,35,Conflict,19763,17437,Somali,ET05,SA,Active
45001,Countrywide monitoring,Ethiopia,ETH,Somali,ET05,Liban,ET0509,2,95378,2023-12-31T00:00:00,2023,12,35,Natural disaster,47972,47406,Somali,ET05,SA,Active
45010,Countrywide monitoring,Ethiopia,ETH,Somali,ET05,Liban,ET0509,2,135522,2023-12-31T00:00:00,2023,12,35,Conflict,65905,69617,Oromia,ET04,SA,Active
45013,Countrywide monitoring,Ethiopia,ETH,Somali,ET05,Nogob,ET0510,2,8,2023-12-31T00:00:00,2023,12,35,Natural disaster,4,4,Oromia,ET04,SA,Active
45014,Countrywide monitoring,Ethiopia,ETH,Somali,ET05,Nogob,ET0510,2,19,2023-12-31T00:00:00,2023,12,35,Conflict,8,11,Somali,ET05,SA,Active
45015,Countrywide monitoring,Ethiopia,ETH,Somali,ET05,Nogob,ET0510,2,20,2023-12-31T00:00:00,2023,12,35,Social tension,10,10,Somali,ET05,SA,Active
45024,Countrywide monitoring,Ethiopia,ETH,Somali,ET05,Nogob,ET0510,2,801,2023-12-31T00:00:00,2023,12,35,Conflict,304,497,Oromia,ET04,SA,Active
45050,Countrywide monitoring,Ethiopia,ETH,Somali,ET05,Nogob,ET0510,2,49870,2023-12-31T00:00:00,2023,12,35,Natural disaster,21801,28069,Somali,ET05,SA,Active
44944,Countrywide monitoring,Ethiopia,ETH,Somali,ET05,Liban,ET0509,2,4128,2023-12-31T00:00:00,2023,12,35,Natural disaster,2246,1882,Oromia,ET04,SA,Active
44925,Countrywide monitoring,Ethiopia,ETH,Somali,ET05,Liban,ET0509,2,38,2023-12-31T00:00:00,2023,12,35,Social tension,21,17,Somali,ET05,SA,Active
44926,Countrywide monitoring,Ethiopia,ETH,Somali,ET05,Liban,ET0509,2,71,2023-12-31T00:00:00,2023,12,35,Social tension,42,29,Oromia,ET04,SA,Active
44884,Countrywide monitoring,Ethiopia,ETH,Somali,ET05,Korahe,ET0505,2,918,2023-12-31T00:00:00,2023,12,35,Social tension,424,494,Somali,ET05,SA,Active
44894,Countrywide monitoring,Ethiopia,ETH,Somali,ET05,Korahe,ET0505,2,1380,2023-12-31T00:00:00,2023,12,35,Social tension,590,790,Oromia,ET04,SA,Active
44896,Countrywide monitoring,Ethiopia,ETH,Somali,ET05,Korahe,ET0505,2,14979,2023-12-31T00:00:00,2023,12,35,Natural disaster,6823,8156,Somali,ET05,SA,Active
44828,Countrywide monitoring,Ethiopia,ETH,Oromia,ET04,East Bale,ET0421,2,6528,2023-12-31T00:00:00,2023,12,35,Conflict,3124,3404,Somali,ET05,SA,Active
44815,Countrywide monitoring,Ethiopia,ETH,Oromia,ET04,East Bale,ET0421,2,2550,2023-12-31T00:00:00,2023,12,35,Conflict,1190,1360,Oromia,ET04,SA,Active
44878,Countrywide monitoring,Ethiopia,ETH,Somali,ET05,Korahe,ET0505,2,21,2023-12-31T00:00:00,2023,12,35,Natural disaster,9,12,Oromia,ET04,SA,Active
44805,Countrywide monitoring,Ethiopia,ETH,Oromia,ET04,Buno Bedele,ET0416,2,8385,2023-12-31T00:00:00,2023,12,35,Other reason,3717,4668,Oromia,ET04,SA,Active
44812,Countrywide monitoring,Ethiopia,ETH,Oromia,ET04,East Bale,ET0421,2,404,2023-12-31T00:00:00,2023,12,35,Natural disaster,197,207,Oromia,ET04,SA,Active
44809,Countrywide monitoring,Ethiopia,ETH,Oromia,ET04,East Bale,ET0421,2,139,2023-12-31T00:00:00,2023,12,35,Social tension,68,71,Somali,ET05,SA,Active
44761,Countrywide monitoring,Ethiopia,ETH,Oromia,ET04,Borena,ET0412,2,80486,2023-12-31T00:00:00,2023,12,35,Natural disaster,38398,42088,Oromia,ET04,SA,Active
44749,Countrywide monitoring,Ethiopia,ETH,Oromia,ET04,Borena,ET0412,2,36249,2023-12-31T00:00:00,2023,12,35,Social tension,17558,18691,Oromia,ET04,SA,Active
44752,Countrywide monitoring,Ethiopia,ETH,Oromia,ET04,Borena,ET0412,2,38457,2023-12-31T00:00:00,2023,12,35,Conflict,18935,19522,Somali,ET05,SA,Active
44754,Countrywide monitoring,Ethiopia,ETH,Oromia,ET04,Borena,ET0412,2,42103,2023-12-31T00:00:00,2023,12,35,Conflict,20158,21945,Oromia,ET04,SA,Active
44728,Countrywide monitoring,Ethiopia,ETH,Oromia,ET04,Borena,ET0412,2,9690,2023-12-31T00:00:00,2023,12,35,Social tension,4845,4845,Somali,ET05,SA,Active
44707,Countrywide monitoring,Ethiopia,ETH,Oromia,ET04,Borena,ET0412,2,669,2023-12-31T00:00:00,2023,12,35,Natural disaster,341,328,Somali,ET05,SA,Active
35103,Countrywide monitoring,Ethiopia,ETH,Afar,ET02,Fanti /Zone 4,ET0204,2,603,2023-12-31T00:00:00,2023,12,35,Other reason,339,264,Afar,ET02,SA,Active
35100,Countrywide monitoring,Ethiopia,ETH,Afar,ET02,Fanti /Zone 4,ET0204,2,509,2023-12-31T00:00:00,2023,12,35,Natural disaster,246,263,Afar,ET02,SA,Active
35072,Countrywide monitoring,Ethiopia,ETH,Afar,ET02,Awsi /Zone 1,ET0201,2,11281,2023-12-31T00:00:00,2023,12,35,Natural disaster,5587,5694,Afar,ET02,SA,Active
35054,Countrywide monitoring,Ethiopia,ETH,Afar,ET02,Awsi /Zone 1,ET0201,2,23,2023-12-31T00:00:00,2023,12,35,Conflict,11,12,Afar,ET02,SA,Active
35140,Countrywide monitoring,Ethiopia,ETH,Afar,ET02,Gabi /Zone 3,ET0203,2,8788,2023-12-31T00:00:00,2023,12,35,Conflict,3837,4951,Afar,ET02,SA,Active
35173,Countrywide monitoring,Ethiopia,ETH,Afar,ET02,Gabi /Zone 3,ET0203,2,19745,2023-12-31T00:00:00,2023,12,35,Natural disaster,9248,10497,Afar,ET02,SA,Active
73704,Countrywide monitoring,Ethiopia,ETH,Amhara,ET03,North Wello,ET0303,2,641,2023-12-31T00:00:00,2023,12,35,Conflict,256,385,Tigray,ET01,SA,Active
73691,Countrywide monitoring,Ethiopia,ETH,Amhara,ET03,North Wello,ET0303,2,161,2023-12-31T00:00:00,2023,12,35,Conflict,74,87,Amhara,ET03,SA,Active
73699,Countrywide monitoring,Ethiopia,ETH,Amhara,ET03,North Wello,ET0303,2,357,2023-12-31T00:00:00,2023,12,35,Social tension,162,195,Oromia,ET04,SA,Active
73731,Countrywide monitoring,Ethiopia,ETH,Amhara,ET03,North Wello,ET0303,2,30811,2023-12-31T00:00:00,2023,12,35,Conflict,14410,16401,Oromia,ET04,SA,Active
73847,Countrywide monitoring,Ethiopia,ETH,Amhara,ET03,South Wello,ET0304,2,73,2023-12-31T00:00:00,2023,12,35,Conflict,29,44,Somali,ET05,SA,Active
73895,Countrywide monitoring,Ethiopia,ETH,Oromia,ET04,Jimma,ET0404,2,8968,2023-12-31T00:00:00,2023,12,35,Natural disaster,4241,4727,Oromia,ET04,SA,Active
73889,Countrywide monitoring,Ethiopia,ETH,Oromia,ET04,Jimma,ET0404,2,8151,2023-12-31T00:00:00,2023,12,35,Other reason,3985,4166,Oromia,ET04,SA,Active
73788,Countrywide monitoring,Ethiopia,ETH,Amhara,ET03,Oromia,ET0310,2,8356,2023-12-31T00:00:00,2023,12,35,Conflict,3946,4410,Amhara,ET03,SA,Active
73780,Countrywide monitoring,Ethiopia,ETH,Amhara,ET03,Oromia,ET0310,2,2537,2023-12-31T00:00:00,2023,12,35,Conflict,1205,1332,Oromia,ET04,SA,Active
74066,Countrywide monitoring,Ethiopia,ETH,South West Ethiopia People,ET11,Konta,ET1106,2,1384,2023-12-31T00:00:00,2023,12,35,Conflict,664,720,Oromia,ET04,SA,Active
74073,Countrywide monitoring,Ethiopia,ETH,South West Ethiopia People,ET11,Konta,ET1106,2,2934,2023-12-31T00:00:00,2023,12,35,Natural disaster,1367,1567,South West Ethiopia,ET11,SA,Active
74056,Countrywide monitoring,Ethiopia,ETH,South West Ethiopia People,ET11,Kefa,ET1102,2,636,2023-12-31T00:00:00,2023,12,35,Natural disaster,320,316,South West Ethiopia,ET11,SA,Active
74099,Countrywide monitoring,Ethiopia,ETH,South West Ethiopia People,ET11,West Omo,ET1105,2,1052,2023-12-31T00:00:00,2023,12,35,Conflict,538,514,South West Ethiopia,ET11,SA,Active
74102,Countrywide monitoring,Ethiopia,ETH,Tigray,ET01,Central,ET0102,2,7,2023-12-31T00:00:00,2023,12,35,Social tension,3,4,Benishangul-Gumuz,ET06,SA,Active
74125,Countrywide monitoring,Ethiopia,ETH,Tigray,ET01,Central,ET0102,2,1748,2023-12-31T00:00:00,2023,12,35,Social tension,788,960,Tigray,ET01,SA,Active
74121,Countrywide monitoring,Ethiopia,ETH,Tigray,ET01,Central,ET0102,2,609,2023-12-31T00:00:00,2023,12,35,Natural disaster,263,346,Tigray,ET01,SA,Active
74115,Countrywide monitoring,Ethiopia,ETH,Tigray,ET01,Central,ET0102,2,220,2023-12-31T00:00:00,2023,12,35,Conflict,98,122,Benishangul-Gumuz,ET06,SA,Active
74201,Countrywide monitoring,Ethiopia,ETH,Tigray,ET01,Eastern,ET0103,2,814,2023-12-31T00:00:00,2023,12,35,Conflict,358,456,Oromia,ET04,SA,Active
74168,Countrywide monitoring,Ethiopia,ETH,Tigray,ET01,Eastern,ET0103,2,8,2023-12-31T00:00:00,2023,12,35,Social tension,4,4,Tigray,ET01,SA,Active
74169,Countrywide monitoring,Ethiopia,ETH,Tigray,ET01,Eastern,ET0103,2,14,2023-12-31T00:00:00,2023,12,35,Natural disaster,7,7,Tigray,ET01,SA,Active
74170,Countrywide monitoring,Ethiopia,ETH,Tigray,ET01,Eastern,ET0103,2,22,2023-12-31T00:00:00,2023,12,35,Social tension,8,14,Afar,ET02,SA,Active
74132,Countrywide monitoring,Ethiopia,ETH,Tigray,ET01,Central,ET0102,2,3611,2023-12-31T00:00:00,2023,12,35,Conflict,1635,1976,Amhara,ET03,SA,Active
74163,Countrywide monitoring,Ethiopia,ETH,Tigray,ET01,Central,ET0102,2,187870,2023-12-31T00:00:00,2023,12,35,Conflict,84478,103392,Tigray,ET01,SA,Active
73960,Countrywide monitoring,Ethiopia,ETH,Oromia,ET04,North Shewa (OR),ET0406,2,117,2023-12-31T00:00:00,2023,12,35,Natural disaster,55,62,Oromia,ET04,SA,Active
74030,Countrywide monitoring,Ethiopia,ETH,Oromia,ET04,South West Shewa,ET0413,2,150,2023-12-31T00:00:00,2023,12,35,Social tension,77,73,Oromia,ET04,SA,Active
73985,Countrywide monitoring,Ethiopia,ETH,Oromia,ET04,North Shewa (OR),ET0406,2,21321,2023-12-31T00:00:00,2023,12,35,Conflict,9757,11564,Oromia,ET04,SA,Active
73950,Countrywide monitoring,Ethiopia,ETH,Oromia,ET04,Kelem Wellega,ET0418,2,35818,2023-12-31T00:00:00,2023,12,35,Conflict,17213,18605,Oromia,ET04,SA,Active
79485,Countrywide monitoring,Ethiopia,ETH,Somali,ET05,Jarar,ET0503,2,282,2023-12-31T00:00:00,2023,12,35,Social tension,135,147,Somali,ET05,SA,Active
79490,Countrywide monitoring,Ethiopia,ETH,Somali,ET05,Jarar,ET0503,2,25763,2023-12-31T00:00:00,2023,12,35,Natural disaster,13007,12756,Somali,ET05,SA,Active
79465,Countrywide monitoring,Ethiopia,ETH,Somali,ET05,Jarar,ET0503,2,8,2023-12-31T00:00:00,2023,12,35,Natural disaster,4,4,Oromia,ET04,SA,Active
79466,Countrywide monitoring,Ethiopia,ETH,Somali,ET05,Jarar,ET0503,2,57,2023-12-31T00:00:00,2023,12,35,Conflict,29,28,Somali,ET05,SA,Active
79467,Countrywide monitoring,Ethiopia,ETH,Somali,ET05,Jarar,ET0503,2,217,2023-12-31T00:00:00,2023,12,35,Conflict,118,99,Oromia,ET04,SA,Active
79449,Countrywide monitoring,Ethiopia,ETH,Somali,ET05,Fafan,ET0502,2,121397,2023-12-31T00:00:00,2023,12,35,Conflict,64976,56421,Oromia,ET04,SA,Active
79422,Countrywide monitoring,Ethiopia,ETH,Somali,ET05,Fafan,ET0502,2,23802,2023-12-31T00:00:00,2023,12,35,Conflict,11595,12207,Somali,ET05,SA,Active
79382,Countrywide monitoring,Ethiopia,ETH,Somali,ET05,Fafan,ET0502,2,98,2023-12-31T00:00:00,2023,12,35,Social tension,67,31,Oromia,ET04,SA,Active
79385,Countrywide monitoring,Ethiopia,ETH,Somali,ET05,Fafan,ET0502,2,1750,2023-12-31T00:00:00,2023,12,35,Natural disaster,932,818,Somali,ET05,SA,Active
131039,Countrywide monitoring,Ethiopia,ETH,Afar,ET02,Hari /Zone 5,ET0205,2,4754,2023-12-31T00:00:00,2023,12,35,Conflict,2557,2197,Afar,ET02,SA,Active
131066,Countrywide monitoring,Ethiopia,ETH,Afar,ET02,Kilbati /Zone2,ET0202,2,5203,2023-12-31T00:00:00,2023,12,35,Natural disaster,2416,2787,Afar,ET02,SA,Active
131076,Countrywide monitoring,Ethiopia,ETH,Afar,ET02,Kilbati /Zone2,ET0202,2,8233,2023-12-31T00:00:00,2023,12,35,Conflict,4260,3973,Afar,ET02,SA,Active
131022,Countrywide monitoring,Ethiopia,ETH,Afar,ET02,Hari /Zone 5,ET0205,2,2766,2023-12-31T00:00:00,2023,12,35,Natural disaster,1422,1344,Afar,ET02,SA,Active
79347,Countrywide monitoring,Ethiopia,ETH,Somali,ET05,Erer,ET0504,2,6124,2023-12-31T00:00:00,2023,12,35,Natural disaster,2876,3248,Somali,ET05,SA,Active
79374,Countrywide monitoring,Ethiopia,ETH,Somali,ET05,Erer,ET0504,2,30239,2023-12-31T00:00:00,2023,12,35,Conflict,13427,16812,Oromia,ET04,SA,Active
79325,Countrywide monitoring,Ethiopia,ETH,Somali,ET05,Erer,ET0504,2,651,2023-12-31T00:00:00,2023,12,35,Conflict,298,353,Somali,ET05,SA,Active
79294,Countrywide monitoring,Ethiopia,ETH,Oromia,ET04,Bale,ET0411,2,4560,2023-12-31T00:00:00,2023,12,35,Conflict,2498,2062,Somali,ET05,SA,Active
79230,Countrywide monitoring,Ethiopia,ETH,Oromia,ET04,Arsi,ET0408,2,1527,2023-12-31T00:00:00,2023,12,35,Natural disaster,775,752,Oromia,ET04,SA,Active
79225,Countrywide monitoring,Ethiopia,ETH,Oromia,ET04,Arsi,ET0408,2,1275,2023-12-31T00:00:00,2023,12,35,Conflict,626,649,Somali,ET05,SA,Active
79192,Countrywide monitoring,Ethiopia,ETH,Harari,ET13,Harari,ET1301,2,1943,2023-12-31T00:00:00,2023,12,35,Conflict,972,971,Somali,ET05,SA,Active
79164,Countrywide monitoring,Ethiopia,ETH,Gambela,ET12,Nuwer,ET1201,2,19892,2023-12-31T00:00:00,2023,12,35,Natural disaster,9552,10340,Gambela,ET12,SA,Active
79180,Countrywide monitoring,Ethiopia,ETH,Harari,ET13,Harari,ET1301,2,245,2023-12-31T00:00:00,2023,12,35,Conflict,124,121,Harari,ET13,SA,Active
79174,Countrywide monitoring,Ethiopia,ETH,Harari,ET13,Harari,ET1301,2,6,2023-12-31T00:00:00,2023,12,35,Natural disaster,3,3,Harari,ET13,SA,Active
79175,Countrywide monitoring,Ethiopia,ETH,Harari,ET13,Harari,ET1301,2,26,2023-12-31T00:00:00,2023,12,35,Natural disaster,12,14,Somali,ET05,SA,Active
79135,Countrywide monitoring,Ethiopia,ETH,Gambela,ET12,Nuwer,ET1201,2,4971,2023-12-31T00:00:00,2023,12,35,Conflict,2440,2531,Gambela,ET12,SA,Active
74223,Countrywide monitoring,Ethiopia,ETH,Tigray,ET01,Eastern,ET0103,2,5271,2023-12-31T00:00:00,2023,12,35,Conflict,2386,2885,Afar,ET02,SA,Active
135148,Countrywide monitoring,Ethiopia,ETH,Central Ethiopia,ET07,Tembaro SP woreda,ET0726,2,422,2023-12-31T00:00:00,2023,12,35,Conflict,215,207,South West Ethiopia,ET11,SA,Active
135164,Countrywide monitoring,Ethiopia,ETH,Central Ethiopia,ET07,Yem,ET0724,2,276,2023-12-31T00:00:00,2023,12,35,Natural disaster,147,129,Central Ethiopia,ET07,SA,Active
135215,Countrywide monitoring,Ethiopia,ETH,Gambela,ET12,Agnewak,ET1202,2,1081,2023-12-31T00:00:00,2023,12,35,Natural disaster,483,598,Gambela,ET12,SA,Active
135216,Countrywide monitoring,Ethiopia,ETH,Gambela,ET12,Agnewak,ET1202,2,2423,2023-12-31T00:00:00,2023,12,35,Conflict,1101,1322,Gambela,ET12,SA,Active
135266,Countrywide monitoring,Ethiopia,ETH,Gambela,ET12,Majang,ET1203,2,172,2023-12-31T00:00:00,2023,12,35,Natural disaster,104,68,Gambela,ET12,SA,Active
135121,Countrywide monitoring,Ethiopia,ETH,Central Ethiopia,ET07,Siltie,ET0720,2,791,2023-12-31T00:00:00,2023,12,35,Conflict,294,497,Somali,ET05,SA,Active
135132,Countrywide monitoring,Ethiopia,ETH,Central Ethiopia,ET07,Siltie,ET0720,2,3169,2023-12-31T00:00:00,2023,12,35,Conflict,1307,1862,Oromia,ET04,SA,Active
131472,Countrywide monitoring,Ethiopia,ETH,Somali,ET05,Siti,ET0501,2,30863,2023-12-31T00:00:00,2023,12,35,Conflict,16441,14422,Somali,ET05,SA,Active
131482,Countrywide monitoring,Ethiopia,ETH,Somali,ET05,Siti,ET0501,2,50371,2023-12-31T00:00:00,2023,12,35,Natural disaster,26018,24353,Somali,ET05,SA,Active
131386,Countrywide monitoring,Ethiopia,ETH,Somali,ET05,Shabelle,ET0506,2,364,2023-12-31T00:00:00,2023,12,35,Conflict,197,167,Oromia,ET04,SA,Active
131387,Countrywide monitoring,Ethiopia,ETH,Somali,ET05,Shabelle,ET0506,2,1114,2023-12-31T00:00:00,2023,12,35,Social tension,559,555,Oromia,ET04,SA,Active
131438,Countrywide monitoring,Ethiopia,ETH,Somali,ET05,Siti,ET0501,2,6227,2023-12-31T00:00:00,2023,12,35,Conflict,3110,3117,Oromia,ET04,SA,Active
131433,Countrywide monitoring,Ethiopia,ETH,Somali,ET05,Siti,ET0501,2,5201,2023-12-31T00:00:00,2023,12,35,Conflict,2307,2894,Afar,ET02,SA,Active
131427,Countrywide monitoring,Ethiopia,ETH,Somali,ET05,Siti,ET0501,2,61,2023-12-31T00:00:00,2023,12,35,Natural disaster,27,34,Afar,ET02,SA,Active
131424,Countrywide monitoring,Ethiopia,ETH,Somali,ET05,Shabelle,ET0506,2,124073,2023-12-31T00:00:00,2023,12,35,Natural disaster,60194,63879,Somali,ET05,SA,Active
131336,Countrywide monitoring,Ethiopia,ETH,Oromia,ET04,East Wellega,ET0402,2,7203,2023-12-31T00:00:00,2023,12,35,Conflict,3473,3730,Benishangul-Gumuz,ET06,SA,Active
131324,Countrywide monitoring,Ethiopia,ETH,Oromia,ET04,East Wellega,ET0402,2,6,2023-12-31T00:00:00,2023,12,35,Natural disaster,3,3,Oromia,ET04,SA,Active
131267,Countrywide monitoring,Ethiopia,ETH,Oromia,ET04,East Hararge,ET0410,2,69573,2023-12-31T00:00:00,2023,12,35,Conflict,34907,34666,Oromia,ET04,SA,Active
131260,Countrywide monitoring,Ethiopia,ETH,Oromia,ET04,East Hararge,ET0410,2,66511,2023-12-31T00:00:00,2023,12,35,Conflict,31798,34713,Somali,ET05,SA,Active
131236,Countrywide monitoring,Ethiopia,ETH,Oromia,ET04,East Hararge,ET0410,2,11881,2023-12-31T00:00:00,2023,12,35,Natural disaster,6522,5359,Oromia,ET04,SA,Active
131214,Countrywide monitoring,Ethiopia,ETH,Oromia,ET04,East Hararge,ET0410,2,153,2023-12-31T00:00:00,2023,12,35,Natural disaster,73,80,Somali,ET05,SA,Active
131173,Countrywide monitoring,Ethiopia,ETH,Amhara,ET03,Central Gondar,ET0311,2,3137,2023-12-31T00:00:00,2023,12,35,Conflict,1136,2001,Tigray,ET01,SA,Active
131170,Countrywide monitoring,Ethiopia,ETH,Amhara,ET03,Central Gondar,ET0311,2,1865,2023-12-31T00:00:00,2023,12,35,Conflict,873,992,Amhara,ET03,SA,Active
131160,Countrywide monitoring,Ethiopia,ETH,Amhara,ET03,Central Gondar,ET0311,2,544,2023-12-31T00:00:00,2023,12,35,Conflict,250,294,Benishangul-Gumuz,ET06,SA,Active
131154,Countrywide monitoring,Ethiopia,ETH,Amhara,ET03,Central Gondar,ET0311,2,272,2023-12-31T00:00:00,2023,12,35,Conflict,138,134,Oromia,ET04,SA,Active
141083,Countrywide monitoring,Ethiopia,ETH,Oromia,ET04,Jimma,ET0404,2,527,2023-12-31T00:00:00,2023,12,35,Conflict,260,267,Somali,ET05,SA,Active
141052,Countrywide monitoring,Ethiopia,ETH,Oromia,ET04,Horo Gudru Wellega,ET0419,2,51135,2023-12-31T00:00:00,2023,12,35,Conflict,25584,25551,Oromia,ET04,SA,Active
141047,Countrywide monitoring,Ethiopia,ETH,Oromia,ET04,Horo Gudru Wellega,ET0419,2,14,2023-12-31T00:00:00,2023,12,35,Natural disaster,7,7,Oromia,ET04,SA,Active
141055,Countrywide monitoring,Ethiopia,ETH,Oromia,ET04,Jimma,ET0404,2,7,2023-12-31T00:00:00,2023,12,35,Natural disaster,3,4,Somali,ET05,SA,Active
141056,Countrywide monitoring,Ethiopia,ETH,Oromia,ET04,Jimma,ET0404,2,20,2023-12-31T00:00:00,2023,12,35,Conflict,10,10,Oromia,ET04,SA,Active
141016,Countrywide monitoring,Ethiopia,ETH,Oromia,ET04,Guji,ET0414,2,15604,2023-12-31T00:00:00,2023,12,35,Social tension,7734,7870,Oromia,ET04,SA,Active
140992,Countrywide monitoring,Ethiopia,ETH,Oromia,ET04,Guji,ET0414,2,4303,2023-12-31T00:00:00,2023,12,35,Conflict,2096,2207,Oromia,ET04,SA,Active
147510,Countrywide monitoring,Ethiopia,ETH,Tigray,ET01,Eastern,ET0103,2,87572,2023-12-31T00:00:00,2023,12,35,Conflict,41404,46168,Tigray,ET01,SA,Active
147535,Countrywide monitoring,Ethiopia,ETH,Tigray,ET01,Mekelle,ET0107,2,11571,2023-12-31T00:00:00,2023,12,35,Conflict,5217,6354,Afar,ET02,SA,Active
147514,Countrywide monitoring,Ethiopia,ETH,Tigray,ET01,Mekelle,ET0107,2,166,2023-12-31T00:00:00,2023,12,35,Social tension,73,93,Tigray,ET01,SA,Active
147515,Countrywide monitoring,Ethiopia,ETH,Tigray,ET01,Mekelle,ET0107,2,364,2023-12-31T00:00:00,2023,12,35,Natural disaster,167,197,Tigray,ET01,SA,Active
147616,Countrywide monitoring,Ethiopia,ETH,Tigray,ET01,South Eastern,ET0106,2,2098,2023-12-31T00:00:00,2023,12,35,Conflict,928,1170,Oromia,ET04,SA,Active
147606,Countrywide monitoring,Ethiopia,ETH,Tigray,ET01,South Eastern,ET0106,2,977,2023-12-31T00:00:00,2023,12,35,Social tension,482,495,Afar,ET02,SA,Active
147607,Countrywide monitoring,Ethiopia,ETH,Tigray,ET01,South Eastern,ET0106,2,999,2023-12-31T00:00:00,2023,12,35,Social tension,474,525,Tigray,ET01,SA,Active
147603,Countrywide monitoring,Ethiopia,ETH,Tigray,ET01,South Eastern,ET0106,2,635,2023-12-31T00:00:00,2023,12,35,Social tension,287,348,South West Ethiopia,ET11,SA,Active
147594,Countrywide monitoring,Ethiopia,ETH,Tigray,ET01,South Eastern,ET0106,2,283,2023-12-31T00:00:00,2023,12,35,Social tension,154,129,Oromia,ET04,SA,Active
147597,Countrywide monitoring,Ethiopia,ETH,Tigray,ET01,South Eastern,ET0106,2,414,2023-12-31T00:00:00,2023,12,35,Conflict,187,227,South West Ethiopia,ET11,SA,Active
147598,Countrywide monitoring,Ethiopia,ETH,Tigray,ET01,South Eastern,ET0106,2,417,2023-12-31T00:00:00,2023,12,35,Conflict,206,211,Amhara,ET03,SA,Active
147549,Countrywide monitoring,Ethiopia,ETH,Tigray,ET01,Mekelle,ET0107,2,127817,2023-12-31T00:00:00,2023,12,35,Conflict,56658,71159,Tigray,ET01,SA,Active
147559,Countrywide monitoring,Ethiopia,ETH,Tigray,ET01,North Western,ET0101,2,2176,2023-12-31T00:00:00,2023,12,35,Natural disaster,927,1249,Tigray,ET01,SA,Active
147554,Countrywide monitoring,Ethiopia,ETH,Tigray,ET01,North Western,ET0101,2,149,2023-12-31T00:00:00,2023,12,35,Social tension,61,88,Tigray,ET01,SA,Active
147579,Countrywide monitoring,Ethiopia,ETH,Tigray,ET01,North Western,ET0101,2,345809,2023-12-31T00:00:00,2023,12,35,Conflict,153287,192522,Tigray,ET01,SA,Active
147583,Countrywide monitoring,Ethiopia,ETH,Tigray,ET01,South Eastern,ET0106,2,54,2023-12-31T00:00:00,2023,12,35,Natural disaster,29,25,Tigray,ET01,SA,Active
147584,Countrywide monitoring,Ethiopia,ETH,Tigray,ET01,South Eastern,ET0106,2,74,2023-12-31T00:00:00,2023,12,35,Social tension,36,38,Amhara,ET03,SA,Active
150363,Countrywide monitoring,Ethiopia,ETH,South West Ethiopia People,ET11,Dawuro,ET1104,2,188,2023-12-31T00:00:00,2023,12,35,Conflict,93,95,Oromia,ET04,SA,Active
150345,Countrywide monitoring,Ethiopia,ETH,South West Ethiopia People,ET11,Bench Sheko,ET1103,2,697,2023-12-31T00:00:00,2023,12,35,Conflict,348,349,South West Ethiopia,ET11,SA,Active
147654,Countrywide monitoring,Ethiopia,ETH,Tigray,ET01,Southern,ET0104,2,151,2023-12-31T00:00:00,2023,12,35,Social tension,77,74,Amhara,ET03,SA,Active
147652,Countrywide monitoring,Ethiopia,ETH,Tigray,ET01,Southern,ET0104,2,141,2023-12-31T00:00:00,2023,12,35,Natural disaster,65,76,Tigray,ET01,SA,Active
147649,Countrywide monitoring,Ethiopia,ETH,Tigray,ET01,Southern,ET0104,2,48,2023-12-31T00:00:00,2023,12,35,Social tension,23,25,Afar,ET02,SA,Active
147640,Countrywide monitoring,Ethiopia,ETH,Tigray,ET01,Southern,ET0104,2,8,2023-12-31T00:00:00,2023,12,35,Social tension,3,5,Addis Ababa,ET14,SA,Active
147645,Countrywide monitoring,Ethiopia,ETH,Tigray,ET01,Southern,ET0104,2,42,2023-12-31T00:00:00,2023,12,35,Conflict,15,27,Addis Ababa,ET14,SA,Active
147631,Countrywide monitoring,Ethiopia,ETH,Tigray,ET01,South Eastern,ET0106,2,6558,2023-12-31T00:00:00,2023,12,35,Conflict,2965,3593,Tigray,ET01,SA,Active
147635,Countrywide monitoring,Ethiopia,ETH,Tigray,ET01,South Eastern,ET0106,2,11246,2023-12-31T00:00:00,2023,12,35,Conflict,4546,6700,Afar,ET02,SA,Active
147667,Countrywide monitoring,Ethiopia,ETH,Tigray,ET01,Southern,ET0104,2,361,2023-12-31T00:00:00,2023,12,35,Social tension,183,178,Oromia,ET04,SA,Active
147673,Countrywide monitoring,Ethiopia,ETH,Tigray,ET01,Southern,ET0104,2,819,2023-12-31T00:00:00,2023,12,35,Social tension,382,437,Tigray,ET01,SA,Active
147683,Countrywide monitoring,Ethiopia,ETH,Tigray,ET01,Southern,ET0104,2,1255,2023-12-31T00:00:00,2023,12,35,Conflict,659,596,Amhara,ET03,SA,Active
147690,Countrywide monitoring,Ethiopia,ETH,Tigray,ET01,Southern,ET0104,2,2090,2023-12-31T00:00:00,2023,12,35,Conflict,930,1160,Afar,ET02,SA,Active
147688,Countrywide monitoring,Ethiopia,ETH,Tigray,ET01,Southern,ET0104,2,1620,2023-12-31T00:00:00,2023,12,35,Conflict,786,834,Oromia,ET04,SA,Active
140935,Countrywide monitoring,Ethiopia,ETH,Oromia,ET04,East Wellega,ET0402,2,60021,2023-12-31T00:00:00,2023,12,35,Conflict,29552,30469,Oromia,ET04,SA,Active
140988,Countrywide monitoring,Ethiopia,ETH,Oromia,ET04,Guji,ET0414,2,2584,2023-12-31T00:00:00,2023,12,35,Natural disaster,1283,1301,Oromia,ET04,SA,Active
140890,Countrywide monitoring,Ethiopia,ETH,Amhara,ET03,North Shewa (AM),ET0305,2,25547,2023-12-31T00:00:00,2023,12,35,Conflict,13021,12526,Oromia,ET04,SA,Active
140884,Countrywide monitoring,Ethiopia,ETH,Amhara,ET03,North Shewa (AM),ET0305,2,9324,2023-12-31T00:00:00,2023,12,35,Conflict,4783,4541,Amhara,ET03,SA,Active
140871,Countrywide monitoring,Ethiopia,ETH,Amhara,ET03,North Shewa (AM),ET0305,2,1055,2023-12-31T00:00:00,2023,12,35,Other reason,502,553,Oromia,ET04,SA,Active
140841,Countrywide monitoring,Ethiopia,ETH,Amhara,ET03,North Shewa (AM),ET0305,2,179,2023-12-31T00:00:00,2023,12,35,Conflict,95,84,South West Ethiopia,ET11,SA,Active
138370,Countrywide monitoring,Ethiopia,ETH,Oromia,ET04,West Hararge,ET0409,2,4,2023-12-31T00:00:00,2023,12,35,Natural disaster,2,2,Somali,ET05,SA,Active
138371,Countrywide monitoring,Ethiopia,ETH,Oromia,ET04,West Hararge,ET0409,2,23,2023-12-31T00:00:00,2023,12,35,Social tension,11,12,Oromia,ET04,SA,Active
138365,Countrywide monitoring,Ethiopia,ETH,Oromia,ET04,West Guji,ET0415,2,92510,2023-12-31T00:00:00,2023,12,35,Social tension,41825,50685,Oromia,ET04,SA,Active
138375,Countrywide monitoring,Ethiopia,ETH,Oromia,ET04,West Hararge,ET0409,2,1660,2023-12-31T00:00:00,2023,12,35,Natural disaster,829,831,Oromia,ET04,SA,Active
138388,Countrywide monitoring,Ethiopia,ETH,Oromia,ET04,West Hararge,ET0409,2,6266,2023-12-31T00:00:00,2023,12,35,Conflict,3092,3174,Somali,ET05,SA,Active
138351,Countrywide monitoring,Ethiopia,ETH,Oromia,ET04,West Guji,ET0415,2,35464,2023-12-31T00:00:00,2023,12,35,Natural disaster,16320,19144,Oromia,ET04,SA,Active
138405,Countrywide monitoring,Ethiopia,ETH,Oromia,ET04,West Hararge,ET0409,2,14983,2023-12-31T00:00:00,2023,12,35,Conflict,7649,7334,Oromia,ET04,SA,Active
140850,Countrywide monitoring,Ethiopia,ETH,Amhara,ET03,North Shewa (AM),ET0305,2,224,2023-12-31T00:00:00,2023,12,35,Conflict,111,113,Benishangul-Gumuz,ET06,SA,Active
140828,Countrywide monitoring,Ethiopia,ETH,Amhara,ET03,North Shewa (AM),ET0305,2,10,2023-12-31T00:00:00,2023,12,35,Social tension,5,5,Oromia,ET04,SA,Active
140829,Countrywide monitoring,Ethiopia,ETH,Amhara,ET03,North Shewa (AM),ET0305,2,18,2023-12-31T00:00:00,2023,12,35,Other reason,10,8,South West Ethiopia,ET11,SA,Active
140820,Countrywide monitoring,Ethiopia,ETH,Amhara,ET03,North Gondar,ET0301,2,9906,2023-12-31T00:00:00,2023,12,35,Conflict,4071,5835,Tigray,ET01,SA,Active
140811,Countrywide monitoring,Ethiopia,ETH,Amhara,ET03,North Gondar,ET0301,2,411,2023-12-31T00:00:00,2023,12,35,Conflict,181,230,Oromia,ET04,SA,Active
140812,Countrywide monitoring,Ethiopia,ETH,Amhara,ET03,North Gondar,ET0301,2,527,2023-12-31T00:00:00,2023,12,35,Conflict,257,270,Amhara,ET03,SA,Active
138317,Countrywide monitoring,Ethiopia,ETH,Oromia,ET04,West Arsi,ET0417,2,12394,2023-12-31T00:00:00,2023,12,35,Conflict,5952,6442,Oromia,ET04,SA,Active
138340,Countrywide monitoring,Ethiopia,ETH,Oromia,ET04,West Guji,ET0415,2,6069,2023-12-31T00:00:00,2023,12,35,Conflict,2766,3303,Oromia,ET04,SA,Active
138334,Countrywide monitoring,Ethiopia,ETH,Oromia,ET04,West Guji,ET0415,2,927,2023-12-31T00:00:00,2023,12,35,Other reason,451,476,Oromia,ET04,SA,Active
138219,Countrywide monitoring,Ethiopia,ETH,Benishangul-Gumuz,ET06,Assosa,ET0603,2,17470,2023-12-31T00:00:00,2023,12,35,Conflict,8658,8812,Oromia,ET04,SA,Active
138209,Countrywide monitoring,Ethiopia,ETH,Benishangul-Gumuz,ET06,Assosa,ET0603,2,8437,2023-12-31T00:00:00,2023,12,35,Conflict,3538,4899,Benishangul-Gumuz,ET06,SA,Active
138232,Countrywide monitoring,Ethiopia,ETH,Oromia,ET04,South West Shewa,ET0413,2,2666,2023-12-31T00:00:00,2023,12,35,Conflict,1271,1395,Oromia,ET04,SA,Active
138223,Countrywide monitoring,Ethiopia,ETH,Benishangul-Gumuz,ET06,Kamashi,ET0604,2,119,2023-12-31T00:00:00,2023,12,35,Conflict,35,84,Amhara,ET03,SA,Active
138224,Countrywide monitoring,Ethiopia,ETH,Oromia,ET04,South West Shewa,ET0413,2,340,2023-12-31T00:00:00,2023,12,35,Conflict,161,179,Somali,ET05,SA,Active
138236,Countrywide monitoring,Ethiopia,ETH,Oromia,ET04,West Arsi,ET0417,2,92,2023-12-31T00:00:00,2023,12,35,Conflict,48,44,Sidama,ET16,SA,Active
138245,Countrywide monitoring,Ethiopia,ETH,Oromia,ET04,West Arsi,ET0417,2,325,2023-12-31T00:00:00,2023,12,35,Natural disaster,175,150,Oromia,ET04,SA,Active
138269,Countrywide monitoring,Ethiopia,ETH,Oromia,ET04,West Arsi,ET0417,2,623,2023-12-31T00:00:00,2023,12,35,Conflict,295,328,Somali,ET05,SA,Active
138072,Countrywide monitoring,Ethiopia,ETH,Amhara,ET03,South Wello,ET0304,2,16813,2023-12-31T00:00:00,2023,12,35,Conflict,8068,8745,Oromia,ET04,SA,Active
138064,Countrywide monitoring,Ethiopia,ETH,Amhara,ET03,South Wello,ET0304,2,1910,2023-12-31T00:00:00,2023,12,35,Conflict,865,1045,Afar,ET02,SA,Active
138115,Countrywide monitoring,Ethiopia,ETH,Amhara,ET03,Wag Hamra,ET0308,2,13806,2023-12-31T00:00:00,2023,12,35,Conflict,6094,7712,Amhara,ET03,SA,Active
138111,Countrywide monitoring,Ethiopia,ETH,Amhara,ET03,Wag Hamra,ET0308,2,3398,2023-12-31T00:00:00,2023,12,35,Conflict,1620,1778,Tigray,ET01,SA,Active
138124,Countrywide monitoring,Ethiopia,ETH,Amhara,ET03,West Gojam,ET0307,2,72,2023-12-31T00:00:00,2023,12,35,Social tension,33,39,Oromia,ET04,SA,Active
138109,Countrywide monitoring,Ethiopia,ETH,Amhara,ET03,Wag Hamra,ET0308,2,3202,2023-12-31T00:00:00,2023,12,35,Natural disaster,1523,1679,Amhara,ET03,SA,Active
138106,Countrywide monitoring,Ethiopia,ETH,Amhara,ET03,Wag Hamra,ET0308,2,1489,2023-12-31T00:00:00,2023,12,35,Conflict,766,723,Oromia,ET04,SA,Active
138185,Countrywide monitoring,Ethiopia,ETH,Amhara,ET03,West Gondar,ET0312,2,579,2023-12-31T00:00:00,2023,12,35,Conflict,277,302,Oromia,ET04,SA,Active
138199,Countrywide monitoring,Ethiopia,ETH,Benishangul-Gumuz,ET06,Assosa,ET0603,2,18,2023-12-31T00:00:00,2023,12,35,Social tension,9,9,Benishangul-Gumuz,ET06,SA,Active
138189,Countrywide monitoring,Ethiopia,ETH,Amhara,ET03,West Gondar,ET0312,2,718,2023-12-31T00:00:00,2023,12,35,Conflict,399,319,Amhara,ET03,SA,Active
138161,Countrywide monitoring,Ethiopia,ETH,Amhara,ET03,West Gojam,ET0307,2,5093,2023-12-31T00:00:00,2023,12,35,Conflict,2474,2619,Oromia,ET04,SA,Active
138127,Countrywide monitoring,Ethiopia,ETH,Amhara,ET03,West Gojam,ET0307,2,162,2023-12-31T00:00:00,2023,12,35,Conflict,82,80,Benishangul-Gumuz,ET06,SA,Active
136783,Countrywide monitoring,Ethiopia,ETH,Central Ethiopia,ET07,Hadiya,ET0702,2,13152,2023-12-31T00:00:00,2023,12,35,Conflict,6341,6811,South West Ethiopia,ET11,SA,Active
136790,Countrywide monitoring,Ethiopia,ETH,Central Ethiopia,ET07,Kembata,ET0703,2,72,2023-12-31T00:00:00,2023,12,35,Natural disaster,38,34,South West Ethiopia,ET11,SA,Active
136791,Countrywide monitoring,Ethiopia,ETH,Central Ethiopia,ET07,Kembata,ET0703,2,75,2023-12-31T00:00:00,2023,12,35,Social tension,38,37,Central Ethiopia,ET07,SA,Active
136792,Countrywide monitoring,Ethiopia,ETH,Central Ethiopia,ET07,Kembata,ET0703,2,101,2023-12-31T00:00:00,2023,12,35,Conflict,51,50,Central Ethiopia,ET07,SA,Active
136770,Countrywide monitoring,Ethiopia,ETH,Central Ethiopia,ET07,Hadiya,ET0702,2,4098,2023-12-31T00:00:00,2023,12,35,Conflict,1901,2197,Somali,ET05,SA,Active
136801,Countrywide monitoring,Ethiopia,ETH,Central Ethiopia,ET07,Kembata,ET0703,2,2688,2023-12-31T00:00:00,2023,12,35,Social tension,1312,1376,South West Ethiopia,ET11,SA,Active
136809,Countrywide monitoring,Ethiopia,ETH,Central Ethiopia,ET07,Kembata,ET0703,2,8357,2023-12-31T00:00:00,2023,12,35,Conflict,4149,4208,South West Ethiopia,ET11,SA,Active
136816,Countrywide monitoring,Ethiopia,ETH,Central Ethiopia,ET07,Mareko SP woreda,ET0725,2,524,2023-12-31T00:00:00,2023,12,35,Conflict,249,275,Central Ethiopia,ET07,SA,Active
136892,Countrywide monitoring,Ethiopia,ETH,Oromia,ET04,West Wellega,ET0401,2,342,2023-12-31T00:00:00,2023,12,35,Natural disaster,172,170,Benishangul-Gumuz,ET06,SA,Active
136890,Countrywide monitoring,Ethiopia,ETH,Oromia,ET04,West Wellega,ET0401,2,45,2023-12-31T00:00:00,2023,12,35,Natural disaster,22,23,Oromia,ET04,SA,Active
136886,Countrywide monitoring,Ethiopia,ETH,Oromia,ET04,West Shewa,ET0405,2,18710,2023-12-31T00:00:00,2023,12,35,Conflict,10199,8511,Oromia,ET04,SA,Active
136850,Countrywide monitoring,Ethiopia,ETH,Oromia,ET04,West Shewa,ET0405,2,123,2023-12-31T00:00:00,2023,12,35,Natural disaster,68,55,Oromia,ET04,SA,Active
136924,Countrywide monitoring,Ethiopia,ETH,Oromia,ET04,West Wellega,ET0401,2,49499,2023-12-31T00:00:00,2023,12,35,Conflict,24003,25496,Benishangul-Gumuz,ET06,SA,Active
136911,Countrywide monitoring,Ethiopia,ETH,Oromia,ET04,West Wellega,ET0401,2,22072,2023-12-31T00:00:00,2023,12,35,Conflict,10530,11542,Oromia,ET04,SA,Active
136962,Countrywide monitoring,Ethiopia,ETH,Sidama,ET16,Sidama,ET1600,2,3908,2023-12-31T00:00:00,2023,12,35,Conflict,1970,1938,Oromia,ET04,SA,Active
136964,Countrywide monitoring,Ethiopia,ETH,Sidama,ET16,Sidama,ET1600,2,4099,2023-12-31T00:00:00,2023,12,35,Conflict,2015,2084,South West Ethiopia,ET11,SA,Active
136973,Countrywide monitoring,Ethiopia,ETH,Sidama,ET16,Sidama,ET1600,2,27769,2023-12-31T00:00:00,2023,12,35,Conflict,14125,13644,Sidama,ET16,SA,Active
136936,Countrywide monitoring,Ethiopia,ETH,Sidama,ET16,Sidama,ET1600,2,128,2023-12-31T00:00:00,2023,12,35,Conflict,58,70,Not available,Not available,SA,Active
136943,Countrywide monitoring,Ethiopia,ETH,Sidama,ET16,Sidama,ET1600,2,543,2023-12-31T00:00:00,2023,12,35,Natural disaster,269,274,Sidama,ET16,SA,Active
136984,Countrywide monitoring,Ethiopia,ETH,Somali,ET05,Afder,ET0508,2,365,2023-12-31T00:00:00,2023,12,35,Social tension,212,153,Somali,ET05,SA,Active
136994,Countrywide monitoring,Ethiopia,ETH,Somali,ET05,Afder,ET0508,2,2367,2023-12-31T00:00:00,2023,12,35,Conflict,1385,982,Somali,ET05,SA,Active
137020,Countrywide monitoring,Ethiopia,ETH,Tigray,ET01,Southern,ET0104,2,34707,2023-12-31T00:00:00,2023,12,35,Conflict,16162,18545,Tigray,ET01,SA,Active
136738,Countrywide monitoring,Ethiopia,ETH,Central Ethiopia,ET07,Hadiya,ET0702,2,687,2023-12-31T00:00:00,2023,12,35,Natural disaster,303,384,Central Ethiopia,ET07,SA,Active
136739,Countrywide monitoring,Ethiopia,ETH,Central Ethiopia,ET07,Hadiya,ET0702,2,720,2023-12-31T00:00:00,2023,12,35,Conflict,316,404,Not available,Not available,SA,Active
136730,Countrywide monitoring,Ethiopia,ETH,Central Ethiopia,ET07,Hadiya,ET0702,2,373,2023-12-31T00:00:00,2023,12,35,Conflict,153,220,Central Ethiopia,ET07,SA,Active
136756,Countrywide monitoring,Ethiopia,ETH,Central Ethiopia,ET07,Hadiya,ET0702,2,2290,2023-12-31T00:00:00,2023,12,35,Conflict,1077,1213,Oromia,ET04,SA,Active
136683,Countrywide monitoring,Ethiopia,ETH,Central Ethiopia,ET07,East Guraghe,ET0704,2,3955,2023-12-31T00:00:00,2023,12,35,Conflict,1787,2168,Oromia,ET04,SA,Active
136693,Countrywide monitoring,Ethiopia,ETH,Central Ethiopia,ET07,Guraghe,ET0701,2,2175,2023-12-31T00:00:00,2023,12,35,Conflict,998,1177,Oromia,ET04,SA,Active
136719,Countrywide monitoring,Ethiopia,ETH,Central Ethiopia,ET07,Hadiya,ET0702,2,131,2023-12-31T00:00:00,2023,12,35,Conflict,59,72,Benishangul-Gumuz,ET06,SA,Active
136716,Countrywide monitoring,Ethiopia,ETH,Central Ethiopia,ET07,Hadiya,ET0702,2,119,2023-12-31T00:00:00,2023,12,35,Social tension,45,74,Oromia,ET04,SA,Active
136717,Countrywide monitoring,Ethiopia,ETH,Central Ethiopia,ET07,Hadiya,ET0702,2,128,2023-12-31T00:00:00,2023,12,35,Social tension,53,75,Amhara,ET03,SA,Active
136663,Countrywide monitoring,Ethiopia,ETH,Benishangul-Gumuz,ET06,Metekel,ET0602,2,2097,2023-12-31T00:00:00,2023,12,35,Conflict,1047,1050,Oromia,ET04,SA,Active
136653,Countrywide monitoring,Ethiopia,ETH,Benishangul-Gumuz,ET06,Kamashi,ET0604,2,2172,2023-12-31T00:00:00,2023,12,35,Conflict,1023,1149,Benishangul-Gumuz,ET06,SA,Active
136671,Countrywide monitoring,Ethiopia,ETH,Benishangul-Gumuz,ET06,Metekel,ET0602,2,44384,2023-12-31T00:00:00,2023,12,35,Conflict,21439,22945,Benishangul-Gumuz,ET06,SA,Active
136681,Countrywide monitoring,Ethiopia,ETH,Central Ethiopia,ET07,East Guraghe,ET0704,2,3390,2023-12-31T00:00:00,2023,12,35,Conflict,1521,1869,Central Ethiopia,ET07,SA,Active
135439,Countrywide monitoring,Ethiopia,ETH,Somali,ET05,Doolo,ET0507,2,19512,2023-12-31T00:00:00,2023,12,35,Natural disaster,9519,9993,Somali,ET05,SA,Active
135419,Countrywide monitoring,Ethiopia,ETH,Somali,ET05,Doolo,ET0507,2,2216,2023-12-31T00:00:00,2023,12,35,Social tension,1029,1187,Somali,ET05,SA,Active
135404,Countrywide monitoring,Ethiopia,ETH,Somali,ET05,Daawa,ET0511,2,77491,2023-12-31T00:00:00,2023,12,35,Conflict,32415,45076,Oromia,ET04,SA,Active
135392,Countrywide monitoring,Ethiopia,ETH,Somali,ET05,Daawa,ET0511,2,39793,2023-12-31T00:00:00,2023,12,35,Natural disaster,18348,21445,Somali,ET05,SA,Active
135371,Countrywide monitoring,Ethiopia,ETH,Somali,ET05,Daawa,ET0511,2,9644,2023-12-31T00:00:00,2023,12,35,Conflict,4478,5166,Somali,ET05,SA,Active
135335,Countrywide monitoring,Ethiopia,ETH,Somali,ET05,Afder,ET0508,2,161457,2023-12-31T00:00:00,2023,12,35,Natural disaster,86357,75100,Somali,ET05,SA,Active
135339,Countrywide monitoring,Ethiopia,ETH,Somali,ET05,Daawa,ET0511,2,11,2023-12-31T00:00:00,2023,12,35,Social tension,6,5,Somali,ET05,SA,Active
135343,Countrywide monitoring,Ethiopia,ETH,Somali,ET05,Daawa,ET0511,2,558,2023-12-31T00:00:00,2023,12,35,Natural disaster,299,259,Oromia,ET04,SA,Active
135298,Countrywide monitoring,Ethiopia,ETH,Somali,ET05,Afder,ET0508,2,7354,2023-12-31T00:00:00,2023,12,35,Conflict,4221,3133,Oromia,ET04,SA,Active
135299,Countrywide monitoring,Ethiopia,ETH,Somali,ET05,Afder,ET0508,2,7354,2024-05-31T00:00:00,2024,5,36,Conflict,4221,3133,Oromia,ET04,SA,Active
135336,Countrywide monitoring,Ethiopia,ETH,Somali,ET05,Afder,ET0508,2,161862,2024-05-31T00:00:00,2024,5,36,Natural disaster,83944,77918,Somali,ET05,SA,Active
135370,Countrywide monitoring,Ethiopia,ETH,Somali,ET05,Daawa,ET0511,2,9578,2024-05-31T00:00:00,2024,5,36,Conflict,4447,5131,Somali,ET05,SA,Active
135393,Countrywide monitoring,Ethiopia,ETH,Somali,ET05,Daawa,ET0511,2,39870,2024-05-31T00:00:00,2024,5,36,Natural disaster,18385,21485,Somali,ET05,SA,Active
135405,Countrywide monitoring,Ethiopia,ETH,Somali,ET05,Daawa,ET0511,2,78049,2024-05-31T00:00:00,2024,5,36,Conflict,32714,45335,Oromia,ET04,SA,Active
135424,Countrywide monitoring,Ethiopia,ETH,Somali,ET05,Doolo,ET0507,2,2245,2024-05-31T00:00:00,2024,5,36,Conflict,1042,1203,Somali,ET05,SA,Active
135438,Countrywide monitoring,Ethiopia,ETH,Somali,ET05,Doolo,ET0507,2,19483,2024-05-31T00:00:00,2024,5,36,Natural disaster,9506,9977,Somali,ET05,SA,Active
136682,Countrywide monitoring,Ethiopia,ETH,Central Ethiopia,ET07,East Guraghe,ET0704,2,3390,2024-05-31T00:00:00,2024,5,36,Conflict,1521,1869,Central Ethiopia,ET07,SA,Active
136680,Countrywide monitoring,Ethiopia,ETH,Central Ethiopia,ET07,East Guraghe,ET0704,2,3278,2024-05-31T00:00:00,2024,5,36,Conflict,1554,1724,Oromia,ET04,SA,Active
136678,Countrywide monitoring,Ethiopia,ETH,Central Ethiopia,ET07,East Guraghe,ET0704,2,587,2024-05-31T00:00:00,2024,5,36,Natural disaster,296,291,Central Ethiopia,ET07,SA,Active
136672,Countrywide monitoring,Ethiopia,ETH,Benishangul-Gumuz,ET06,Metekel,ET0602,2,44384,2024-05-31T00:00:00,2024,5,36,Conflict,21439,22945,Benishangul-Gumuz,ET06,SA,Active
136654,Countrywide monitoring,Ethiopia,ETH,Benishangul-Gumuz,ET06,Kamashi,ET0604,2,2172,2024-05-31T00:00:00,2024,5,36,Conflict,1023,1149,Benishangul-Gumuz,ET06,SA,Active
136664,Countrywide monitoring,Ethiopia,ETH,Benishangul-Gumuz,ET06,Metekel,ET0602,2,2097,2024-05-31T00:00:00,2024,5,36,Conflict,1047,1050,Oromia,ET04,SA,Active
136646,Countrywide monitoring,Ethiopia,ETH,Benishangul-Gumuz,ET06,Kamashi,ET0604,2,119,2024-05-31T00:00:00,2024,5,36,Conflict,35,84,Amhara,ET03,SA,Active
135470,Countrywide monitoring,Ethiopia,ETH,Somali,ET05,Erer,ET0504,2,576,2024-05-31T00:00:00,2024,5,36,Conflict,260,316,Somali,ET05,SA,Active
136718,Countrywide monitoring,Ethiopia,ETH,Central Ethiopia,ET07,Hadiya,ET0702,2,128,2024-05-31T00:00:00,2024,5,36,Conflict,53,75,Amhara,ET03,SA,Active
136720,Countrywide monitoring,Ethiopia,ETH,Central Ethiopia,ET07,Hadiya,ET0702,2,131,2024-05-31T00:00:00,2024,5,36,Conflict,59,72,Benishangul-Gumuz,ET06,SA,Active
136698,Countrywide monitoring,Ethiopia,ETH,Central Ethiopia,ET07,Guraghe,ET0701,2,2979,2024-05-31T00:00:00,2024,5,36,Conflict,1381,1598,Oromia,ET04,SA,Active
136748,Countrywide monitoring,Ethiopia,ETH,Central Ethiopia,ET07,Hadiya,ET0702,2,1024,2024-05-31T00:00:00,2024,5,36,Natural disaster,460,564,Central Ethiopia,ET07,SA,Active
136733,Countrywide monitoring,Ethiopia,ETH,Central Ethiopia,ET07,Hadiya,ET0702,2,410,2024-05-31T00:00:00,2024,5,36,Conflict,176,234,Central Ethiopia,ET07,SA,Active
136740,Countrywide monitoring,Ethiopia,ETH,Central Ethiopia,ET07,Hadiya,ET0702,2,720,2024-05-31T00:00:00,2024,5,36,Conflict,316,404,Not available,Not available,SA,Active
137022,Countrywide monitoring,Ethiopia,ETH,Tigray,ET01,Southern,ET0104,2,42093,2024-05-31T00:00:00,2024,5,36,Conflict,21070,21023,Tigray,ET01,SA,Active
137003,Countrywide monitoring,Ethiopia,ETH,Tigray,ET01,Southern,ET0104,2,3132,2024-05-31T00:00:00,2024,5,36,Conflict,1590,1542,Oromia,ET04,SA,Active
136993,Countrywide monitoring,Ethiopia,ETH,Somali,ET05,Afder,ET0508,2,2313,2024-05-31T00:00:00,2024,5,36,Conflict,1351,962,Somali,ET05,SA,Active
136937,Countrywide monitoring,Ethiopia,ETH,Sidama,ET16,Sidama,ET1600,2,128,2024-05-31T00:00:00,2024,5,36,Conflict,58,70,Not available,Not available,SA,Active
136938,Countrywide monitoring,Ethiopia,ETH,Sidama,ET16,Sidama,ET1600,2,424,2024-05-31T00:00:00,2024,5,36,Natural disaster,210,214,Sidama,ET16,SA,Active
136974,Countrywide monitoring,Ethiopia,ETH,Sidama,ET16,Sidama,ET1600,2,27888,2024-05-31T00:00:00,2024,5,36,Conflict,14184,13704,Sidama,ET16,SA,Active
136965,Countrywide monitoring,Ethiopia,ETH,Sidama,ET16,Sidama,ET1600,2,4099,2024-05-31T00:00:00,2024,5,36,Conflict,2015,2084,South West Ethiopia,ET11,SA,Active
136963,Countrywide monitoring,Ethiopia,ETH,Sidama,ET16,Sidama,ET1600,2,3908,2024-05-31T00:00:00,2024,5,36,Conflict,1970,1938,Oromia,ET04,SA,Active
136912,Countrywide monitoring,Ethiopia,ETH,Oromia,ET04,West Wellega,ET0401,2,22117,2024-05-31T00:00:00,2024,5,36,Conflict,10552,11565,Oromia,ET04,SA,Active
136925,Countrywide monitoring,Ethiopia,ETH,Oromia,ET04,West Wellega,ET0401,2,49841,2024-05-31T00:00:00,2024,5,36,Conflict,24175,25666,Benishangul-Gumuz,ET06,SA,Active
136889,Countrywide monitoring,Ethiopia,ETH,Oromia,ET04,West Shewa,ET0405,2,19126,2024-05-31T00:00:00,2024,5,36,Conflict,9194,9932,Oromia,ET04,SA,Active
136817,Countrywide monitoring,Ethiopia,ETH,Central Ethiopia,ET07,Mareko SP woreda,ET0725,2,524,2024-05-31T00:00:00,2024,5,36,Conflict,249,275,Central Ethiopia,ET07,SA,Active
136811,Countrywide monitoring,Ethiopia,ETH,Central Ethiopia,ET07,Kembata,ET0703,2,11117,2024-05-31T00:00:00,2024,5,36,Conflict,5499,5618,South West Ethiopia,ET11,SA,Active
136759,Countrywide monitoring,Ethiopia,ETH,Central Ethiopia,ET07,Hadiya,ET0702,2,2653,2024-05-31T00:00:00,2024,5,36,Conflict,1238,1415,Oromia,ET04,SA,Active
136762,Countrywide monitoring,Ethiopia,ETH,Central Ethiopia,ET07,Hadiya,ET0702,2,3756,2024-05-31T00:00:00,2024,5,36,Conflict,1758,1998,Somali,ET05,SA,Active
136796,Countrywide monitoring,Ethiopia,ETH,Central Ethiopia,ET07,Kembata,ET0703,2,176,2024-05-31T00:00:00,2024,5,36,Conflict,88,88,Central Ethiopia,ET07,SA,Active
136784,Countrywide monitoring,Ethiopia,ETH,Central Ethiopia,ET07,Hadiya,ET0702,2,13152,2024-05-31T00:00:00,2024,5,36,Conflict,6341,6811,South West Ethiopia,ET11,SA,Active
138190,Countrywide monitoring,Ethiopia,ETH,Amhara,ET03,West Gondar,ET0312,2,718,2024-05-31T00:00:00,2024,5,36,Conflict,399,319,Amhara,ET03,SA,Active
138186,Countrywide monitoring,Ethiopia,ETH,Amhara,ET03,West Gondar,ET0312,2,579,2024-05-31T00:00:00,2024,5,36,Conflict,277,302,Oromia,ET04,SA,Active
138107,Countrywide monitoring,Ethiopia,ETH,Amhara,ET03,Wag Hamra,ET0308,2,1489,2024-05-31T00:00:00,2024,5,36,Conflict,766,723,Oromia,ET04,SA,Active
138110,Countrywide monitoring,Ethiopia,ETH,Amhara,ET03,Wag Hamra,ET0308,2,3356,2024-05-31T00:00:00,2024,5,36,Natural disaster,1596,1760,Amhara,ET03,SA,Active
138113,Countrywide monitoring,Ethiopia,ETH,Amhara,ET03,Wag Hamra,ET0308,2,12243,2024-05-31T00:00:00,2024,5,36,Conflict,6468,5775,Tigray,ET01,SA,Active
138114,Countrywide monitoring,Ethiopia,ETH,Amhara,ET03,Wag Hamra,ET0308,2,13652,2024-05-31T00:00:00,2024,5,36,Conflict,6021,7631,Amhara,ET03,SA,Active
138058,Countrywide monitoring,Ethiopia,ETH,Amhara,ET03,South Wello,ET0304,2,1636,2024-05-31T00:00:00,2024,5,36,Conflict,835,801,Afar,ET02,SA,Active
138073,Countrywide monitoring,Ethiopia,ETH,Amhara,ET03,South Wello,ET0304,2,17952,2024-05-31T00:00:00,2024,5,36,Conflict,8637,9315,Oromia,ET04,SA,Active
138270,Countrywide monitoring,Ethiopia,ETH,Oromia,ET04,West Arsi,ET0417,2,623,2024-05-31T00:00:00,2024,5,36,Conflict,295,328,Somali,ET05,SA,Active
138237,Countrywide monitoring,Ethiopia,ETH,Oromia,ET04,West Arsi,ET0417,2,92,2024-05-31T00:00:00,2024,5,36,Conflict,48,44,Sidama,ET16,SA,Active
138243,Countrywide monitoring,Ethiopia,ETH,Oromia,ET04,West Arsi,ET0417,2,303,2024-05-31T00:00:00,2024,5,36,Natural disaster,165,138,Oromia,ET04,SA,Active
138225,Countrywide monitoring,Ethiopia,ETH,Oromia,ET04,South West Shewa,ET0413,2,340,2024-05-31T00:00:00,2024,5,36,Conflict,161,179,Somali,ET05,SA,Active
138233,Countrywide monitoring,Ethiopia,ETH,Oromia,ET04,South West Shewa,ET0413,2,3348,2024-05-31T00:00:00,2024,5,36,Conflict,1598,1750,Oromia,ET04,SA,Active
138210,Countrywide monitoring,Ethiopia,ETH,Benishangul-Gumuz,ET06,Assosa,ET0603,2,8455,2024-05-31T00:00:00,2024,5,36,Conflict,3547,4908,Benishangul-Gumuz,ET06,SA,Active
138220,Countrywide monitoring,Ethiopia,ETH,Benishangul-Gumuz,ET06,Assosa,ET0603,2,17470,2024-05-31T00:00:00,2024,5,36,Conflict,8658,8812,Oromia,ET04,SA,Active
138335,Countrywide monitoring,Ethiopia,ETH,Oromia,ET04,West Guji,ET0415,2,927,2024-05-31T00:00:00,2024,5,36,Other reason,451,476,Oromia,ET04,SA,Active
138350,Countrywide monitoring,Ethiopia,ETH,Oromia,ET04,West Guji,ET0415,2,35456,2024-05-31T00:00:00,2024,5,36,Natural disaster,16321,19135,Oromia,ET04,SA,Active
138318,Countrywide monitoring,Ethiopia,ETH,Oromia,ET04,West Arsi,ET0417,2,12416,2024-05-31T00:00:00,2024,5,36,Conflict,5962,6454,Oromia,ET04,SA,Active
140813,Countrywide monitoring,Ethiopia,ETH,Amhara,ET03,North Gondar,ET0301,2,527,2024-05-31T00:00:00,2024,5,36,Conflict,257,270,Amhara,ET03,SA,Active
140821,Countrywide monitoring,Ethiopia,ETH,Amhara,ET03,North Gondar,ET0301,2,10796,2024-05-31T00:00:00,2024,5,36,Conflict,4393,6403,Tigray,ET01,SA,Active
140851,Countrywide monitoring,Ethiopia,ETH,Amhara,ET03,North Shewa (AM),ET0305,2,224,2024-05-31T00:00:00,2024,5,36,Conflict,111,113,Benishangul-Gumuz,ET06,SA,Active
138406,Countrywide monitoring,Ethiopia,ETH,Oromia,ET04,West Hararge,ET0409,2,14995,2024-05-31T00:00:00,2024,5,36,Conflict,7655,7340,Oromia,ET04,SA,Active
138389,Countrywide monitoring,Ethiopia,ETH,Oromia,ET04,West Hararge,ET0409,2,6270,2024-05-31T00:00:00,2024,5,36,Conflict,3094,3176,Somali,ET05,SA,Active
138376,Countrywide monitoring,Ethiopia,ETH,Oromia,ET04,West Hararge,ET0409,2,1671,2024-05-31T00:00:00,2024,5,36,Natural disaster,834,837,Oromia,ET04,SA,Active
138366,Countrywide monitoring,Ethiopia,ETH,Oromia,ET04,West Guji,ET0415,2,102930,2024-05-31T00:00:00,2024,5,36,Conflict,46463,56467,Oromia,ET04,SA,Active
140842,Countrywide monitoring,Ethiopia,ETH,Amhara,ET03,North Shewa (AM),ET0305,2,197,2024-05-31T00:00:00,2024,5,36,Conflict,105,92,South West Ethiopia,ET11,SA,Active
140873,Countrywide monitoring,Ethiopia,ETH,Amhara,ET03,North Shewa (AM),ET0305,2,1577,2024-05-31T00:00:00,2024,5,36,Other reason,772,805,Oromia,ET04,SA,Active
140886,Countrywide monitoring,Ethiopia,ETH,Amhara,ET03,North Shewa (AM),ET0305,2,10083,2024-05-31T00:00:00,2024,5,36,Conflict,5243,4840,Amhara,ET03,SA,Active
140894,Countrywide monitoring,Ethiopia,ETH,Amhara,ET03,North Shewa (AM),ET0305,2,27922,2024-05-31T00:00:00,2024,5,36,Conflict,14619,13303,Oromia,ET04,SA,Active
140933,Countrywide monitoring,Ethiopia,ETH,Oromia,ET04,East Wellega,ET0402,2,54353,2024-05-31T00:00:00,2024,5,36,Conflict,26181,28172,Oromia,ET04,SA,Active
147675,Countrywide monitoring,Ethiopia,ETH,Tigray,ET01,Southern,ET0104,2,964,2024-05-31T00:00:00,2024,5,36,Conflict,408,556,Afar,ET02,SA,Active
147672,Countrywide monitoring,Ethiopia,ETH,Tigray,ET01,Southern,ET0104,2,605,2024-05-31T00:00:00,2024,5,36,Conflict,262,343,Amhara,ET03,SA,Active
147636,Countrywide monitoring,Ethiopia,ETH,Tigray,ET01,South Eastern,ET0106,2,12176,2024-05-31T00:00:00,2024,5,36,Conflict,5281,6895,Afar,ET02,SA,Active
147633,Countrywide monitoring,Ethiopia,ETH,Tigray,ET01,South Eastern,ET0106,2,8722,2024-05-31T00:00:00,2024,5,36,Conflict,3961,4761,Tigray,ET01,SA,Active
147642,Countrywide monitoring,Ethiopia,ETH,Tigray,ET01,Southern,ET0104,2,40,2024-05-31T00:00:00,2024,5,36,Conflict,20,20,Addis Ababa,ET14,SA,Active
150346,Countrywide monitoring,Ethiopia,ETH,South West Ethiopia People,ET11,Bench Sheko,ET1103,2,697,2024-05-31T00:00:00,2024,5,36,Conflict,348,349,South West Ethiopia,ET11,SA,Active
150364,Countrywide monitoring,Ethiopia,ETH,South West Ethiopia People,ET11,Dawuro,ET1104,2,188,2024-05-31T00:00:00,2024,5,36,Conflict,93,95,Oromia,ET04,SA,Active
147580,Countrywide monitoring,Ethiopia,ETH,Tigray,ET01,North Western,ET0101,2,358054,2024-05-31T00:00:00,2024,5,36,Conflict,169471,188583,Tigray,ET01,SA,Active
147550,Countrywide monitoring,Ethiopia,ETH,Tigray,ET01,Mekelle,ET0107,2,128347,2024-05-31T00:00:00,2024,5,36,Conflict,56897,71450,Tigray,ET01,SA,Active
147604,Countrywide monitoring,Ethiopia,ETH,Tigray,ET01,South Eastern,ET0106,2,672,2024-05-31T00:00:00,2024,5,36,Conflict,284,388,Amhara,ET03,SA,Active
147609,Countrywide monitoring,Ethiopia,ETH,Tigray,ET01,South Eastern,ET0106,2,1049,2024-05-31T00:00:00,2024,5,36,Conflict,474,575,South West Ethiopia,ET11,SA,Active
147613,Countrywide monitoring,Ethiopia,ETH,Tigray,ET01,South Eastern,ET0106,2,1541,2024-05-31T00:00:00,2024,5,36,Conflict,766,775,Oromia,ET04,SA,Active
147536,Countrywide monitoring,Ethiopia,ETH,Tigray,ET01,Mekelle,ET0107,2,11571,2024-05-31T00:00:00,2024,5,36,Conflict,5217,6354,Afar,ET02,SA,Active
147511,Countrywide monitoring,Ethiopia,ETH,Tigray,ET01,Eastern,ET0103,2,95127,2024-05-31T00:00:00,2024,5,36,Conflict,41734,53393,Tigray,ET01,SA,Active
141022,Countrywide monitoring,Ethiopia,ETH,Oromia,ET04,Guji,ET0414,2,32999,2024-05-31T00:00:00,2024,5,36,Conflict,16042,16957,Oromia,ET04,SA,Active
141053,Countrywide monitoring,Ethiopia,ETH,Oromia,ET04,Horo Gudru Wellega,ET0419,2,51149,2024-05-31T00:00:00,2024,5,36,Conflict,25591,25558,Oromia,ET04,SA,Active
141084,Countrywide monitoring,Ethiopia,ETH,Oromia,ET04,Jimma,ET0404,2,534,2024-05-31T00:00:00,2024,5,36,Conflict,263,271,Somali,ET05,SA,Active
131155,Countrywide monitoring,Ethiopia,ETH,Amhara,ET03,Central Gondar,ET0311,2,272,2024-05-31T00:00:00,2024,5,36,Conflict,138,134,Oromia,ET04,SA,Active
131152,Countrywide monitoring,Ethiopia,ETH,Amhara,ET03,Bahir Dar City Admin,ET0314,2,5165,2024-05-31T00:00:00,2024,5,36,Conflict,2507,2658,Oromia,ET04,SA,Active
131161,Countrywide monitoring,Ethiopia,ETH,Amhara,ET03,Central Gondar,ET0311,2,544,2024-05-31T00:00:00,2024,5,36,Conflict,250,294,Benishangul-Gumuz,ET06,SA,Active
131171,Countrywide monitoring,Ethiopia,ETH,Amhara,ET03,Central Gondar,ET0311,2,1865,2024-05-31T00:00:00,2024,5,36,Conflict,873,992,Amhara,ET03,SA,Active
131174,Countrywide monitoring,Ethiopia,ETH,Amhara,ET03,Central Gondar,ET0311,2,3360,2024-05-31T00:00:00,2024,5,36,Conflict,1334,2026,Tigray,ET01,SA,Active
131213,Countrywide monitoring,Ethiopia,ETH,Oromia,ET04,East Borena,ET0422,2,78104,2024-05-31T00:00:00,2024,5,36,Conflict,37925,40179,Oromia,ET04,SA,Active
131184,Countrywide monitoring,Ethiopia,ETH,Oromia,ET04,East Borena,ET0422,2,25841,2024-05-31T00:00:00,2024,5,36,Natural disaster,12094,13747,Oromia,ET04,SA,Active
131250,Countrywide monitoring,Ethiopia,ETH,Oromia,ET04,East Hararge,ET0410,2,60774,2024-05-31T00:00:00,2024,5,36,Conflict,30077,30697,Oromia,ET04,SA,Active
131240,Countrywide monitoring,Ethiopia,ETH,Oromia,ET04,East Hararge,ET0410,2,20680,2024-05-31T00:00:00,2024,5,36,Natural disaster,11352,9328,Oromia,ET04,SA,Active
131261,Countrywide monitoring,Ethiopia,ETH,Oromia,ET04,East Hararge,ET0410,2,66664,2024-05-31T00:00:00,2024,5,36,Conflict,31871,34793,Somali,ET05,SA,Active
131332,Countrywide monitoring,Ethiopia,ETH,Oromia,ET04,East Wellega,ET0402,2,4883,2024-05-31T00:00:00,2024,5,36,Conflict,2365,2518,Benishangul-Gumuz,ET06,SA,Active
131439,Countrywide monitoring,Ethiopia,ETH,Somali,ET05,Siti,ET0501,2,6227,2024-05-31T00:00:00,2024,5,36,Conflict,3110,3117,Oromia,ET04,SA,Active
131423,Countrywide monitoring,Ethiopia,ETH,Somali,ET05,Shabelle,ET0506,2,122760,2024-05-31T00:00:00,2024,5,36,Natural disaster,60685,62075,Somali,ET05,SA,Active
131392,Countrywide monitoring,Ethiopia,ETH,Somali,ET05,Shabelle,ET0506,2,1478,2024-05-31T00:00:00,2024,5,36,Conflict,756,722,Oromia,ET04,SA,Active
131489,Countrywide monitoring,Ethiopia,ETH,Somali,ET05,Siti,ET0501,2,58523,2024-05-31T00:00:00,2024,5,36,Natural disaster,28169,30354,Somali,ET05,SA,Active
131470,Countrywide monitoring,Ethiopia,ETH,Somali,ET05,Siti,ET0501,2,28975,2024-05-31T00:00:00,2024,5,36,Conflict,14192,14783,Somali,ET05,SA,Active
131435,Countrywide monitoring,Ethiopia,ETH,Somali,ET05,Siti,ET0501,2,5262,2024-05-31T00:00:00,2024,5,36,Conflict,2334,2928,Afar,ET02,SA,Active
135133,Countrywide monitoring,Ethiopia,ETH,Central Ethiopia,ET07,Siltie,ET0720,2,3169,2024-05-31T00:00:00,2024,5,36,Conflict,1307,1862,Oromia,ET04,SA,Active
135122,Countrywide monitoring,Ethiopia,ETH,Central Ethiopia,ET07,Siltie,ET0720,2,791,2024-05-31T00:00:00,2024,5,36,Conflict,294,497,Somali,ET05,SA,Active
135115,Countrywide monitoring,Ethiopia,ETH,Central Ethiopia,ET07,Siltie,ET0720,2,579,2024-05-31T00:00:00,2024,5,36,Natural disaster,277,302,Central Ethiopia,ET07,SA,Active
135267,Countrywide monitoring,Ethiopia,ETH,Gambela,ET12,Majang,ET1203,2,172,2024-05-31T00:00:00,2024,5,36,Natural disaster,104,68,Gambela,ET12,SA,Active
135233,Countrywide monitoring,Ethiopia,ETH,Gambela,ET12,Agnewak,ET1202,2,4240,2024-05-31T00:00:00,2024,5,36,Conflict,1871,2369,Gambela,ET12,SA,Active
135214,Countrywide monitoring,Ethiopia,ETH,Gambela,ET12,Agnewak,ET1202,2,1006,2024-05-31T00:00:00,2024,5,36,Natural disaster,438,568,Gambela,ET12,SA,Active
135165,Countrywide monitoring,Ethiopia,ETH,Central Ethiopia,ET07,Yem,ET0724,2,276,2024-05-31T00:00:00,2024,5,36,Natural disaster,147,129,Central Ethiopia,ET07,SA,Active
135149,Countrywide monitoring,Ethiopia,ETH,Central Ethiopia,ET07,Tembaro SP woreda,ET0726,2,422,2024-05-31T00:00:00,2024,5,36,Conflict,215,207,South West Ethiopia,ET11,SA,Active
74224,Countrywide monitoring,Ethiopia,ETH,Tigray,ET01,Eastern,ET0103,2,5354,2024-05-31T00:00:00,2024,5,36,Conflict,2296,3058,Afar,ET02,SA,Active
74187,Countrywide monitoring,Ethiopia,ETH,Tigray,ET01,Eastern,ET0103,2,535,2024-05-31T00:00:00,2024,5,36,Conflict,233,302,Oromia,ET04,SA,Active
79137,Countrywide monitoring,Ethiopia,ETH,Gambela,ET12,Nuwer,ET1201,2,6387,2024-05-31T00:00:00,2024,5,36,Conflict,3105,3282,Gambela,ET12,SA,Active
79159,Countrywide monitoring,Ethiopia,ETH,Gambela,ET12,Nuwer,ET1201,2,14918,2024-05-31T00:00:00,2024,5,36,Natural disaster,7230,7688,Gambela,ET12,SA,Active
79181,Countrywide monitoring,Ethiopia,ETH,Harari,ET13,Harari,ET1301,2,251,2024-05-31T00:00:00,2024,5,36,Conflict,127,124,Harari,ET13,SA,Active
79193,Countrywide monitoring,Ethiopia,ETH,Harari,ET13,Harari,ET1301,2,1969,2024-05-31T00:00:00,2024,5,36,Conflict,984,985,Somali,ET05,SA,Active
79226,Countrywide monitoring,Ethiopia,ETH,Oromia,ET04,Arsi,ET0408,2,1275,2024-05-31T00:00:00,2024,5,36,Conflict,626,649,Somali,ET05,SA,Active
79231,Countrywide monitoring,Ethiopia,ETH,Oromia,ET04,Arsi,ET0408,2,1527,2024-05-31T00:00:00,2024,5,36,Natural disaster,775,752,Oromia,ET04,SA,Active
79219,Countrywide monitoring,Ethiopia,ETH,Oromia,ET04,Arsi,ET0408,2,520,2024-05-31T00:00:00,2024,5,36,Conflict,241,279,Oromia,ET04,SA,Active
79295,Countrywide monitoring,Ethiopia,ETH,Oromia,ET04,Bale,ET0411,2,4560,2024-05-31T00:00:00,2024,5,36,Conflict,2498,2062,Somali,ET05,SA,Active
79375,Countrywide monitoring,Ethiopia,ETH,Somali,ET05,Erer,ET0504,2,30239,2024-05-31T00:00:00,2024,5,36,Conflict,13427,16812,Oromia,ET04,SA,Active
79348,Countrywide monitoring,Ethiopia,ETH,Somali,ET05,Erer,ET0504,2,6199,2024-05-31T00:00:00,2024,5,36,Natural disaster,2914,3285,Somali,ET05,SA,Active
131034,Countrywide monitoring,Ethiopia,ETH,Afar,ET02,Hari /Zone 5,ET0205,2,3458,2024-05-31T00:00:00,2024,5,36,Natural disaster,1696,1762,Afar,ET02,SA,Active
131067,Countrywide monitoring,Ethiopia,ETH,Afar,ET02,Kilbati /Zone2,ET0202,2,5361,2024-05-31T00:00:00,2024,5,36,Natural disaster,2533,2828,Afar,ET02,SA,Active
131133,Countrywide monitoring,Ethiopia,ETH,Amhara,ET03,Bahir Dar City Admin,ET0314,2,162,2024-05-31T00:00:00,2024,5,36,Conflict,82,80,Benishangul-Gumuz,ET06,SA,Active
131086,Countrywide monitoring,Ethiopia,ETH,Afar,ET02,Kilbati /Zone2,ET0202,2,9837,2024-05-31T00:00:00,2024,5,36,Conflict,4906,4931,Afar,ET02,SA,Active
131099,Countrywide monitoring,Ethiopia,ETH,Afar,ET02,Mahi /Zone 6,ET0206,2,4106,2024-05-31T00:00:00,2024,5,36,Natural disaster,1928,2178,Afar,ET02,SA,Active
131100,Countrywide monitoring,Ethiopia,ETH,Afar,ET02,Mahi /Zone 6,ET0206,2,5176,2024-05-31T00:00:00,2024,5,36,Conflict,2551,2625,Afar,ET02,SA,Active
79384,Countrywide monitoring,Ethiopia,ETH,Somali,ET05,Fafan,ET0502,2,1742,2024-05-31T00:00:00,2024,5,36,Natural disaster,930,812,Somali,ET05,SA,Active
79423,Countrywide monitoring,Ethiopia,ETH,Somali,ET05,Fafan,ET0502,2,23810,2024-05-31T00:00:00,2024,5,36,Conflict,11597,12213,Somali,ET05,SA,Active
79450,Countrywide monitoring,Ethiopia,ETH,Somali,ET05,Fafan,ET0502,2,121495,2024-05-31T00:00:00,2024,5,36,Conflict,65043,56452,Oromia,ET04,SA,Active
79468,Countrywide monitoring,Ethiopia,ETH,Somali,ET05,Jarar,ET0503,2,225,2024-05-31T00:00:00,2024,5,36,Conflict,122,103,Oromia,ET04,SA,Active
79492,Countrywide monitoring,Ethiopia,ETH,Somali,ET05,Jarar,ET0503,2,26102,2024-05-31T00:00:00,2024,5,36,Natural disaster,13171,12931,Somali,ET05,SA,Active
73949,Countrywide monitoring,Ethiopia,ETH,Oromia,ET04,Kelem Wellega,ET0418,2,35570,2024-05-31T00:00:00,2024,5,36,Conflict,17103,18467,Oromia,ET04,SA,Active
73987,Countrywide monitoring,Ethiopia,ETH,Oromia,ET04,North Shewa (OR),ET0406,2,23338,2024-05-31T00:00:00,2024,5,36,Conflict,10725,12613,Oromia,ET04,SA,Active
74166,Countrywide monitoring,Ethiopia,ETH,Tigray,ET01,Central,ET0102,2,205896,2024-05-31T00:00:00,2024,5,36,Conflict,92040,113856,Tigray,ET01,SA,Active
74116,Countrywide monitoring,Ethiopia,ETH,Tigray,ET01,Central,ET0102,2,227,2024-05-31T00:00:00,2024,5,36,Conflict,101,126,Benishangul-Gumuz,ET06,SA,Active
74127,Countrywide monitoring,Ethiopia,ETH,Tigray,ET01,Central,ET0102,2,2220,2024-05-31T00:00:00,2024,5,36,Conflict,983,1237,Amhara,ET03,SA,Active
74100,Countrywide monitoring,Ethiopia,ETH,South West Ethiopia People,ET11,West Omo,ET1105,2,1052,2024-05-31T00:00:00,2024,5,36,Conflict,538,514,South West Ethiopia,ET11,SA,Active
74057,Countrywide monitoring,Ethiopia,ETH,South West Ethiopia People,ET11,Kefa,ET1102,2,636,2024-05-31T00:00:00,2024,5,36,Natural disaster,320,316,South West Ethiopia,ET11,SA,Active
74074,Countrywide monitoring,Ethiopia,ETH,South West Ethiopia People,ET11,Konta,ET1106,2,2934,2024-05-31T00:00:00,2024,5,36,Natural disaster,1367,1567,South West Ethiopia,ET11,SA,Active
74067,Countrywide monitoring,Ethiopia,ETH,South West Ethiopia People,ET11,Konta,ET1106,2,1384,2024-05-31T00:00:00,2024,5,36,Conflict,664,720,Oromia,ET04,SA,Active
73783,Countrywide monitoring,Ethiopia,ETH,Amhara,ET03,Oromia,ET0310,2,3529,2024-05-31T00:00:00,2024,5,36,Conflict,1605,1924,Oromia,ET04,SA,Active
73791,Countrywide monitoring,Ethiopia,ETH,Amhara,ET03,Oromia,ET0310,2,14225,2024-05-31T00:00:00,2024,5,36,Conflict,6700,7525,Amhara,ET03,SA,Active
73896,Countrywide monitoring,Ethiopia,ETH,Oromia,ET04,Jimma,ET0404,2,8972,2024-05-31T00:00:00,2024,5,36,Natural disaster,4243,4729,Oromia,ET04,SA,Active
73891,Countrywide monitoring,Ethiopia,ETH,Oromia,ET04,Jimma,ET0404,2,8167,2024-05-31T00:00:00,2024,5,36,Other reason,3993,4174,Oromia,ET04,SA,Active
73848,Countrywide monitoring,Ethiopia,ETH,Amhara,ET03,South Wello,ET0304,2,73,2024-05-31T00:00:00,2024,5,36,Conflict,29,44,Somali,ET05,SA,Active
73729,Countrywide monitoring,Ethiopia,ETH,Amhara,ET03,North Wello,ET0303,2,24737,2024-05-31T00:00:00,2024,5,36,Conflict,10574,14163,Oromia,ET04,SA,Active
73725,Countrywide monitoring,Ethiopia,ETH,Amhara,ET03,North Wello,ET0303,2,17725,2024-05-31T00:00:00,2024,5,36,Conflict,7872,9853,Tigray,ET01,SA,Active
35179,Countrywide monitoring,Ethiopia,ETH,Afar,ET02,Gabi /Zone 3,ET0203,2,23564,2024-05-31T00:00:00,2024,5,36,Natural disaster,11106,12458,Afar,ET02,SA,Active
35151,Countrywide monitoring,Ethiopia,ETH,Afar,ET02,Gabi /Zone 3,ET0203,2,13207,2024-05-31T00:00:00,2024,5,36,Conflict,5974,7233,Afar,ET02,SA,Active
35101,Countrywide monitoring,Ethiopia,ETH,Afar,ET02,Fanti /Zone 4,ET0204,2,509,2024-05-31T00:00:00,2024,5,36,Natural disaster,246,263,Afar,ET02,SA,Active
35104,Countrywide monitoring,Ethiopia,ETH,Afar,ET02,Fanti /Zone 4,ET0204,2,603,2024-05-31T00:00:00,2024,5,36,Other reason,339,264,Afar,ET02,SA,Active
35090,Countrywide monitoring,Ethiopia,ETH,Afar,ET02,Awsi /Zone 1,ET0201,2,15970,2024-05-31T00:00:00,2024,5,36,Natural disaster,8106,7864,Afar,ET02,SA,Active
44740,Countrywide monitoring,Ethiopia,ETH,Oromia,ET04,Borena,ET0412,2,15465,2024-05-31T00:00:00,2024,5,36,Conflict,7619,7846,Oromia,ET04,SA,Active
44757,Countrywide monitoring,Ethiopia,ETH,Oromia,ET04,Borena,ET0412,2,45960,2024-05-31T00:00:00,2024,5,36,Natural disaster,22215,23745,Oromia,ET04,SA,Active
44748,Countrywide monitoring,Ethiopia,ETH,Oromia,ET04,Borena,ET0412,2,33933,2024-05-31T00:00:00,2024,5,36,Conflict,16806,17127,Somali,ET05,SA,Active
44813,Countrywide monitoring,Ethiopia,ETH,Oromia,ET04,East Bale,ET0421,2,404,2024-05-31T00:00:00,2024,5,36,Natural disaster,197,207,Oromia,ET04,SA,Active
44806,Countrywide monitoring,Ethiopia,ETH,Oromia,ET04,Buno Bedele,ET0416,2,8385,2024-05-31T00:00:00,2024,5,36,Other reason,3717,4668,Oromia,ET04,SA,Active
44864,Countrywide monitoring,Ethiopia,ETH,Oromia,ET04,East Borena,ET0422,2,18255,2024-05-31T00:00:00,2024,5,36,Conflict,9417,8838,Somali,ET05,SA,Active
44816,Countrywide monitoring,Ethiopia,ETH,Oromia,ET04,East Bale,ET0421,2,2550,2024-05-31T00:00:00,2024,5,36,Conflict,1190,1360,Oromia,ET04,SA,Active
44829,Countrywide monitoring,Ethiopia,ETH,Oromia,ET04,East Bale,ET0421,2,6667,2024-05-31T00:00:00,2024,5,36,Conflict,3192,3475,Somali,ET05,SA,Active
44897,Countrywide monitoring,Ethiopia,ETH,Somali,ET05,Korahe,ET0505,2,14979,2024-05-31T00:00:00,2024,5,36,Natural disaster,6823,8156,Somali,ET05,SA,Active
44895,Countrywide monitoring,Ethiopia,ETH,Somali,ET05,Korahe,ET0505,2,1401,2024-05-31T00:00:00,2024,5,36,Conflict,599,802,Oromia,ET04,SA,Active
44885,Countrywide monitoring,Ethiopia,ETH,Somali,ET05,Korahe,ET0505,2,918,2024-05-31T00:00:00,2024,5,36,Conflict,424,494,Somali,ET05,SA,Active
44940,Countrywide monitoring,Ethiopia,ETH,Somali,ET05,Liban,ET0509,2,1863,2024-05-31T00:00:00,2024,5,36,Natural disaster,1082,781,Oromia,ET04,SA,Active
45051,Countrywide monitoring,Ethiopia,ETH,Somali,ET05,Nogob,ET0510,2,49909,2024-05-31T00:00:00,2024,5,36,Natural disaster,21819,28090,Somali,ET05,SA,Active
45025,Countrywide monitoring,Ethiopia,ETH,Somali,ET05,Nogob,ET0510,2,809,2024-05-31T00:00:00,2024,5,36,Conflict,308,501,Oromia,ET04,SA,Active
45002,Countrywide monitoring,Ethiopia,ETH,Somali,ET05,Liban,ET0509,2,95624,2024-05-31T00:00:00,2024,5,36,Natural disaster,47921,47703,Somali,ET05,SA,Active
45009,Countrywide monitoring,Ethiopia,ETH,Somali,ET05,Liban,ET0509,2,133893,2024-05-31T00:00:00,2024,5,36,Conflict,64435,69458,Oromia,ET04,SA,Active
44973,Countrywide monitoring,Ethiopia,ETH,Somali,ET05,Liban,ET0509,2,39982,2024-05-31T00:00:00,2024,5,36,Conflict,21048,18934,Somali,ET05,SA,Active
44817,Countrywide monitoring,Ethiopia,ETH,Oromia,ET04,East Bale,ET0421,2,2563,2024-08-31T00:00:00,2024,8,37,Conflict,1196,1367,Oromia,ET04,SA,Active
44835,Countrywide monitoring,Ethiopia,ETH,Oromia,ET04,East Bale,ET0421,2,11480,2024-08-31T00:00:00,2024,8,37,Conflict,5577,5903,Somali,ET05,SA,Active
44865,Countrywide monitoring,Ethiopia,ETH,Oromia,ET04,East Borena,ET0422,2,18946,2024-08-31T00:00:00,2024,8,37,Other reason,9320,9626,Oromia,ET04,SA,Active
44851,Countrywide monitoring,Ethiopia,ETH,Oromia,ET04,East Borena,ET0422,2,1497,2024-08-31T00:00:00,2024,8,37,Other reason,737,760,Somali,ET05,SA,Active
44863,Countrywide monitoring,Ethiopia,ETH,Oromia,ET04,East Borena,ET0422,2,17582,2024-08-31T00:00:00,2024,8,37,Conflict,8754,8828,Somali,ET05,SA,Active
44807,Countrywide monitoring,Ethiopia,ETH,Oromia,ET04,Buno Bedele,ET0416,2,8396,2024-08-31T00:00:00,2024,8,37,Natural disaster,3722,4674,Oromia,ET04,SA,Active
44810,Countrywide monitoring,Ethiopia,ETH,Oromia,ET04,East Bale,ET0421,2,155,2024-08-31T00:00:00,2024,8,37,Other reason,76,79,Somali,ET05,SA,Active
44743,Countrywide monitoring,Ethiopia,ETH,Oromia,ET04,Borena,ET0412,2,26005,2024-08-31T00:00:00,2024,8,37,Natural disaster,12612,13393,Oromia,ET04,SA,Active
44733,Countrywide monitoring,Ethiopia,ETH,Oromia,ET04,Borena,ET0412,2,12237,2024-08-31T00:00:00,2024,8,37,Other reason,6187,6050,Somali,ET05,SA,Active
44736,Countrywide monitoring,Ethiopia,ETH,Oromia,ET04,Borena,ET0412,2,15211,2024-08-31T00:00:00,2024,8,37,Conflict,7557,7654,Somali,ET05,SA,Active
44711,Countrywide monitoring,Ethiopia,ETH,Oromia,ET04,Borena,ET0412,2,1396,2024-08-31T00:00:00,2024,8,37,Other reason,694,702,Oromia,ET04,SA,Active
44719,Countrywide monitoring,Ethiopia,ETH,Oromia,ET04,Borena,ET0412,2,2930,2024-08-31T00:00:00,2024,8,37,Conflict,1466,1464,Oromia,ET04,SA,Active
35093,Countrywide monitoring,Ethiopia,ETH,Afar,ET02,Awsi /Zone 1,ET0201,2,19501,2024-08-31T00:00:00,2024,8,37,Natural disaster,9769,9732,Afar,ET02,SA,Active
35116,Countrywide monitoring,Ethiopia,ETH,Afar,ET02,Fanti /Zone 4,ET0204,2,3110,2024-08-31T00:00:00,2024,8,37,Natural disaster,1394,1716,Afar,ET02,SA,Active
35180,Countrywide monitoring,Ethiopia,ETH,Afar,ET02,Gabi /Zone 3,ET0203,2,25192,2024-08-31T00:00:00,2024,8,37,Conflict,11740,13452,Afar,ET02,SA,Active
35178,Countrywide monitoring,Ethiopia,ETH,Afar,ET02,Gabi /Zone 3,ET0203,2,22388,2024-08-31T00:00:00,2024,8,37,Natural disaster,10803,11585,Afar,ET02,SA,Active
73728,Countrywide monitoring,Ethiopia,ETH,Amhara,ET03,North Wello,ET0303,2,22128,2024-08-31T00:00:00,2024,8,37,Conflict,9691,12437,Oromia,ET04,SA,Active
73700,Countrywide monitoring,Ethiopia,ETH,Amhara,ET03,North Wello,ET0303,2,415,2024-08-31T00:00:00,2024,8,37,Conflict,193,222,Addis Ababa,ET14,SA,Active
73701,Countrywide monitoring,Ethiopia,ETH,Amhara,ET03,North Wello,ET0303,2,492,2024-08-31T00:00:00,2024,8,37,Other reason,229,263,Oromia,ET04,SA,Active
73703,Countrywide monitoring,Ethiopia,ETH,Amhara,ET03,North Wello,ET0303,2,616,2024-08-31T00:00:00,2024,8,37,Conflict,304,312,Amhara,ET03,SA,Active
73721,Countrywide monitoring,Ethiopia,ETH,Amhara,ET03,North Wello,ET0303,2,8762,2024-08-31T00:00:00,2024,8,37,Conflict,4375,4387,Tigray,ET01,SA,Active
73863,Countrywide monitoring,Ethiopia,ETH,Amhara,ET03,South Wello,ET0304,2,300,2024-08-31T00:00:00,2024,8,37,Conflict,150,150,Not available,Not available,SA,Active
73854,Countrywide monitoring,Ethiopia,ETH,Amhara,ET03,South Wello,ET0304,2,160,2024-08-31T00:00:00,2024,8,37,Conflict,69,91,South West Ethiopia,ET11,SA,Active
73789,Countrywide monitoring,Ethiopia,ETH,Amhara,ET03,Oromia,ET0310,2,12020,2024-08-31T00:00:00,2024,8,37,Conflict,5599,6421,Amhara,ET03,SA,Active
73784,Countrywide monitoring,Ethiopia,ETH,Amhara,ET03,Oromia,ET0310,2,3691,2024-08-31T00:00:00,2024,8,37,Conflict,1723,1968,Oromia,ET04,SA,Active
74075,Countrywide monitoring,Ethiopia,ETH,South West Ethiopia People,ET11,Konta,ET1106,2,3065,2024-08-31T00:00:00,2024,8,37,Natural disaster,1441,1624,South West Ethiopia,ET11,SA,Active
74058,Countrywide monitoring,Ethiopia,ETH,South West Ethiopia People,ET11,Kefa,ET1102,2,645,2024-08-31T00:00:00,2024,8,37,Natural disaster,324,321,South West Ethiopia,ET11,SA,Active
74064,Countrywide monitoring,Ethiopia,ETH,South West Ethiopia People,ET11,Konta,ET1106,2,1307,2024-08-31T00:00:00,2024,8,37,Conflict,643,664,Oromia,ET04,SA,Active
74089,Countrywide monitoring,Ethiopia,ETH,South West Ethiopia People,ET11,West Omo,ET1105,2,393,2024-08-31T00:00:00,2024,8,37,Conflict,207,186,Not available,Not available,SA,Active
74119,Countrywide monitoring,Ethiopia,ETH,Tigray,ET01,Central,ET0102,2,336,2024-08-31T00:00:00,2024,8,37,Conflict,175,161,Oromia,ET04,SA,Active
74181,Countrywide monitoring,Ethiopia,ETH,Tigray,ET01,Eastern,ET0103,2,255,2024-08-31T00:00:00,2024,8,37,Conflict,125,130,Amhara,ET03,SA,Active
74202,Countrywide monitoring,Ethiopia,ETH,Tigray,ET01,Eastern,ET0103,2,925,2024-08-31T00:00:00,2024,8,37,Conflict,416,509,Oromia,ET04,SA,Active
74164,Countrywide monitoring,Ethiopia,ETH,Tigray,ET01,Central,ET0102,2,191739,2024-08-31T00:00:00,2024,8,37,Conflict,90829,100910,Tigray,ET01,SA,Active
74136,Countrywide monitoring,Ethiopia,ETH,Tigray,ET01,Central,ET0102,2,4154,2024-08-31T00:00:00,2024,8,37,Conflict,1960,2194,Amhara,ET03,SA,Active
73988,Countrywide monitoring,Ethiopia,ETH,Oromia,ET04,North Shewa (OR),ET0406,2,30095,2024-08-31T00:00:00,2024,8,37,Conflict,14085,16010,Oromia,ET04,SA,Active
74053,Countrywide monitoring,Ethiopia,ETH,Oromia,ET04,South West Shewa,ET0413,2,270,2024-08-31T00:00:00,2024,8,37,Other reason,128,142,Oromia,ET04,SA,Active
73912,Countrywide monitoring,Ethiopia,ETH,Oromia,ET04,Jimma,ET0404,2,12659,2024-08-31T00:00:00,2024,8,37,Natural disaster,6014,6645,Oromia,ET04,SA,Active
73937,Countrywide monitoring,Ethiopia,ETH,Oromia,ET04,Kelem Wellega,ET0418,2,21267,2024-08-31T00:00:00,2024,8,37,Conflict,10508,10759,Oromia,ET04,SA,Active
131101,Countrywide monitoring,Ethiopia,ETH,Afar,ET02,Mahi /Zone 6,ET0206,2,27941,2024-08-31T00:00:00,2024,8,37,Conflict,13663,14278,Afar,ET02,SA,Active
131098,Countrywide monitoring,Ethiopia,ETH,Afar,ET02,Mahi /Zone 6,ET0206,2,3213,2024-08-31T00:00:00,2024,8,37,Natural disaster,1558,1655,Afar,ET02,SA,Active
131094,Countrywide monitoring,Ethiopia,ETH,Afar,ET02,Kilbati /Zone2,ET0202,2,14440,2024-08-31T00:00:00,2024,8,37,Conflict,7038,7402,Afar,ET02,SA,Active
131068,Countrywide monitoring,Ethiopia,ETH,Afar,ET02,Kilbati /Zone2,ET0202,2,5398,2024-08-31T00:00:00,2024,8,37,Natural disaster,2551,2847,Afar,ET02,SA,Active
131018,Countrywide monitoring,Ethiopia,ETH,Afar,ET02,Hari /Zone 5,ET0205,2,2584,2024-08-31T00:00:00,2024,8,37,Natural disaster,1233,1351,Afar,ET02,SA,Active
79293,Countrywide monitoring,Ethiopia,ETH,Oromia,ET04,Bale,ET0411,2,4255,2024-08-31T00:00:00,2024,8,37,Conflict,2330,1925,Oromia,ET04,SA,Active
79279,Countrywide monitoring,Ethiopia,ETH,Oromia,ET04,Arsi,ET0408,2,3314,2024-08-31T00:00:00,2024,8,37,Natural disaster,1541,1773,Oromia,ET04,SA,Active
79189,Countrywide monitoring,Ethiopia,ETH,Harari,ET13,Harari,ET1301,2,775,2024-08-31T00:00:00,2024,8,37,Conflict,342,433,Somali,ET05,SA,Active
79145,Countrywide monitoring,Ethiopia,ETH,Gambela,ET12,Nuwer,ET1201,2,10306,2024-08-31T00:00:00,2024,8,37,Conflict,5047,5259,Gambela,ET12,SA,Active
74237,Countrywide monitoring,Ethiopia,ETH,Tigray,ET01,Eastern,ET0103,2,77839,2024-08-31T00:00:00,2024,8,37,Conflict,34781,43058,Tigray,ET01,SA,Active
74225,Countrywide monitoring,Ethiopia,ETH,Tigray,ET01,Eastern,ET0103,2,7177,2024-08-31T00:00:00,2024,8,37,Conflict,3313,3864,Afar,ET02,SA,Active
135158,Countrywide monitoring,Ethiopia,ETH,Central Ethiopia,ET07,Yem,ET0724,2,230,2024-08-31T00:00:00,2024,8,37,Natural disaster,112,118,Central Ethiopia,ET07,SA,Active
135171,Countrywide monitoring,Ethiopia,ETH,Contested,ET99,3,ET9903,2,152,2024-08-31T00:00:00,2024,8,37,Conflict,86,66,Oromia,ET04,SA,Active
135172,Countrywide monitoring,Ethiopia,ETH,Contested,ET99,3,ET9903,2,851,2024-08-31T00:00:00,2024,8,37,Conflict,449,402,Afar,ET02,SA,Active
135173,Countrywide monitoring,Ethiopia,ETH,Contested,ET99,3,ET9903,2,1107,2024-08-31T00:00:00,2024,8,37,Conflict,429,678,Not available,Not available,SA,Active
135174,Countrywide monitoring,Ethiopia,ETH,Contested,ET99,3,ET9903,2,1352,2024-08-31T00:00:00,2024,8,37,Conflict,523,829,Amhara,ET03,SA,Active
135175,Countrywide monitoring,Ethiopia,ETH,Contested,ET99,3,ET9903,2,8313,2024-08-31T00:00:00,2024,8,37,Conflict,3991,4322,Tigray,ET01,SA,Active
135213,Countrywide monitoring,Ethiopia,ETH,Gambela,ET12,Agnewak,ET1202,2,707,2024-08-31T00:00:00,2024,8,37,Natural disaster,304,403,Gambela,ET12,SA,Active
135234,Countrywide monitoring,Ethiopia,ETH,Gambela,ET12,Agnewak,ET1202,2,4457,2024-08-31T00:00:00,2024,8,37,Conflict,2125,2332,Gambela,ET12,SA,Active
135265,Countrywide monitoring,Ethiopia,ETH,Gambela,ET12,Majang,ET1203,2,150,2024-08-31T00:00:00,2024,8,37,Natural disaster,71,79,Gambela,ET12,SA,Active
135272,Countrywide monitoring,Ethiopia,ETH,Gambela,ET12,Nuwer,ET1201,2,623,2024-08-31T00:00:00,2024,8,37,Natural disaster,297,326,Gambela,ET12,SA,Active
135146,Countrywide monitoring,Ethiopia,ETH,Central Ethiopia,ET07,Tembaro SP woreda,ET0726,2,110,2024-08-31T00:00:00,2024,8,37,Conflict,53,57,Central Ethiopia,ET07,SA,Active
135147,Countrywide monitoring,Ethiopia,ETH,Central Ethiopia,ET07,Tembaro SP woreda,ET0726,2,292,2024-08-31T00:00:00,2024,8,37,Conflict,147,145,South West Ethiopia,ET11,SA,Active
135130,Countrywide monitoring,Ethiopia,ETH,Central Ethiopia,ET07,Siltie,ET0720,2,2708,2024-08-31T00:00:00,2024,8,37,Natural disaster,1176,1532,Not available,Not available,SA,Active
135131,Countrywide monitoring,Ethiopia,ETH,Central Ethiopia,ET07,Siltie,ET0720,2,2779,2024-08-31T00:00:00,2024,8,37,Conflict,1313,1466,Oromia,ET04,SA,Active
135128,Countrywide monitoring,Ethiopia,ETH,Central Ethiopia,ET07,Siltie,ET0720,2,1320,2024-08-31T00:00:00,2024,8,37,Conflict,602,718,Somali,ET05,SA,Active
131339,Countrywide monitoring,Ethiopia,ETH,Oromia,ET04,East Wellega,ET0402,2,9123,2024-08-31T00:00:00,2024,8,37,Conflict,4150,4973,Benishangul-Gumuz,ET06,SA,Active
131252,Countrywide monitoring,Ethiopia,ETH,Oromia,ET04,East Hararge,ET0410,2,62266,2024-08-31T00:00:00,2024,8,37,Conflict,29819,32447,Somali,ET05,SA,Active
131225,Countrywide monitoring,Ethiopia,ETH,Oromia,ET04,East Hararge,ET0410,2,985,2024-08-31T00:00:00,2024,8,37,Natural disaster,462,523,Oromia,ET04,SA,Active
131242,Countrywide monitoring,Ethiopia,ETH,Oromia,ET04,East Hararge,ET0410,2,37634,2024-08-31T00:00:00,2024,8,37,Conflict,17415,20219,Oromia,ET04,SA,Active
131175,Countrywide monitoring,Ethiopia,ETH,Amhara,ET03,Central Gondar,ET0311,2,3404,2024-08-31T00:00:00,2024,8,37,Conflict,1418,1986,Tigray,ET01,SA,Active
131183,Countrywide monitoring,Ethiopia,ETH,Oromia,ET04,East Borena,ET0422,2,25237,2024-08-31T00:00:00,2024,8,37,Natural disaster,12469,12768,Oromia,ET04,SA,Active
131180,Countrywide monitoring,Ethiopia,ETH,Oromia,ET04,East Borena,ET0422,2,23683,2024-08-31T00:00:00,2024,8,37,Conflict,11421,12262,Oromia,ET04,SA,Active
131158,Countrywide monitoring,Ethiopia,ETH,Amhara,ET03,Central Gondar,ET0311,2,536,2024-08-31T00:00:00,2024,8,37,Conflict,267,269,Oromia,ET04,SA,Active
131156,Countrywide monitoring,Ethiopia,ETH,Amhara,ET03,Central Gondar,ET0311,2,315,2024-08-31T00:00:00,2024,8,37,Conflict,139,176,Benishangul-Gumuz,ET06,SA,Active
141085,Countrywide monitoring,Ethiopia,ETH,Oromia,ET04,Jimma,ET0404,2,546,2024-08-31T00:00:00,2024,8,37,Conflict,274,272,Somali,ET05,SA,Active
141096,Countrywide monitoring,Ethiopia,ETH,Oromia,ET04,Jimma,ET0404,2,4641,2024-08-31T00:00:00,2024,8,37,Other reason,2291,2350,Oromia,ET04,SA,Active
141054,Countrywide monitoring,Ethiopia,ETH,Oromia,ET04,Horo Gudru Wellega,ET0419,2,68464,2024-08-31T00:00:00,2024,8,37,Conflict,33989,34475,Oromia,ET04,SA,Active
141048,Countrywide monitoring,Ethiopia,ETH,Oromia,ET04,Horo Gudru Wellega,ET0419,2,445,2024-08-31T00:00:00,2024,8,37,Natural disaster,205,240,Oromia,ET04,SA,Active
141025,Countrywide monitoring,Ethiopia,ETH,Oromia,ET04,Guji,ET0414,2,39438,2024-08-31T00:00:00,2024,8,37,Other reason,19428,20010,Oromia,ET04,SA,Active
147532,Countrywide monitoring,Ethiopia,ETH,Tigray,ET01,Mekelle,ET0107,2,10478,2024-08-31T00:00:00,2024,8,37,Conflict,4901,5577,Afar,ET02,SA,Active
147548,Countrywide monitoring,Ethiopia,ETH,Tigray,ET01,Mekelle,ET0107,2,105008,2024-08-31T00:00:00,2024,8,37,Conflict,46838,58170,Tigray,ET01,SA,Active
147517,Countrywide monitoring,Ethiopia,ETH,Tigray,ET01,Mekelle,ET0107,2,1085,2024-08-31T00:00:00,2024,8,37,Conflict,497,588,Not available,Not available,SA,Active
147612,Countrywide monitoring,Ethiopia,ETH,Tigray,ET01,South Eastern,ET0106,2,1412,2024-08-31T00:00:00,2024,8,37,Other reason,711,701,Afar,ET02,SA,Active
147618,Countrywide monitoring,Ethiopia,ETH,Tigray,ET01,South Eastern,ET0106,2,2415,2024-08-31T00:00:00,2024,8,37,Conflict,1123,1292,Oromia,ET04,SA,Active
147610,Countrywide monitoring,Ethiopia,ETH,Tigray,ET01,South Eastern,ET0106,2,1279,2024-08-31T00:00:00,2024,8,37,Other reason,583,696,Oromia,ET04,SA,Active
147608,Countrywide monitoring,Ethiopia,ETH,Tigray,ET01,South Eastern,ET0106,2,1003,2024-08-31T00:00:00,2024,8,37,Conflict,446,557,Amhara,ET03,SA,Active
147602,Countrywide monitoring,Ethiopia,ETH,Tigray,ET01,South Eastern,ET0106,2,517,2024-08-31T00:00:00,2024,8,37,Other reason,247,270,Tigray,ET01,SA,Active
147558,Countrywide monitoring,Ethiopia,ETH,Tigray,ET01,North Western,ET0101,2,1804,2024-08-31T00:00:00,2024,8,37,Conflict,881,923,Amhara,ET03,SA,Active
147576,Countrywide monitoring,Ethiopia,ETH,Tigray,ET01,North Western,ET0101,2,308102,2024-08-31T00:00:00,2024,8,37,Conflict,144992,163110,Tigray,ET01,SA,Active
150365,Countrywide monitoring,Ethiopia,ETH,South West Ethiopia People,ET11,Dawuro,ET1104,2,195,2024-08-31T00:00:00,2024,8,37,Conflict,100,95,Oromia,ET04,SA,Active
150347,Countrywide monitoring,Ethiopia,ETH,South West Ethiopia People,ET11,Bench Sheko,ET1103,2,706,2024-08-31T00:00:00,2024,8,37,Conflict,352,354,South West Ethiopia,ET11,SA,Active
150339,Countrywide monitoring,Ethiopia,ETH,South West Ethiopia People,ET11,Bench Sheko,ET1103,2,305,2024-08-31T00:00:00,2024,8,37,Natural disaster,130,175,South West Ethiopia,ET11,SA,Active
147641,Countrywide monitoring,Ethiopia,ETH,Tigray,ET01,Southern,ET0104,2,39,2024-08-31T00:00:00,2024,8,37,Conflict,22,17,Addis Ababa,ET14,SA,Active
147632,Countrywide monitoring,Ethiopia,ETH,Tigray,ET01,South Eastern,ET0106,2,8276,2024-08-31T00:00:00,2024,8,37,Conflict,3900,4376,Tigray,ET01,SA,Active
147630,Countrywide monitoring,Ethiopia,ETH,Tigray,ET01,South Eastern,ET0106,2,5261,2024-08-31T00:00:00,2024,8,37,Conflict,2510,2751,Afar,ET02,SA,Active
147674,Countrywide monitoring,Ethiopia,ETH,Tigray,ET01,Southern,ET0104,2,940,2024-08-31T00:00:00,2024,8,37,Conflict,497,443,Amhara,ET03,SA,Active
147684,Countrywide monitoring,Ethiopia,ETH,Tigray,ET01,Southern,ET0104,2,1286,2024-08-31T00:00:00,2024,8,37,Conflict,751,535,Afar,ET02,SA,Active
147693,Countrywide monitoring,Ethiopia,ETH,Tigray,ET01,Southern,ET0104,2,2694,2024-08-31T00:00:00,2024,8,37,Conflict,1303,1391,Oromia,ET04,SA,Active
140932,Countrywide monitoring,Ethiopia,ETH,Oromia,ET04,East Wellega,ET0402,2,52257,2024-08-31T00:00:00,2024,8,37,Conflict,25044,27213,Oromia,ET04,SA,Active
140991,Countrywide monitoring,Ethiopia,ETH,Oromia,ET04,Guji,ET0414,2,4176,2024-08-31T00:00:00,2024,8,37,Conflict,2034,2142,Oromia,ET04,SA,Active
140893,Countrywide monitoring,Ethiopia,ETH,Amhara,ET03,North Shewa (AM),ET0305,2,27289,2024-08-31T00:00:00,2024,8,37,Conflict,13433,13856,Oromia,ET04,SA,Active
140869,Countrywide monitoring,Ethiopia,ETH,Amhara,ET03,North Shewa (AM),ET0305,2,834,2024-08-31T00:00:00,2024,8,37,Other reason,415,419,Oromia,ET04,SA,Active
140881,Countrywide monitoring,Ethiopia,ETH,Amhara,ET03,North Shewa (AM),ET0305,2,6863,2024-08-31T00:00:00,2024,8,37,Conflict,3236,3627,Not available,Not available,SA,Active
140882,Countrywide monitoring,Ethiopia,ETH,Amhara,ET03,North Shewa (AM),ET0305,2,7340,2024-08-31T00:00:00,2024,8,37,Conflict,3496,3844,Amhara,ET03,SA,Active
140860,Countrywide monitoring,Ethiopia,ETH,Amhara,ET03,North Shewa (AM),ET0305,2,357,2024-08-31T00:00:00,2024,8,37,Other reason,173,184,Not available,Not available,SA,Active
138377,Countrywide monitoring,Ethiopia,ETH,Oromia,ET04,West Hararge,ET0409,2,1737,2024-08-31T00:00:00,2024,8,37,Natural disaster,849,888,Oromia,ET04,SA,Active
138394,Countrywide monitoring,Ethiopia,ETH,Oromia,ET04,West Hararge,ET0409,2,6427,2024-08-31T00:00:00,2024,8,37,Conflict,3195,3232,Somali,ET05,SA,Active
138403,Countrywide monitoring,Ethiopia,ETH,Oromia,ET04,West Hararge,ET0409,2,13982,2024-08-31T00:00:00,2024,8,37,Conflict,7156,6826,Oromia,ET04,SA,Active
140852,Countrywide monitoring,Ethiopia,ETH,Amhara,ET03,North Shewa (AM),ET0305,2,230,2024-08-31T00:00:00,2024,8,37,Conflict,114,116,Benishangul-Gumuz,ET06,SA,Active
140836,Countrywide monitoring,Ethiopia,ETH,Amhara,ET03,North Shewa (AM),ET0305,2,154,2024-08-31T00:00:00,2024,8,37,Conflict,72,82,South West Ethiopia,ET11,SA,Active
140822,Countrywide monitoring,Ethiopia,ETH,Amhara,ET03,North Gondar,ET0301,2,13017,2024-08-31T00:00:00,2024,8,37,Conflict,5661,7356,Tigray,ET01,SA,Active
138309,Countrywide monitoring,Ethiopia,ETH,Oromia,ET04,West Arsi,ET0417,2,2698,2024-08-31T00:00:00,2024,8,37,Conflict,1352,1346,Oromia,ET04,SA,Active
138287,Countrywide monitoring,Ethiopia,ETH,Oromia,ET04,West Arsi,ET0417,2,1187,2024-08-31T00:00:00,2024,8,37,Natural disaster,571,616,Oromia,ET04,SA,Active
138347,Countrywide monitoring,Ethiopia,ETH,Oromia,ET04,West Guji,ET0415,2,25178,2024-08-31T00:00:00,2024,8,37,Natural disaster,12228,12950,Oromia,ET04,SA,Active
138362,Countrywide monitoring,Ethiopia,ETH,Oromia,ET04,West Guji,ET0415,2,85174,2024-08-31T00:00:00,2024,8,37,Other reason,40299,44875,Oromia,ET04,SA,Active
138339,Countrywide monitoring,Ethiopia,ETH,Oromia,ET04,West Guji,ET0415,2,4183,2024-08-31T00:00:00,2024,8,37,Conflict,1993,2190,Oromia,ET04,SA,Active
138226,Countrywide monitoring,Ethiopia,ETH,Oromia,ET04,South West Shewa,ET0413,2,343,2024-08-31T00:00:00,2024,8,37,Conflict,162,181,Somali,ET05,SA,Active
138238,Countrywide monitoring,Ethiopia,ETH,Oromia,ET04,West Arsi,ET0417,2,94,2024-08-31T00:00:00,2024,8,37,Conflict,46,48,Sidama,ET16,SA,Active
138235,Countrywide monitoring,Ethiopia,ETH,Oromia,ET04,South West Shewa,ET0413,2,13796,2024-08-31T00:00:00,2024,8,37,Conflict,5765,8031,Oromia,ET04,SA,Active
138261,Countrywide monitoring,Ethiopia,ETH,Oromia,ET04,West Arsi,ET0417,2,518,2024-08-31T00:00:00,2024,8,37,Conflict,255,263,Somali,ET05,SA,Active
138060,Countrywide monitoring,Ethiopia,ETH,Amhara,ET03,South Wello,ET0304,2,1679,2024-08-31T00:00:00,2024,8,37,Conflict,858,821,Afar,ET02,SA,Active
138075,Countrywide monitoring,Ethiopia,ETH,Amhara,ET03,South Wello,ET0304,2,21382,2024-08-31T00:00:00,2024,8,37,Conflict,10221,11161,Oromia,ET04,SA,Active
138116,Countrywide monitoring,Ethiopia,ETH,Amhara,ET03,Wag Hamra,ET0308,2,16233,2024-08-31T00:00:00,2024,8,37,Conflict,7815,8418,Tigray,ET01,SA,Active
138117,Countrywide monitoring,Ethiopia,ETH,Amhara,ET03,Wag Hamra,ET0308,2,16278,2024-08-31T00:00:00,2024,8,37,Conflict,7353,8925,Amhara,ET03,SA,Active
138105,Countrywide monitoring,Ethiopia,ETH,Amhara,ET03,Wag Hamra,ET0308,2,1343,2024-08-31T00:00:00,2024,8,37,Conflict,652,691,Oromia,ET04,SA,Active
136782,Countrywide monitoring,Ethiopia,ETH,Central Ethiopia,ET07,Hadiya,ET0702,2,12671,2024-08-31T00:00:00,2024,8,37,Conflict,6099,6572,South West Ethiopia,ET11,SA,Active
136769,Countrywide monitoring,Ethiopia,ETH,Central Ethiopia,ET07,Hadiya,ET0702,2,4016,2024-08-31T00:00:00,2024,8,37,Conflict,1888,2128,Somali,ET05,SA,Active
136818,Countrywide monitoring,Ethiopia,ETH,Central Ethiopia,ET07,Mareko SP woreda,ET0725,2,2053,2024-08-31T00:00:00,2024,8,37,Conflict,965,1088,Central Ethiopia,ET07,SA,Active
136810,Countrywide monitoring,Ethiopia,ETH,Central Ethiopia,ET07,Kembata,ET0703,2,9056,2024-08-31T00:00:00,2024,8,37,Conflict,4451,4605,South West Ethiopia,ET11,SA,Active
136800,Countrywide monitoring,Ethiopia,ETH,Central Ethiopia,ET07,Kembata,ET0703,2,2378,2024-08-31T00:00:00,2024,8,37,Other reason,1150,1228,South West Ethiopia,ET11,SA,Active
136887,Countrywide monitoring,Ethiopia,ETH,Oromia,ET04,West Shewa,ET0405,2,18763,2024-08-31T00:00:00,2024,8,37,Conflict,9120,9643,Oromia,ET04,SA,Active
136872,Countrywide monitoring,Ethiopia,ETH,Oromia,ET04,West Shewa,ET0405,2,368,2024-08-31T00:00:00,2024,8,37,Conflict,188,180,Not available,Not available,SA,Active
136928,Countrywide monitoring,Ethiopia,ETH,Sidama,ET16,Central,ET1603,2,528,2024-08-31T00:00:00,2024,8,37,Natural disaster,240,288,Tigray,ET01,SA,Active
136929,Countrywide monitoring,Ethiopia,ETH,Sidama,ET16,Central,ET1603,2,749,2024-08-31T00:00:00,2024,8,37,Conflict,366,383,South West Ethiopia,ET11,SA,Active
136930,Countrywide monitoring,Ethiopia,ETH,Sidama,ET16,Eastern,ET1605,2,132,2024-08-31T00:00:00,2024,8,37,Conflict,61,71,South Ethiopian,ET08,SA,Active
136931,Countrywide monitoring,Ethiopia,ETH,Sidama,ET16,Eastern,ET1605,2,6020,2024-08-31T00:00:00,2024,8,37,Conflict,3021,2999,Oromia,ET04,SA,Active
136932,Countrywide monitoring,Ethiopia,ETH,Sidama,ET16,Eastern,ET1605,2,6760,2024-08-31T00:00:00,2024,8,37,Conflict,3479,3281,Sidama,ET16,SA,Active
136933,Countrywide monitoring,Ethiopia,ETH,Sidama,ET16,Northern,ET1602,2,404,2024-08-31T00:00:00,2024,8,37,Natural disaster,201,203,Sidama,ET16,SA,Active
136934,Countrywide monitoring,Ethiopia,ETH,Sidama,ET16,Northern,ET1602,2,1988,2024-08-31T00:00:00,2024,8,37,Conflict,995,993,South West Ethiopia,ET11,SA,Active
136935,Countrywide monitoring,Ethiopia,ETH,Sidama,ET16,Northern,ET1602,2,21044,2024-08-31T00:00:00,2024,8,37,Conflict,10674,10370,Sidama,ET16,SA,Active
136920,Countrywide monitoring,Ethiopia,ETH,Oromia,ET04,West Wellega,ET0401,2,41270,2024-08-31T00:00:00,2024,8,37,Conflict,19644,21626,Benishangul-Gumuz,ET06,SA,Active
136908,Countrywide monitoring,Ethiopia,ETH,Oromia,ET04,West Wellega,ET0401,2,14663,2024-08-31T00:00:00,2024,8,37,Conflict,6902,7761,Oromia,ET04,SA,Active
136983,Countrywide monitoring,Ethiopia,ETH,Sidama,ET16,Southern,ET1604,2,1440,2024-08-31T00:00:00,2024,8,37,Conflict,704,736,South West Ethiopia,ET11,SA,Active
137014,Countrywide monitoring,Ethiopia,ETH,Tigray,ET01,Southern,ET0104,2,15485,2024-08-31T00:00:00,2024,8,37,Conflict,7370,8115,Tigray,ET01,SA,Active
138043,Countrywide monitoring,Ethiopia,ETH,Amhara,ET03,South Wello,ET0304,2,515,2024-08-31T00:00:00,2024,8,37,Conflict,255,260,Addis Ababa,ET14,SA,Active
136741,Countrywide monitoring,Ethiopia,ETH,Central Ethiopia,ET07,Hadiya,ET0702,2,733,2024-08-31T00:00:00,2024,8,37,Conflict,321,412,South Ethiopian,ET08,SA,Active
136728,Countrywide monitoring,Ethiopia,ETH,Central Ethiopia,ET07,Hadiya,ET0702,2,238,2024-08-31T00:00:00,2024,8,37,Other reason,111,127,Oromia,ET04,SA,Active
136723,Countrywide monitoring,Ethiopia,ETH,Central Ethiopia,ET07,Hadiya,ET0702,2,140,2024-08-31T00:00:00,2024,8,37,Natural disaster,68,72,Somali,ET05,SA,Active
136758,Countrywide monitoring,Ethiopia,ETH,Central Ethiopia,ET07,Hadiya,ET0702,2,2412,2024-08-31T00:00:00,2024,8,37,Conflict,1143,1269,Oromia,ET04,SA,Active
136753,Countrywide monitoring,Ethiopia,ETH,Central Ethiopia,ET07,Hadiya,ET0702,2,1698,2024-08-31T00:00:00,2024,8,37,Natural disaster,839,859,Central Ethiopia,ET07,SA,Active
136751,Countrywide monitoring,Ethiopia,ETH,Central Ethiopia,ET07,Hadiya,ET0702,2,1267,2024-08-31T00:00:00,2024,8,37,Conflict,625,642,Central Ethiopia,ET07,SA,Active
136684,Countrywide monitoring,Ethiopia,ETH,Central Ethiopia,ET07,East Guraghe,ET0704,2,7648,2024-08-31T00:00:00,2024,8,37,Conflict,3514,4134,Central Ethiopia,ET07,SA,Active
136694,Countrywide monitoring,Ethiopia,ETH,Central Ethiopia,ET07,Guraghe,ET0701,2,2198,2024-08-31T00:00:00,2024,8,37,Conflict,1054,1144,Oromia,ET04,SA,Active
136721,Countrywide monitoring,Ethiopia,ETH,Central Ethiopia,ET07,Hadiya,ET0702,2,132,2024-08-31T00:00:00,2024,8,37,Other reason,55,77,Amhara,ET03,SA,Active
136679,Countrywide monitoring,Ethiopia,ETH,Central Ethiopia,ET07,East Guraghe,ET0704,2,2277,2024-08-31T00:00:00,2024,8,37,Conflict,1091,1186,Oromia,ET04,SA,Active
